document,error
doc_0,too many values to unpack (expected 2)
doc_1,too many values to unpack (expected 2)
doc_2,too many values to unpack (expected 2)
doc_3,too many values to unpack (expected 2)
doc_4,too many values to unpack (expected 2)
doc_5,too many values to unpack (expected 2)
doc_6,too many values to unpack (expected 2)
doc_7,too many values to unpack (expected 2)
doc_8,too many values to unpack (expected 2)
doc_9,too many values to unpack (expected 2)
doc_10,too many values to unpack (expected 2)
doc_11,too many values to unpack (expected 2)
doc_12,too many values to unpack (expected 2)
doc_13,too many values to unpack (expected 2)
doc_14,too many values to unpack (expected 2)
doc_15,too many values to unpack (expected 2)
doc_16,too many values to unpack (expected 2)
doc_17,too many values to unpack (expected 2)
doc_18,too many values to unpack (expected 2)
doc_19,too many values to unpack (expected 2)
doc_20,too many values to unpack (expected 2)
doc_21,too many values to unpack (expected 2)
doc_22,too many values to unpack (expected 2)
doc_23,too many values to unpack (expected 2)
doc_24,too many values to unpack (expected 2)
doc_25,too many values to unpack (expected 2)
doc_26,too many values to unpack (expected 2)
doc_27,too many values to unpack (expected 2)
doc_28,too many values to unpack (expected 2)
doc_29,too many values to unpack (expected 2)
doc_30,too many values to unpack (expected 2)
doc_31,too many values to unpack (expected 2)
doc_32,too many values to unpack (expected 2)
doc_33,too many values to unpack (expected 2)
doc_34,too many values to unpack (expected 2)
doc_35,too many values to unpack (expected 2)
doc_36,too many values to unpack (expected 2)
doc_37,too many values to unpack (expected 2)
doc_38,too many values to unpack (expected 2)
doc_39,too many values to unpack (expected 2)
doc_40,too many values to unpack (expected 2)
doc_41,too many values to unpack (expected 2)
doc_42,too many values to unpack (expected 2)
doc_43,too many values to unpack (expected 2)
doc_44,too many values to unpack (expected 2)
doc_45,too many values to unpack (expected 2)
doc_46,too many values to unpack (expected 2)
doc_47,too many values to unpack (expected 2)
doc_48,too many values to unpack (expected 2)
doc_49,too many values to unpack (expected 2)
doc_50,too many values to unpack (expected 2)
doc_51,too many values to unpack (expected 2)
doc_52,too many values to unpack (expected 2)
doc_53,too many values to unpack (expected 2)
doc_54,too many values to unpack (expected 2)
doc_55,too many values to unpack (expected 2)
doc_56,too many values to unpack (expected 2)
doc_57,too many values to unpack (expected 2)
doc_58,too many values to unpack (expected 2)
doc_59,too many values to unpack (expected 2)
doc_60,too many values to unpack (expected 2)
doc_61,too many values to unpack (expected 2)
doc_62,too many values to unpack (expected 2)
doc_63,too many values to unpack (expected 2)
doc_64,too many values to unpack (expected 2)
doc_65,too many values to unpack (expected 2)
doc_66,too many values to unpack (expected 2)
doc_67,too many values to unpack (expected 2)
doc_68,too many values to unpack (expected 2)
doc_69,too many values to unpack (expected 2)
doc_70,too many values to unpack (expected 2)
doc_71,too many values to unpack (expected 2)
doc_72,too many values to unpack (expected 2)
doc_73,too many values to unpack (expected 2)
doc_74,too many values to unpack (expected 2)
doc_75,too many values to unpack (expected 2)
doc_76,too many values to unpack (expected 2)
doc_77,too many values to unpack (expected 2)
doc_78,too many values to unpack (expected 2)
doc_79,too many values to unpack (expected 2)
doc_80,too many values to unpack (expected 2)
doc_81,too many values to unpack (expected 2)
doc_82,too many values to unpack (expected 2)
doc_83,too many values to unpack (expected 2)
doc_84,too many values to unpack (expected 2)
doc_85,too many values to unpack (expected 2)
doc_86,too many values to unpack (expected 2)
doc_87,too many values to unpack (expected 2)
doc_88,too many values to unpack (expected 2)
doc_89,too many values to unpack (expected 2)
doc_90,too many values to unpack (expected 2)
doc_91,too many values to unpack (expected 2)
doc_92,too many values to unpack (expected 2)
doc_93,too many values to unpack (expected 2)
doc_94,too many values to unpack (expected 2)
doc_95,too many values to unpack (expected 2)
doc_96,too many values to unpack (expected 2)
doc_97,too many values to unpack (expected 2)
doc_98,too many values to unpack (expected 2)
doc_99,too many values to unpack (expected 2)
doc_100,too many values to unpack (expected 2)
doc_101,too many values to unpack (expected 2)
doc_102,too many values to unpack (expected 2)
doc_103,too many values to unpack (expected 2)
doc_104,too many values to unpack (expected 2)
doc_105,too many values to unpack (expected 2)
doc_106,too many values to unpack (expected 2)
doc_107,too many values to unpack (expected 2)
doc_108,too many values to unpack (expected 2)
doc_109,too many values to unpack (expected 2)
doc_110,too many values to unpack (expected 2)
doc_111,too many values to unpack (expected 2)
doc_112,too many values to unpack (expected 2)
doc_113,too many values to unpack (expected 2)
doc_114,too many values to unpack (expected 2)
doc_115,too many values to unpack (expected 2)
doc_116,too many values to unpack (expected 2)
doc_117,too many values to unpack (expected 2)
doc_118,too many values to unpack (expected 2)
doc_119,too many values to unpack (expected 2)
doc_120,too many values to unpack (expected 2)
doc_121,too many values to unpack (expected 2)
doc_122,too many values to unpack (expected 2)
doc_123,too many values to unpack (expected 2)
doc_124,too many values to unpack (expected 2)
doc_125,too many values to unpack (expected 2)
doc_126,too many values to unpack (expected 2)
doc_127,too many values to unpack (expected 2)
doc_128,too many values to unpack (expected 2)
doc_129,too many values to unpack (expected 2)
doc_130,too many values to unpack (expected 2)
doc_131,too many values to unpack (expected 2)
doc_132,too many values to unpack (expected 2)
doc_133,too many values to unpack (expected 2)
doc_134,too many values to unpack (expected 2)
doc_135,too many values to unpack (expected 2)
doc_136,too many values to unpack (expected 2)
doc_137,too many values to unpack (expected 2)
doc_138,too many values to unpack (expected 2)
doc_139,too many values to unpack (expected 2)
doc_140,too many values to unpack (expected 2)
doc_141,too many values to unpack (expected 2)
doc_142,too many values to unpack (expected 2)
doc_143,too many values to unpack (expected 2)
doc_144,too many values to unpack (expected 2)
doc_145,too many values to unpack (expected 2)
doc_146,too many values to unpack (expected 2)
doc_147,too many values to unpack (expected 2)
doc_148,too many values to unpack (expected 2)
doc_149,too many values to unpack (expected 2)
doc_150,too many values to unpack (expected 2)
doc_151,too many values to unpack (expected 2)
doc_152,too many values to unpack (expected 2)
doc_153,too many values to unpack (expected 2)
doc_154,too many values to unpack (expected 2)
doc_155,too many values to unpack (expected 2)
doc_156,too many values to unpack (expected 2)
doc_157,too many values to unpack (expected 2)
doc_158,too many values to unpack (expected 2)
doc_159,too many values to unpack (expected 2)
doc_160,too many values to unpack (expected 2)
doc_161,too many values to unpack (expected 2)
doc_162,too many values to unpack (expected 2)
doc_163,too many values to unpack (expected 2)
doc_164,too many values to unpack (expected 2)
doc_165,too many values to unpack (expected 2)
doc_166,too many values to unpack (expected 2)
doc_167,too many values to unpack (expected 2)
doc_168,too many values to unpack (expected 2)
doc_169,too many values to unpack (expected 2)
doc_170,too many values to unpack (expected 2)
doc_171,too many values to unpack (expected 2)
doc_172,too many values to unpack (expected 2)
doc_173,too many values to unpack (expected 2)
doc_174,too many values to unpack (expected 2)
doc_175,too many values to unpack (expected 2)
doc_176,too many values to unpack (expected 2)
doc_177,too many values to unpack (expected 2)
doc_178,too many values to unpack (expected 2)
doc_179,too many values to unpack (expected 2)
doc_180,too many values to unpack (expected 2)
doc_181,too many values to unpack (expected 2)
doc_182,too many values to unpack (expected 2)
doc_183,too many values to unpack (expected 2)
doc_184,too many values to unpack (expected 2)
doc_185,too many values to unpack (expected 2)
doc_186,too many values to unpack (expected 2)
doc_187,too many values to unpack (expected 2)
doc_188,too many values to unpack (expected 2)
doc_189,too many values to unpack (expected 2)
doc_190,too many values to unpack (expected 2)
doc_191,too many values to unpack (expected 2)
doc_192,too many values to unpack (expected 2)
doc_193,too many values to unpack (expected 2)
doc_194,too many values to unpack (expected 2)
doc_195,too many values to unpack (expected 2)
doc_196,too many values to unpack (expected 2)
doc_197,too many values to unpack (expected 2)
doc_198,too many values to unpack (expected 2)
doc_199,too many values to unpack (expected 2)
doc_200,too many values to unpack (expected 2)
doc_201,too many values to unpack (expected 2)
doc_202,too many values to unpack (expected 2)
doc_203,too many values to unpack (expected 2)
doc_204,too many values to unpack (expected 2)
doc_205,too many values to unpack (expected 2)
doc_206,too many values to unpack (expected 2)
doc_207,too many values to unpack (expected 2)
doc_208,too many values to unpack (expected 2)
doc_209,too many values to unpack (expected 2)
doc_210,too many values to unpack (expected 2)
doc_211,too many values to unpack (expected 2)
doc_212,too many values to unpack (expected 2)
doc_213,too many values to unpack (expected 2)
doc_214,too many values to unpack (expected 2)
doc_215,too many values to unpack (expected 2)
doc_216,too many values to unpack (expected 2)
doc_217,too many values to unpack (expected 2)
doc_218,too many values to unpack (expected 2)
doc_219,too many values to unpack (expected 2)
doc_220,too many values to unpack (expected 2)
doc_221,too many values to unpack (expected 2)
doc_222,too many values to unpack (expected 2)
doc_223,too many values to unpack (expected 2)
doc_224,too many values to unpack (expected 2)
doc_225,too many values to unpack (expected 2)
doc_226,too many values to unpack (expected 2)
doc_227,too many values to unpack (expected 2)
doc_228,too many values to unpack (expected 2)
doc_229,too many values to unpack (expected 2)
doc_230,too many values to unpack (expected 2)
doc_231,too many values to unpack (expected 2)
doc_232,too many values to unpack (expected 2)
doc_233,too many values to unpack (expected 2)
doc_234,too many values to unpack (expected 2)
doc_235,too many values to unpack (expected 2)
doc_236,too many values to unpack (expected 2)
doc_237,too many values to unpack (expected 2)
doc_238,too many values to unpack (expected 2)
doc_239,too many values to unpack (expected 2)
doc_240,too many values to unpack (expected 2)
doc_241,too many values to unpack (expected 2)
doc_242,too many values to unpack (expected 2)
doc_243,too many values to unpack (expected 2)
doc_244,too many values to unpack (expected 2)
doc_245,too many values to unpack (expected 2)
doc_246,too many values to unpack (expected 2)
doc_247,too many values to unpack (expected 2)
doc_248,too many values to unpack (expected 2)
doc_249,too many values to unpack (expected 2)
doc_250,too many values to unpack (expected 2)
doc_251,too many values to unpack (expected 2)
doc_252,too many values to unpack (expected 2)
doc_253,too many values to unpack (expected 2)
doc_254,too many values to unpack (expected 2)
doc_255,too many values to unpack (expected 2)
doc_256,too many values to unpack (expected 2)
doc_257,too many values to unpack (expected 2)
doc_258,too many values to unpack (expected 2)
doc_259,too many values to unpack (expected 2)
doc_260,too many values to unpack (expected 2)
doc_261,too many values to unpack (expected 2)
doc_262,too many values to unpack (expected 2)
doc_263,too many values to unpack (expected 2)
doc_264,too many values to unpack (expected 2)
doc_265,too many values to unpack (expected 2)
doc_266,too many values to unpack (expected 2)
doc_267,too many values to unpack (expected 2)
doc_268,too many values to unpack (expected 2)
doc_269,too many values to unpack (expected 2)
doc_270,too many values to unpack (expected 2)
doc_271,too many values to unpack (expected 2)
doc_272,too many values to unpack (expected 2)
doc_273,too many values to unpack (expected 2)
doc_274,too many values to unpack (expected 2)
doc_275,too many values to unpack (expected 2)
doc_276,too many values to unpack (expected 2)
doc_277,too many values to unpack (expected 2)
doc_278,too many values to unpack (expected 2)
doc_279,too many values to unpack (expected 2)
doc_280,too many values to unpack (expected 2)
doc_281,too many values to unpack (expected 2)
doc_282,too many values to unpack (expected 2)
doc_283,too many values to unpack (expected 2)
doc_284,too many values to unpack (expected 2)
doc_285,too many values to unpack (expected 2)
doc_286,too many values to unpack (expected 2)
doc_287,too many values to unpack (expected 2)
doc_288,too many values to unpack (expected 2)
doc_289,too many values to unpack (expected 2)
doc_290,too many values to unpack (expected 2)
doc_291,too many values to unpack (expected 2)
doc_292,too many values to unpack (expected 2)
doc_293,too many values to unpack (expected 2)
doc_294,too many values to unpack (expected 2)
doc_295,too many values to unpack (expected 2)
doc_296,too many values to unpack (expected 2)
doc_297,too many values to unpack (expected 2)
doc_298,too many values to unpack (expected 2)
doc_299,too many values to unpack (expected 2)
doc_300,too many values to unpack (expected 2)
doc_301,too many values to unpack (expected 2)
doc_302,too many values to unpack (expected 2)
doc_303,too many values to unpack (expected 2)
doc_304,too many values to unpack (expected 2)
doc_305,too many values to unpack (expected 2)
doc_306,too many values to unpack (expected 2)
doc_307,too many values to unpack (expected 2)
doc_308,too many values to unpack (expected 2)
doc_309,too many values to unpack (expected 2)
doc_310,too many values to unpack (expected 2)
doc_311,too many values to unpack (expected 2)
doc_312,too many values to unpack (expected 2)
doc_313,too many values to unpack (expected 2)
doc_314,too many values to unpack (expected 2)
doc_315,too many values to unpack (expected 2)
doc_316,too many values to unpack (expected 2)
doc_317,too many values to unpack (expected 2)
doc_318,too many values to unpack (expected 2)
doc_319,too many values to unpack (expected 2)
doc_320,too many values to unpack (expected 2)
doc_321,too many values to unpack (expected 2)
doc_322,too many values to unpack (expected 2)
doc_323,too many values to unpack (expected 2)
doc_324,too many values to unpack (expected 2)
doc_325,too many values to unpack (expected 2)
doc_326,too many values to unpack (expected 2)
doc_327,too many values to unpack (expected 2)
doc_328,too many values to unpack (expected 2)
doc_329,too many values to unpack (expected 2)
doc_330,too many values to unpack (expected 2)
doc_331,too many values to unpack (expected 2)
doc_332,too many values to unpack (expected 2)
doc_333,too many values to unpack (expected 2)
doc_334,too many values to unpack (expected 2)
doc_335,too many values to unpack (expected 2)
doc_336,too many values to unpack (expected 2)
doc_337,too many values to unpack (expected 2)
doc_338,too many values to unpack (expected 2)
doc_339,too many values to unpack (expected 2)
doc_340,too many values to unpack (expected 2)
doc_341,too many values to unpack (expected 2)
doc_342,too many values to unpack (expected 2)
doc_343,too many values to unpack (expected 2)
doc_344,too many values to unpack (expected 2)
doc_345,too many values to unpack (expected 2)
doc_346,too many values to unpack (expected 2)
doc_347,too many values to unpack (expected 2)
doc_348,too many values to unpack (expected 2)
doc_349,too many values to unpack (expected 2)
doc_350,too many values to unpack (expected 2)
doc_351,too many values to unpack (expected 2)
doc_352,too many values to unpack (expected 2)
doc_353,too many values to unpack (expected 2)
doc_354,too many values to unpack (expected 2)
doc_355,too many values to unpack (expected 2)
doc_356,too many values to unpack (expected 2)
doc_357,too many values to unpack (expected 2)
doc_358,too many values to unpack (expected 2)
doc_359,too many values to unpack (expected 2)
doc_360,too many values to unpack (expected 2)
doc_361,too many values to unpack (expected 2)
doc_362,too many values to unpack (expected 2)
doc_363,too many values to unpack (expected 2)
doc_364,too many values to unpack (expected 2)
doc_365,too many values to unpack (expected 2)
doc_366,too many values to unpack (expected 2)
doc_367,too many values to unpack (expected 2)
doc_368,too many values to unpack (expected 2)
doc_369,too many values to unpack (expected 2)
doc_370,too many values to unpack (expected 2)
doc_371,too many values to unpack (expected 2)
doc_372,too many values to unpack (expected 2)
doc_373,too many values to unpack (expected 2)
doc_374,too many values to unpack (expected 2)
doc_375,too many values to unpack (expected 2)
doc_376,too many values to unpack (expected 2)
doc_377,too many values to unpack (expected 2)
doc_378,too many values to unpack (expected 2)
doc_379,too many values to unpack (expected 2)
doc_380,too many values to unpack (expected 2)
doc_381,too many values to unpack (expected 2)
doc_382,too many values to unpack (expected 2)
doc_383,too many values to unpack (expected 2)
doc_384,too many values to unpack (expected 2)
doc_385,too many values to unpack (expected 2)
doc_386,too many values to unpack (expected 2)
doc_387,too many values to unpack (expected 2)
doc_388,too many values to unpack (expected 2)
doc_389,too many values to unpack (expected 2)
doc_390,too many values to unpack (expected 2)
doc_391,too many values to unpack (expected 2)
doc_392,too many values to unpack (expected 2)
doc_393,too many values to unpack (expected 2)
doc_394,too many values to unpack (expected 2)
doc_395,too many values to unpack (expected 2)
doc_396,too many values to unpack (expected 2)
doc_397,too many values to unpack (expected 2)
doc_398,too many values to unpack (expected 2)
doc_399,too many values to unpack (expected 2)
doc_400,too many values to unpack (expected 2)
doc_401,too many values to unpack (expected 2)
doc_402,too many values to unpack (expected 2)
doc_403,too many values to unpack (expected 2)
doc_404,too many values to unpack (expected 2)
doc_405,too many values to unpack (expected 2)
doc_406,too many values to unpack (expected 2)
doc_407,too many values to unpack (expected 2)
doc_408,too many values to unpack (expected 2)
doc_409,too many values to unpack (expected 2)
doc_410,too many values to unpack (expected 2)
doc_411,too many values to unpack (expected 2)
doc_412,too many values to unpack (expected 2)
doc_413,too many values to unpack (expected 2)
doc_414,too many values to unpack (expected 2)
doc_415,too many values to unpack (expected 2)
doc_416,too many values to unpack (expected 2)
doc_417,too many values to unpack (expected 2)
doc_418,too many values to unpack (expected 2)
doc_419,too many values to unpack (expected 2)
doc_420,too many values to unpack (expected 2)
doc_421,too many values to unpack (expected 2)
doc_422,too many values to unpack (expected 2)
doc_423,too many values to unpack (expected 2)
doc_424,too many values to unpack (expected 2)
doc_425,too many values to unpack (expected 2)
doc_426,too many values to unpack (expected 2)
doc_427,too many values to unpack (expected 2)
doc_428,too many values to unpack (expected 2)
doc_429,too many values to unpack (expected 2)
doc_430,too many values to unpack (expected 2)
doc_431,too many values to unpack (expected 2)
doc_432,too many values to unpack (expected 2)
doc_433,too many values to unpack (expected 2)
doc_434,too many values to unpack (expected 2)
doc_435,too many values to unpack (expected 2)
doc_436,too many values to unpack (expected 2)
doc_437,too many values to unpack (expected 2)
doc_438,too many values to unpack (expected 2)
doc_439,too many values to unpack (expected 2)
doc_440,too many values to unpack (expected 2)
doc_441,too many values to unpack (expected 2)
doc_442,too many values to unpack (expected 2)
doc_443,too many values to unpack (expected 2)
doc_444,too many values to unpack (expected 2)
doc_445,too many values to unpack (expected 2)
doc_446,too many values to unpack (expected 2)
doc_447,too many values to unpack (expected 2)
doc_448,too many values to unpack (expected 2)
doc_449,too many values to unpack (expected 2)
doc_450,too many values to unpack (expected 2)
doc_451,too many values to unpack (expected 2)
doc_452,too many values to unpack (expected 2)
doc_453,too many values to unpack (expected 2)
doc_454,too many values to unpack (expected 2)
doc_455,too many values to unpack (expected 2)
doc_456,too many values to unpack (expected 2)
doc_457,too many values to unpack (expected 2)
doc_458,too many values to unpack (expected 2)
doc_459,too many values to unpack (expected 2)
doc_460,too many values to unpack (expected 2)
doc_461,too many values to unpack (expected 2)
doc_462,too many values to unpack (expected 2)
doc_463,too many values to unpack (expected 2)
doc_464,too many values to unpack (expected 2)
doc_465,too many values to unpack (expected 2)
doc_466,too many values to unpack (expected 2)
doc_467,too many values to unpack (expected 2)
doc_468,too many values to unpack (expected 2)
doc_469,too many values to unpack (expected 2)
doc_470,too many values to unpack (expected 2)
doc_471,too many values to unpack (expected 2)
doc_472,too many values to unpack (expected 2)
doc_473,too many values to unpack (expected 2)
doc_474,too many values to unpack (expected 2)
doc_475,too many values to unpack (expected 2)
doc_476,too many values to unpack (expected 2)
doc_477,too many values to unpack (expected 2)
doc_478,too many values to unpack (expected 2)
doc_479,too many values to unpack (expected 2)
doc_480,too many values to unpack (expected 2)
doc_481,too many values to unpack (expected 2)
doc_482,too many values to unpack (expected 2)
doc_483,too many values to unpack (expected 2)
doc_484,too many values to unpack (expected 2)
doc_485,too many values to unpack (expected 2)
doc_486,too many values to unpack (expected 2)
doc_487,too many values to unpack (expected 2)
doc_488,too many values to unpack (expected 2)
doc_489,too many values to unpack (expected 2)
doc_490,too many values to unpack (expected 2)
doc_491,too many values to unpack (expected 2)
doc_492,too many values to unpack (expected 2)
doc_493,too many values to unpack (expected 2)
doc_494,too many values to unpack (expected 2)
doc_495,too many values to unpack (expected 2)
doc_496,too many values to unpack (expected 2)
doc_497,too many values to unpack (expected 2)
doc_498,too many values to unpack (expected 2)
doc_499,too many values to unpack (expected 2)
doc_500,too many values to unpack (expected 2)
doc_501,too many values to unpack (expected 2)
doc_502,too many values to unpack (expected 2)
doc_503,too many values to unpack (expected 2)
doc_504,too many values to unpack (expected 2)
doc_505,too many values to unpack (expected 2)
doc_506,too many values to unpack (expected 2)
doc_507,too many values to unpack (expected 2)
doc_508,too many values to unpack (expected 2)
doc_509,too many values to unpack (expected 2)
doc_510,too many values to unpack (expected 2)
doc_511,too many values to unpack (expected 2)
doc_512,too many values to unpack (expected 2)
doc_513,too many values to unpack (expected 2)
doc_514,too many values to unpack (expected 2)
doc_515,too many values to unpack (expected 2)
doc_516,too many values to unpack (expected 2)
doc_517,too many values to unpack (expected 2)
doc_518,too many values to unpack (expected 2)
doc_519,too many values to unpack (expected 2)
doc_520,too many values to unpack (expected 2)
doc_521,too many values to unpack (expected 2)
doc_522,too many values to unpack (expected 2)
doc_523,too many values to unpack (expected 2)
doc_524,too many values to unpack (expected 2)
doc_525,too many values to unpack (expected 2)
doc_526,too many values to unpack (expected 2)
doc_527,too many values to unpack (expected 2)
doc_528,too many values to unpack (expected 2)
doc_529,too many values to unpack (expected 2)
doc_530,too many values to unpack (expected 2)
doc_531,too many values to unpack (expected 2)
doc_532,too many values to unpack (expected 2)
doc_533,too many values to unpack (expected 2)
doc_534,too many values to unpack (expected 2)
doc_535,too many values to unpack (expected 2)
doc_536,too many values to unpack (expected 2)
doc_537,too many values to unpack (expected 2)
doc_538,too many values to unpack (expected 2)
doc_539,too many values to unpack (expected 2)
doc_540,too many values to unpack (expected 2)
doc_541,too many values to unpack (expected 2)
doc_542,too many values to unpack (expected 2)
doc_543,too many values to unpack (expected 2)
doc_544,too many values to unpack (expected 2)
doc_545,too many values to unpack (expected 2)
doc_546,too many values to unpack (expected 2)
doc_547,too many values to unpack (expected 2)
doc_548,too many values to unpack (expected 2)
doc_549,too many values to unpack (expected 2)
doc_550,too many values to unpack (expected 2)
doc_551,too many values to unpack (expected 2)
doc_552,too many values to unpack (expected 2)
doc_553,too many values to unpack (expected 2)
doc_554,too many values to unpack (expected 2)
doc_555,too many values to unpack (expected 2)
doc_556,too many values to unpack (expected 2)
doc_557,too many values to unpack (expected 2)
doc_558,too many values to unpack (expected 2)
doc_559,too many values to unpack (expected 2)
doc_560,too many values to unpack (expected 2)
doc_561,too many values to unpack (expected 2)
doc_562,too many values to unpack (expected 2)
doc_563,too many values to unpack (expected 2)
doc_564,too many values to unpack (expected 2)
doc_565,too many values to unpack (expected 2)
doc_566,too many values to unpack (expected 2)
doc_567,too many values to unpack (expected 2)
doc_568,too many values to unpack (expected 2)
doc_569,too many values to unpack (expected 2)
doc_570,too many values to unpack (expected 2)
doc_571,too many values to unpack (expected 2)
doc_572,too many values to unpack (expected 2)
doc_573,too many values to unpack (expected 2)
doc_574,too many values to unpack (expected 2)
doc_575,too many values to unpack (expected 2)
doc_576,too many values to unpack (expected 2)
doc_577,too many values to unpack (expected 2)
doc_578,too many values to unpack (expected 2)
doc_579,too many values to unpack (expected 2)
doc_580,too many values to unpack (expected 2)
doc_581,too many values to unpack (expected 2)
doc_582,too many values to unpack (expected 2)
doc_583,too many values to unpack (expected 2)
doc_584,too many values to unpack (expected 2)
doc_585,too many values to unpack (expected 2)
doc_586,too many values to unpack (expected 2)
doc_587,too many values to unpack (expected 2)
doc_588,too many values to unpack (expected 2)
doc_589,too many values to unpack (expected 2)
doc_590,too many values to unpack (expected 2)
doc_591,too many values to unpack (expected 2)
doc_592,too many values to unpack (expected 2)
doc_593,too many values to unpack (expected 2)
doc_594,too many values to unpack (expected 2)
doc_595,too many values to unpack (expected 2)
doc_596,too many values to unpack (expected 2)
doc_597,too many values to unpack (expected 2)
doc_598,too many values to unpack (expected 2)
doc_599,too many values to unpack (expected 2)
doc_600,too many values to unpack (expected 2)
doc_601,too many values to unpack (expected 2)
doc_602,too many values to unpack (expected 2)
doc_603,too many values to unpack (expected 2)
doc_604,too many values to unpack (expected 2)
doc_605,too many values to unpack (expected 2)
doc_606,too many values to unpack (expected 2)
doc_607,too many values to unpack (expected 2)
doc_608,too many values to unpack (expected 2)
doc_609,too many values to unpack (expected 2)
doc_610,too many values to unpack (expected 2)
doc_611,too many values to unpack (expected 2)
doc_612,too many values to unpack (expected 2)
doc_613,too many values to unpack (expected 2)
doc_614,too many values to unpack (expected 2)
doc_615,too many values to unpack (expected 2)
doc_616,too many values to unpack (expected 2)
doc_617,too many values to unpack (expected 2)
doc_618,too many values to unpack (expected 2)
doc_619,too many values to unpack (expected 2)
doc_620,too many values to unpack (expected 2)
doc_621,too many values to unpack (expected 2)
doc_622,too many values to unpack (expected 2)
doc_623,too many values to unpack (expected 2)
doc_624,too many values to unpack (expected 2)
doc_625,too many values to unpack (expected 2)
doc_626,too many values to unpack (expected 2)
doc_627,too many values to unpack (expected 2)
doc_628,too many values to unpack (expected 2)
doc_629,too many values to unpack (expected 2)
doc_630,too many values to unpack (expected 2)
doc_631,too many values to unpack (expected 2)
doc_632,too many values to unpack (expected 2)
doc_633,too many values to unpack (expected 2)
doc_634,too many values to unpack (expected 2)
doc_635,too many values to unpack (expected 2)
doc_636,too many values to unpack (expected 2)
doc_637,too many values to unpack (expected 2)
doc_638,too many values to unpack (expected 2)
doc_639,too many values to unpack (expected 2)
doc_640,too many values to unpack (expected 2)
doc_641,too many values to unpack (expected 2)
doc_642,too many values to unpack (expected 2)
doc_643,too many values to unpack (expected 2)
doc_644,too many values to unpack (expected 2)
doc_645,too many values to unpack (expected 2)
doc_646,too many values to unpack (expected 2)
doc_647,too many values to unpack (expected 2)
doc_648,too many values to unpack (expected 2)
doc_649,too many values to unpack (expected 2)
doc_650,too many values to unpack (expected 2)
doc_651,too many values to unpack (expected 2)
doc_652,too many values to unpack (expected 2)
doc_653,too many values to unpack (expected 2)
doc_654,too many values to unpack (expected 2)
doc_655,too many values to unpack (expected 2)
doc_656,too many values to unpack (expected 2)
doc_657,too many values to unpack (expected 2)
doc_658,too many values to unpack (expected 2)
doc_659,too many values to unpack (expected 2)
doc_660,too many values to unpack (expected 2)
doc_661,too many values to unpack (expected 2)
doc_662,too many values to unpack (expected 2)
doc_663,too many values to unpack (expected 2)
doc_664,too many values to unpack (expected 2)
doc_665,too many values to unpack (expected 2)
doc_666,too many values to unpack (expected 2)
doc_667,too many values to unpack (expected 2)
doc_668,too many values to unpack (expected 2)
doc_669,too many values to unpack (expected 2)
doc_670,too many values to unpack (expected 2)
doc_671,too many values to unpack (expected 2)
doc_672,too many values to unpack (expected 2)
doc_673,too many values to unpack (expected 2)
doc_674,too many values to unpack (expected 2)
doc_675,too many values to unpack (expected 2)
doc_676,too many values to unpack (expected 2)
doc_677,too many values to unpack (expected 2)
doc_678,too many values to unpack (expected 2)
doc_679,too many values to unpack (expected 2)
doc_680,too many values to unpack (expected 2)
doc_681,too many values to unpack (expected 2)
doc_682,too many values to unpack (expected 2)
doc_683,too many values to unpack (expected 2)
doc_684,too many values to unpack (expected 2)
doc_685,too many values to unpack (expected 2)
doc_686,too many values to unpack (expected 2)
doc_687,too many values to unpack (expected 2)
doc_688,too many values to unpack (expected 2)
doc_689,too many values to unpack (expected 2)
doc_690,too many values to unpack (expected 2)
doc_691,too many values to unpack (expected 2)
doc_692,too many values to unpack (expected 2)
doc_693,too many values to unpack (expected 2)
doc_694,too many values to unpack (expected 2)
doc_695,too many values to unpack (expected 2)
doc_696,too many values to unpack (expected 2)
doc_697,too many values to unpack (expected 2)
doc_698,too many values to unpack (expected 2)
doc_699,too many values to unpack (expected 2)
doc_700,too many values to unpack (expected 2)
doc_701,too many values to unpack (expected 2)
doc_702,too many values to unpack (expected 2)
doc_703,too many values to unpack (expected 2)
doc_704,too many values to unpack (expected 2)
doc_705,too many values to unpack (expected 2)
doc_706,too many values to unpack (expected 2)
doc_707,too many values to unpack (expected 2)
doc_708,too many values to unpack (expected 2)
doc_709,too many values to unpack (expected 2)
doc_710,too many values to unpack (expected 2)
doc_711,too many values to unpack (expected 2)
doc_712,too many values to unpack (expected 2)
doc_713,too many values to unpack (expected 2)
doc_714,too many values to unpack (expected 2)
doc_715,too many values to unpack (expected 2)
doc_716,too many values to unpack (expected 2)
doc_717,too many values to unpack (expected 2)
doc_718,too many values to unpack (expected 2)
doc_719,too many values to unpack (expected 2)
doc_720,too many values to unpack (expected 2)
doc_721,too many values to unpack (expected 2)
doc_722,too many values to unpack (expected 2)
doc_723,too many values to unpack (expected 2)
doc_724,too many values to unpack (expected 2)
doc_725,too many values to unpack (expected 2)
doc_726,too many values to unpack (expected 2)
doc_727,too many values to unpack (expected 2)
doc_728,too many values to unpack (expected 2)
doc_729,too many values to unpack (expected 2)
doc_730,too many values to unpack (expected 2)
doc_731,too many values to unpack (expected 2)
doc_732,too many values to unpack (expected 2)
doc_733,too many values to unpack (expected 2)
doc_734,too many values to unpack (expected 2)
doc_735,too many values to unpack (expected 2)
doc_736,too many values to unpack (expected 2)
doc_737,too many values to unpack (expected 2)
doc_738,too many values to unpack (expected 2)
doc_739,too many values to unpack (expected 2)
doc_740,too many values to unpack (expected 2)
doc_741,too many values to unpack (expected 2)
doc_742,too many values to unpack (expected 2)
doc_743,too many values to unpack (expected 2)
doc_744,too many values to unpack (expected 2)
doc_745,too many values to unpack (expected 2)
doc_746,too many values to unpack (expected 2)
doc_747,too many values to unpack (expected 2)
doc_748,too many values to unpack (expected 2)
doc_749,too many values to unpack (expected 2)
doc_750,too many values to unpack (expected 2)
doc_751,too many values to unpack (expected 2)
doc_752,too many values to unpack (expected 2)
doc_753,too many values to unpack (expected 2)
doc_754,too many values to unpack (expected 2)
doc_755,too many values to unpack (expected 2)
doc_756,too many values to unpack (expected 2)
doc_757,too many values to unpack (expected 2)
doc_758,too many values to unpack (expected 2)
doc_759,too many values to unpack (expected 2)
doc_760,too many values to unpack (expected 2)
doc_761,too many values to unpack (expected 2)
doc_762,too many values to unpack (expected 2)
doc_763,too many values to unpack (expected 2)
doc_764,too many values to unpack (expected 2)
doc_765,too many values to unpack (expected 2)
doc_766,too many values to unpack (expected 2)
doc_767,too many values to unpack (expected 2)
doc_768,too many values to unpack (expected 2)
doc_769,too many values to unpack (expected 2)
doc_770,too many values to unpack (expected 2)
doc_771,too many values to unpack (expected 2)
doc_772,too many values to unpack (expected 2)
doc_773,too many values to unpack (expected 2)
doc_774,too many values to unpack (expected 2)
doc_775,too many values to unpack (expected 2)
doc_776,too many values to unpack (expected 2)
doc_777,too many values to unpack (expected 2)
doc_778,too many values to unpack (expected 2)
doc_779,too many values to unpack (expected 2)
doc_780,too many values to unpack (expected 2)
doc_781,too many values to unpack (expected 2)
doc_782,too many values to unpack (expected 2)
doc_783,too many values to unpack (expected 2)
doc_784,too many values to unpack (expected 2)
doc_785,too many values to unpack (expected 2)
doc_786,too many values to unpack (expected 2)
doc_787,too many values to unpack (expected 2)
doc_788,too many values to unpack (expected 2)
doc_789,too many values to unpack (expected 2)
doc_790,too many values to unpack (expected 2)
doc_791,too many values to unpack (expected 2)
doc_792,too many values to unpack (expected 2)
doc_793,too many values to unpack (expected 2)
doc_794,too many values to unpack (expected 2)
doc_795,too many values to unpack (expected 2)
doc_796,too many values to unpack (expected 2)
doc_797,too many values to unpack (expected 2)
doc_798,too many values to unpack (expected 2)
doc_799,too many values to unpack (expected 2)
doc_800,too many values to unpack (expected 2)
doc_801,too many values to unpack (expected 2)
doc_802,too many values to unpack (expected 2)
doc_803,too many values to unpack (expected 2)
doc_804,too many values to unpack (expected 2)
doc_805,too many values to unpack (expected 2)
doc_806,too many values to unpack (expected 2)
doc_807,too many values to unpack (expected 2)
doc_808,too many values to unpack (expected 2)
doc_809,too many values to unpack (expected 2)
doc_810,too many values to unpack (expected 2)
doc_811,too many values to unpack (expected 2)
doc_812,too many values to unpack (expected 2)
doc_813,too many values to unpack (expected 2)
doc_814,too many values to unpack (expected 2)
doc_815,too many values to unpack (expected 2)
doc_816,too many values to unpack (expected 2)
doc_817,too many values to unpack (expected 2)
doc_818,too many values to unpack (expected 2)
doc_819,too many values to unpack (expected 2)
doc_820,too many values to unpack (expected 2)
doc_821,too many values to unpack (expected 2)
doc_822,too many values to unpack (expected 2)
doc_823,too many values to unpack (expected 2)
doc_824,too many values to unpack (expected 2)
doc_825,too many values to unpack (expected 2)
doc_826,too many values to unpack (expected 2)
doc_827,too many values to unpack (expected 2)
doc_828,too many values to unpack (expected 2)
doc_829,too many values to unpack (expected 2)
doc_830,too many values to unpack (expected 2)
doc_831,too many values to unpack (expected 2)
doc_832,too many values to unpack (expected 2)
doc_833,too many values to unpack (expected 2)
doc_834,too many values to unpack (expected 2)
doc_835,too many values to unpack (expected 2)
doc_836,too many values to unpack (expected 2)
doc_837,too many values to unpack (expected 2)
doc_838,too many values to unpack (expected 2)
doc_839,too many values to unpack (expected 2)
doc_840,too many values to unpack (expected 2)
doc_841,too many values to unpack (expected 2)
doc_842,too many values to unpack (expected 2)
doc_843,too many values to unpack (expected 2)
doc_844,too many values to unpack (expected 2)
doc_845,too many values to unpack (expected 2)
doc_846,too many values to unpack (expected 2)
doc_847,too many values to unpack (expected 2)
doc_848,too many values to unpack (expected 2)
doc_849,too many values to unpack (expected 2)
doc_850,too many values to unpack (expected 2)
doc_851,too many values to unpack (expected 2)
doc_852,too many values to unpack (expected 2)
doc_853,too many values to unpack (expected 2)
doc_854,too many values to unpack (expected 2)
doc_855,too many values to unpack (expected 2)
doc_856,too many values to unpack (expected 2)
doc_857,too many values to unpack (expected 2)
doc_858,too many values to unpack (expected 2)
doc_859,too many values to unpack (expected 2)
doc_860,too many values to unpack (expected 2)
doc_861,too many values to unpack (expected 2)
doc_862,too many values to unpack (expected 2)
doc_863,too many values to unpack (expected 2)
doc_864,too many values to unpack (expected 2)
doc_865,too many values to unpack (expected 2)
doc_866,too many values to unpack (expected 2)
doc_867,too many values to unpack (expected 2)
doc_868,too many values to unpack (expected 2)
doc_869,too many values to unpack (expected 2)
doc_870,too many values to unpack (expected 2)
doc_871,too many values to unpack (expected 2)
doc_872,too many values to unpack (expected 2)
doc_873,too many values to unpack (expected 2)
doc_874,too many values to unpack (expected 2)
doc_875,too many values to unpack (expected 2)
doc_876,too many values to unpack (expected 2)
doc_877,too many values to unpack (expected 2)
doc_878,too many values to unpack (expected 2)
doc_879,too many values to unpack (expected 2)
doc_880,too many values to unpack (expected 2)
doc_881,too many values to unpack (expected 2)
doc_882,too many values to unpack (expected 2)
doc_883,too many values to unpack (expected 2)
doc_884,too many values to unpack (expected 2)
doc_885,too many values to unpack (expected 2)
doc_886,too many values to unpack (expected 2)
doc_887,too many values to unpack (expected 2)
doc_888,too many values to unpack (expected 2)
doc_889,too many values to unpack (expected 2)
doc_890,too many values to unpack (expected 2)
doc_891,too many values to unpack (expected 2)
doc_892,too many values to unpack (expected 2)
doc_893,too many values to unpack (expected 2)
doc_894,too many values to unpack (expected 2)
doc_895,too many values to unpack (expected 2)
doc_896,too many values to unpack (expected 2)
doc_897,too many values to unpack (expected 2)
doc_898,too many values to unpack (expected 2)
doc_899,too many values to unpack (expected 2)
doc_900,too many values to unpack (expected 2)
doc_901,too many values to unpack (expected 2)
doc_902,too many values to unpack (expected 2)
doc_903,too many values to unpack (expected 2)
doc_904,too many values to unpack (expected 2)
doc_905,too many values to unpack (expected 2)
doc_906,too many values to unpack (expected 2)
doc_907,too many values to unpack (expected 2)
doc_908,too many values to unpack (expected 2)
doc_909,too many values to unpack (expected 2)
doc_910,too many values to unpack (expected 2)
doc_911,too many values to unpack (expected 2)
doc_912,too many values to unpack (expected 2)
doc_913,too many values to unpack (expected 2)
doc_914,too many values to unpack (expected 2)
doc_915,too many values to unpack (expected 2)
doc_916,too many values to unpack (expected 2)
doc_917,too many values to unpack (expected 2)
doc_918,too many values to unpack (expected 2)
doc_919,too many values to unpack (expected 2)
doc_920,too many values to unpack (expected 2)
doc_921,too many values to unpack (expected 2)
doc_922,too many values to unpack (expected 2)
doc_923,too many values to unpack (expected 2)
doc_924,too many values to unpack (expected 2)
doc_925,too many values to unpack (expected 2)
doc_926,too many values to unpack (expected 2)
doc_927,too many values to unpack (expected 2)
doc_928,too many values to unpack (expected 2)
doc_929,too many values to unpack (expected 2)
doc_930,too many values to unpack (expected 2)
doc_931,too many values to unpack (expected 2)
doc_932,too many values to unpack (expected 2)
doc_933,too many values to unpack (expected 2)
doc_934,too many values to unpack (expected 2)
doc_935,too many values to unpack (expected 2)
doc_936,too many values to unpack (expected 2)
doc_937,too many values to unpack (expected 2)
doc_938,too many values to unpack (expected 2)
doc_939,too many values to unpack (expected 2)
doc_940,too many values to unpack (expected 2)
doc_941,too many values to unpack (expected 2)
doc_942,too many values to unpack (expected 2)
doc_943,too many values to unpack (expected 2)
doc_944,too many values to unpack (expected 2)
doc_945,too many values to unpack (expected 2)
doc_946,too many values to unpack (expected 2)
doc_947,too many values to unpack (expected 2)
doc_948,too many values to unpack (expected 2)
doc_949,too many values to unpack (expected 2)
doc_950,too many values to unpack (expected 2)
doc_951,too many values to unpack (expected 2)
doc_952,too many values to unpack (expected 2)
doc_953,too many values to unpack (expected 2)
doc_954,too many values to unpack (expected 2)
doc_955,too many values to unpack (expected 2)
doc_956,too many values to unpack (expected 2)
doc_957,too many values to unpack (expected 2)
doc_958,too many values to unpack (expected 2)
doc_959,too many values to unpack (expected 2)
doc_960,too many values to unpack (expected 2)
doc_961,too many values to unpack (expected 2)
doc_962,too many values to unpack (expected 2)
doc_963,too many values to unpack (expected 2)
doc_964,too many values to unpack (expected 2)
doc_965,too many values to unpack (expected 2)
doc_966,too many values to unpack (expected 2)
doc_967,too many values to unpack (expected 2)
doc_968,too many values to unpack (expected 2)
doc_969,too many values to unpack (expected 2)
doc_970,too many values to unpack (expected 2)
doc_971,too many values to unpack (expected 2)
doc_972,too many values to unpack (expected 2)
doc_973,too many values to unpack (expected 2)
doc_974,too many values to unpack (expected 2)
doc_975,too many values to unpack (expected 2)
doc_976,too many values to unpack (expected 2)
doc_977,too many values to unpack (expected 2)
doc_978,too many values to unpack (expected 2)
doc_979,too many values to unpack (expected 2)
doc_980,too many values to unpack (expected 2)
doc_981,too many values to unpack (expected 2)
doc_982,too many values to unpack (expected 2)
doc_983,too many values to unpack (expected 2)
doc_984,too many values to unpack (expected 2)
doc_985,too many values to unpack (expected 2)
doc_986,too many values to unpack (expected 2)
doc_987,too many values to unpack (expected 2)
doc_988,too many values to unpack (expected 2)
doc_989,too many values to unpack (expected 2)
doc_990,too many values to unpack (expected 2)
doc_991,too many values to unpack (expected 2)
doc_992,too many values to unpack (expected 2)
doc_993,too many values to unpack (expected 2)
doc_994,too many values to unpack (expected 2)
doc_995,too many values to unpack (expected 2)
doc_996,too many values to unpack (expected 2)
doc_997,too many values to unpack (expected 2)
doc_998,too many values to unpack (expected 2)
doc_999,too many values to unpack (expected 2)
doc_1000,too many values to unpack (expected 2)
doc_1001,too many values to unpack (expected 2)
doc_1002,too many values to unpack (expected 2)
doc_1003,too many values to unpack (expected 2)
doc_1004,too many values to unpack (expected 2)
doc_1005,too many values to unpack (expected 2)
doc_1006,too many values to unpack (expected 2)
doc_1007,too many values to unpack (expected 2)
doc_1008,too many values to unpack (expected 2)
doc_1009,too many values to unpack (expected 2)
doc_1010,too many values to unpack (expected 2)
doc_1011,too many values to unpack (expected 2)
doc_1012,too many values to unpack (expected 2)
doc_1013,too many values to unpack (expected 2)
doc_1014,too many values to unpack (expected 2)
doc_1015,too many values to unpack (expected 2)
doc_1016,too many values to unpack (expected 2)
doc_1017,too many values to unpack (expected 2)
doc_1018,too many values to unpack (expected 2)
doc_1019,too many values to unpack (expected 2)
doc_1020,too many values to unpack (expected 2)
doc_1021,too many values to unpack (expected 2)
doc_1022,too many values to unpack (expected 2)
doc_1023,too many values to unpack (expected 2)
doc_1024,too many values to unpack (expected 2)
doc_1025,too many values to unpack (expected 2)
doc_1026,too many values to unpack (expected 2)
doc_1027,too many values to unpack (expected 2)
doc_1028,too many values to unpack (expected 2)
doc_1029,too many values to unpack (expected 2)
doc_1030,too many values to unpack (expected 2)
doc_1031,too many values to unpack (expected 2)
doc_1032,too many values to unpack (expected 2)
doc_1033,too many values to unpack (expected 2)
doc_1034,too many values to unpack (expected 2)
doc_1035,too many values to unpack (expected 2)
doc_1036,too many values to unpack (expected 2)
doc_1037,too many values to unpack (expected 2)
doc_1038,too many values to unpack (expected 2)
doc_1039,too many values to unpack (expected 2)
doc_1040,too many values to unpack (expected 2)
doc_1041,too many values to unpack (expected 2)
doc_1042,too many values to unpack (expected 2)
doc_1043,too many values to unpack (expected 2)
doc_1044,too many values to unpack (expected 2)
doc_1045,too many values to unpack (expected 2)
doc_1046,too many values to unpack (expected 2)
doc_1047,too many values to unpack (expected 2)
doc_1048,too many values to unpack (expected 2)
doc_1049,too many values to unpack (expected 2)
doc_1050,too many values to unpack (expected 2)
doc_1051,too many values to unpack (expected 2)
doc_1052,too many values to unpack (expected 2)
doc_1053,too many values to unpack (expected 2)
doc_1054,too many values to unpack (expected 2)
doc_1055,too many values to unpack (expected 2)
doc_1056,too many values to unpack (expected 2)
doc_1057,too many values to unpack (expected 2)
doc_1058,too many values to unpack (expected 2)
doc_1059,too many values to unpack (expected 2)
doc_1060,too many values to unpack (expected 2)
doc_1061,too many values to unpack (expected 2)
doc_1062,too many values to unpack (expected 2)
doc_1063,too many values to unpack (expected 2)
doc_1064,too many values to unpack (expected 2)
doc_1065,too many values to unpack (expected 2)
doc_1066,too many values to unpack (expected 2)
doc_1067,too many values to unpack (expected 2)
doc_1068,too many values to unpack (expected 2)
doc_1069,too many values to unpack (expected 2)
doc_1070,too many values to unpack (expected 2)
doc_1071,too many values to unpack (expected 2)
doc_1072,too many values to unpack (expected 2)
doc_1073,too many values to unpack (expected 2)
doc_1074,too many values to unpack (expected 2)
doc_1075,too many values to unpack (expected 2)
doc_1076,too many values to unpack (expected 2)
doc_1077,too many values to unpack (expected 2)
doc_1078,too many values to unpack (expected 2)
doc_1079,too many values to unpack (expected 2)
doc_1080,too many values to unpack (expected 2)
doc_1081,too many values to unpack (expected 2)
doc_1082,too many values to unpack (expected 2)
doc_1083,too many values to unpack (expected 2)
doc_1084,too many values to unpack (expected 2)
doc_1085,too many values to unpack (expected 2)
doc_1086,too many values to unpack (expected 2)
doc_1087,too many values to unpack (expected 2)
doc_1088,too many values to unpack (expected 2)
doc_1089,too many values to unpack (expected 2)
doc_1090,too many values to unpack (expected 2)
doc_1091,too many values to unpack (expected 2)
doc_1092,too many values to unpack (expected 2)
doc_1093,too many values to unpack (expected 2)
doc_1094,too many values to unpack (expected 2)
doc_1095,too many values to unpack (expected 2)
doc_1096,too many values to unpack (expected 2)
doc_1097,too many values to unpack (expected 2)
doc_1098,too many values to unpack (expected 2)
doc_1099,too many values to unpack (expected 2)
doc_1100,too many values to unpack (expected 2)
doc_1101,too many values to unpack (expected 2)
doc_1102,too many values to unpack (expected 2)
doc_1103,too many values to unpack (expected 2)
doc_1104,too many values to unpack (expected 2)
doc_1105,too many values to unpack (expected 2)
doc_1106,too many values to unpack (expected 2)
doc_1107,too many values to unpack (expected 2)
doc_1108,too many values to unpack (expected 2)
doc_1109,too many values to unpack (expected 2)
doc_1110,too many values to unpack (expected 2)
doc_1111,too many values to unpack (expected 2)
doc_1112,too many values to unpack (expected 2)
doc_1113,too many values to unpack (expected 2)
doc_1114,too many values to unpack (expected 2)
doc_1115,too many values to unpack (expected 2)
doc_1116,too many values to unpack (expected 2)
doc_1117,too many values to unpack (expected 2)
doc_1118,too many values to unpack (expected 2)
doc_1119,too many values to unpack (expected 2)
doc_1120,too many values to unpack (expected 2)
doc_1121,too many values to unpack (expected 2)
doc_1122,too many values to unpack (expected 2)
doc_1123,too many values to unpack (expected 2)
doc_1124,too many values to unpack (expected 2)
doc_1125,too many values to unpack (expected 2)
doc_1126,too many values to unpack (expected 2)
doc_1127,too many values to unpack (expected 2)
doc_1128,too many values to unpack (expected 2)
doc_1129,too many values to unpack (expected 2)
doc_1130,too many values to unpack (expected 2)
doc_1131,too many values to unpack (expected 2)
doc_1132,too many values to unpack (expected 2)
doc_1133,too many values to unpack (expected 2)
doc_1134,too many values to unpack (expected 2)
doc_1135,too many values to unpack (expected 2)
doc_1136,too many values to unpack (expected 2)
doc_1137,too many values to unpack (expected 2)
doc_1138,too many values to unpack (expected 2)
doc_1139,too many values to unpack (expected 2)
doc_1140,too many values to unpack (expected 2)
doc_1141,too many values to unpack (expected 2)
doc_1142,too many values to unpack (expected 2)
doc_1143,too many values to unpack (expected 2)
doc_1144,too many values to unpack (expected 2)
doc_1145,too many values to unpack (expected 2)
doc_1146,too many values to unpack (expected 2)
doc_1147,too many values to unpack (expected 2)
doc_1148,too many values to unpack (expected 2)
doc_1149,too many values to unpack (expected 2)
doc_1150,too many values to unpack (expected 2)
doc_1151,too many values to unpack (expected 2)
doc_1152,too many values to unpack (expected 2)
doc_1153,too many values to unpack (expected 2)
doc_1154,too many values to unpack (expected 2)
doc_1155,too many values to unpack (expected 2)
doc_1156,too many values to unpack (expected 2)
doc_1157,too many values to unpack (expected 2)
doc_1158,too many values to unpack (expected 2)
doc_1159,too many values to unpack (expected 2)
doc_1160,too many values to unpack (expected 2)
doc_1161,too many values to unpack (expected 2)
doc_1162,too many values to unpack (expected 2)
doc_1163,too many values to unpack (expected 2)
doc_1164,too many values to unpack (expected 2)
doc_1165,too many values to unpack (expected 2)
doc_1166,too many values to unpack (expected 2)
doc_1167,too many values to unpack (expected 2)
doc_1168,too many values to unpack (expected 2)
doc_1169,too many values to unpack (expected 2)
doc_1170,too many values to unpack (expected 2)
doc_1171,too many values to unpack (expected 2)
doc_1172,too many values to unpack (expected 2)
doc_1173,too many values to unpack (expected 2)
doc_1174,too many values to unpack (expected 2)
doc_1175,too many values to unpack (expected 2)
doc_1176,too many values to unpack (expected 2)
doc_1177,too many values to unpack (expected 2)
doc_1178,too many values to unpack (expected 2)
doc_1179,too many values to unpack (expected 2)
doc_1180,too many values to unpack (expected 2)
doc_1181,too many values to unpack (expected 2)
doc_1182,too many values to unpack (expected 2)
doc_1183,too many values to unpack (expected 2)
doc_1184,too many values to unpack (expected 2)
doc_1185,too many values to unpack (expected 2)
doc_1186,too many values to unpack (expected 2)
doc_1187,too many values to unpack (expected 2)
doc_1188,too many values to unpack (expected 2)
doc_1189,too many values to unpack (expected 2)
doc_1190,too many values to unpack (expected 2)
doc_1191,too many values to unpack (expected 2)
doc_1192,too many values to unpack (expected 2)
doc_1193,too many values to unpack (expected 2)
doc_1194,too many values to unpack (expected 2)
doc_1195,too many values to unpack (expected 2)
doc_1196,too many values to unpack (expected 2)
doc_1197,too many values to unpack (expected 2)
doc_1198,too many values to unpack (expected 2)
doc_1199,too many values to unpack (expected 2)
doc_1200,too many values to unpack (expected 2)
doc_1201,too many values to unpack (expected 2)
doc_1202,too many values to unpack (expected 2)
doc_1203,too many values to unpack (expected 2)
doc_1204,too many values to unpack (expected 2)
doc_1205,too many values to unpack (expected 2)
doc_1206,too many values to unpack (expected 2)
doc_1207,too many values to unpack (expected 2)
doc_1208,too many values to unpack (expected 2)
doc_1209,too many values to unpack (expected 2)
doc_1210,too many values to unpack (expected 2)
doc_1211,too many values to unpack (expected 2)
doc_1212,too many values to unpack (expected 2)
doc_1213,too many values to unpack (expected 2)
doc_1214,too many values to unpack (expected 2)
doc_1215,too many values to unpack (expected 2)
doc_1216,too many values to unpack (expected 2)
doc_1217,too many values to unpack (expected 2)
doc_1218,too many values to unpack (expected 2)
doc_1219,too many values to unpack (expected 2)
doc_1220,too many values to unpack (expected 2)
doc_1221,too many values to unpack (expected 2)
doc_1222,too many values to unpack (expected 2)
doc_1223,too many values to unpack (expected 2)
doc_1224,too many values to unpack (expected 2)
doc_1225,too many values to unpack (expected 2)
doc_1226,too many values to unpack (expected 2)
doc_1227,too many values to unpack (expected 2)
doc_1228,too many values to unpack (expected 2)
doc_1229,too many values to unpack (expected 2)
doc_1230,too many values to unpack (expected 2)
doc_1231,too many values to unpack (expected 2)
doc_1232,too many values to unpack (expected 2)
doc_1233,too many values to unpack (expected 2)
doc_1234,too many values to unpack (expected 2)
doc_1235,too many values to unpack (expected 2)
doc_1236,too many values to unpack (expected 2)
doc_1237,too many values to unpack (expected 2)
doc_1238,too many values to unpack (expected 2)
doc_1239,too many values to unpack (expected 2)
doc_1240,too many values to unpack (expected 2)
doc_1241,too many values to unpack (expected 2)
doc_1242,too many values to unpack (expected 2)
doc_1243,too many values to unpack (expected 2)
doc_1244,too many values to unpack (expected 2)
doc_1245,too many values to unpack (expected 2)
doc_1246,too many values to unpack (expected 2)
doc_1247,too many values to unpack (expected 2)
doc_1248,too many values to unpack (expected 2)
doc_1249,too many values to unpack (expected 2)
doc_1250,too many values to unpack (expected 2)
doc_1251,too many values to unpack (expected 2)
doc_1252,too many values to unpack (expected 2)
doc_1253,too many values to unpack (expected 2)
doc_1254,too many values to unpack (expected 2)
doc_1255,too many values to unpack (expected 2)
doc_1256,too many values to unpack (expected 2)
doc_1257,too many values to unpack (expected 2)
doc_1258,too many values to unpack (expected 2)
doc_1259,too many values to unpack (expected 2)
doc_1260,too many values to unpack (expected 2)
doc_1261,too many values to unpack (expected 2)
doc_1262,too many values to unpack (expected 2)
doc_1263,too many values to unpack (expected 2)
doc_1264,too many values to unpack (expected 2)
doc_1265,too many values to unpack (expected 2)
doc_1266,too many values to unpack (expected 2)
doc_1267,too many values to unpack (expected 2)
doc_1268,too many values to unpack (expected 2)
doc_1269,too many values to unpack (expected 2)
doc_1270,too many values to unpack (expected 2)
doc_1271,too many values to unpack (expected 2)
doc_1272,too many values to unpack (expected 2)
doc_1273,too many values to unpack (expected 2)
doc_1274,too many values to unpack (expected 2)
doc_1275,too many values to unpack (expected 2)
doc_1276,too many values to unpack (expected 2)
doc_1277,too many values to unpack (expected 2)
doc_1278,too many values to unpack (expected 2)
doc_1279,too many values to unpack (expected 2)
doc_1280,too many values to unpack (expected 2)
doc_1281,too many values to unpack (expected 2)
doc_1282,too many values to unpack (expected 2)
doc_1283,too many values to unpack (expected 2)
doc_1284,too many values to unpack (expected 2)
doc_1285,too many values to unpack (expected 2)
doc_1286,too many values to unpack (expected 2)
doc_1287,too many values to unpack (expected 2)
doc_1288,too many values to unpack (expected 2)
doc_1289,too many values to unpack (expected 2)
doc_1290,too many values to unpack (expected 2)
doc_1291,too many values to unpack (expected 2)
doc_1292,too many values to unpack (expected 2)
doc_1293,too many values to unpack (expected 2)
doc_1294,too many values to unpack (expected 2)
doc_1295,too many values to unpack (expected 2)
doc_1296,too many values to unpack (expected 2)
doc_1297,too many values to unpack (expected 2)
doc_1298,too many values to unpack (expected 2)
doc_1299,too many values to unpack (expected 2)
doc_1300,too many values to unpack (expected 2)
doc_1301,too many values to unpack (expected 2)
doc_1302,too many values to unpack (expected 2)
doc_1303,too many values to unpack (expected 2)
doc_1304,too many values to unpack (expected 2)
doc_1305,too many values to unpack (expected 2)
doc_1306,too many values to unpack (expected 2)
doc_1307,too many values to unpack (expected 2)
doc_1308,too many values to unpack (expected 2)
doc_1309,too many values to unpack (expected 2)
doc_1310,too many values to unpack (expected 2)
doc_1311,too many values to unpack (expected 2)
doc_1312,too many values to unpack (expected 2)
doc_1313,too many values to unpack (expected 2)
doc_1314,too many values to unpack (expected 2)
doc_1315,too many values to unpack (expected 2)
doc_1316,too many values to unpack (expected 2)
doc_1317,too many values to unpack (expected 2)
doc_1318,too many values to unpack (expected 2)
doc_1319,too many values to unpack (expected 2)
doc_1320,too many values to unpack (expected 2)
doc_1321,too many values to unpack (expected 2)
doc_1322,too many values to unpack (expected 2)
doc_1323,too many values to unpack (expected 2)
doc_1324,too many values to unpack (expected 2)
doc_1325,too many values to unpack (expected 2)
doc_1327,too many values to unpack (expected 2)
doc_1328,too many values to unpack (expected 2)
doc_1329,too many values to unpack (expected 2)
doc_1330,too many values to unpack (expected 2)
doc_1331,too many values to unpack (expected 2)
doc_1332,too many values to unpack (expected 2)
doc_1333,too many values to unpack (expected 2)
doc_1334,too many values to unpack (expected 2)
doc_1335,too many values to unpack (expected 2)
doc_1336,too many values to unpack (expected 2)
doc_1337,too many values to unpack (expected 2)
doc_1338,too many values to unpack (expected 2)
doc_1339,too many values to unpack (expected 2)
doc_1340,too many values to unpack (expected 2)
doc_1341,too many values to unpack (expected 2)
doc_1342,too many values to unpack (expected 2)
doc_1343,too many values to unpack (expected 2)
doc_1344,too many values to unpack (expected 2)
doc_1345,too many values to unpack (expected 2)
doc_1346,too many values to unpack (expected 2)
doc_1347,too many values to unpack (expected 2)
doc_1348,too many values to unpack (expected 2)
doc_1349,too many values to unpack (expected 2)
doc_1350,too many values to unpack (expected 2)
doc_1351,too many values to unpack (expected 2)
doc_1352,too many values to unpack (expected 2)
doc_1353,too many values to unpack (expected 2)
doc_1354,too many values to unpack (expected 2)
doc_1355,too many values to unpack (expected 2)
doc_1356,too many values to unpack (expected 2)
doc_1357,too many values to unpack (expected 2)
doc_1358,too many values to unpack (expected 2)
doc_1359,too many values to unpack (expected 2)
doc_1360,too many values to unpack (expected 2)
doc_1361,too many values to unpack (expected 2)
doc_1362,too many values to unpack (expected 2)
doc_1363,too many values to unpack (expected 2)
doc_1364,too many values to unpack (expected 2)
doc_1365,too many values to unpack (expected 2)
doc_1366,too many values to unpack (expected 2)
doc_1367,too many values to unpack (expected 2)
doc_1368,too many values to unpack (expected 2)
doc_1369,too many values to unpack (expected 2)
doc_1370,too many values to unpack (expected 2)
doc_1371,too many values to unpack (expected 2)
doc_1372,too many values to unpack (expected 2)
doc_1373,too many values to unpack (expected 2)
doc_1374,too many values to unpack (expected 2)
doc_1375,too many values to unpack (expected 2)
doc_1376,too many values to unpack (expected 2)
doc_1377,too many values to unpack (expected 2)
doc_1378,too many values to unpack (expected 2)
doc_1379,too many values to unpack (expected 2)
doc_1380,too many values to unpack (expected 2)
doc_1381,too many values to unpack (expected 2)
doc_1382,too many values to unpack (expected 2)
doc_1383,too many values to unpack (expected 2)
doc_1384,too many values to unpack (expected 2)
doc_1385,too many values to unpack (expected 2)
doc_1386,too many values to unpack (expected 2)
doc_1387,too many values to unpack (expected 2)
doc_1388,too many values to unpack (expected 2)
doc_1389,too many values to unpack (expected 2)
doc_1390,too many values to unpack (expected 2)
doc_1391,too many values to unpack (expected 2)
doc_1392,too many values to unpack (expected 2)
doc_1393,too many values to unpack (expected 2)
doc_1394,too many values to unpack (expected 2)
doc_1395,too many values to unpack (expected 2)
doc_1396,too many values to unpack (expected 2)
doc_1397,too many values to unpack (expected 2)
doc_1398,too many values to unpack (expected 2)
doc_1399,too many values to unpack (expected 2)
doc_1400,too many values to unpack (expected 2)
doc_1401,too many values to unpack (expected 2)
doc_1402,too many values to unpack (expected 2)
doc_1403,too many values to unpack (expected 2)
doc_1404,too many values to unpack (expected 2)
doc_1405,too many values to unpack (expected 2)
doc_1406,too many values to unpack (expected 2)
doc_1407,too many values to unpack (expected 2)
doc_1408,too many values to unpack (expected 2)
doc_1409,too many values to unpack (expected 2)
doc_1410,too many values to unpack (expected 2)
doc_1411,too many values to unpack (expected 2)
doc_1412,too many values to unpack (expected 2)
doc_1413,too many values to unpack (expected 2)
doc_1414,too many values to unpack (expected 2)
doc_1415,too many values to unpack (expected 2)
doc_1416,too many values to unpack (expected 2)
doc_1417,too many values to unpack (expected 2)
doc_1418,too many values to unpack (expected 2)
doc_1419,too many values to unpack (expected 2)
doc_1420,too many values to unpack (expected 2)
doc_1421,too many values to unpack (expected 2)
doc_1422,too many values to unpack (expected 2)
doc_1423,too many values to unpack (expected 2)
doc_1424,too many values to unpack (expected 2)
doc_1425,too many values to unpack (expected 2)
doc_1426,too many values to unpack (expected 2)
doc_1427,too many values to unpack (expected 2)
doc_1428,too many values to unpack (expected 2)
doc_1429,too many values to unpack (expected 2)
doc_1430,too many values to unpack (expected 2)
doc_1431,too many values to unpack (expected 2)
doc_1432,too many values to unpack (expected 2)
doc_1433,too many values to unpack (expected 2)
doc_1434,too many values to unpack (expected 2)
doc_1435,too many values to unpack (expected 2)
doc_1436,too many values to unpack (expected 2)
doc_1437,too many values to unpack (expected 2)
doc_1438,too many values to unpack (expected 2)
doc_1439,too many values to unpack (expected 2)
doc_1440,too many values to unpack (expected 2)
doc_1441,too many values to unpack (expected 2)
doc_1442,too many values to unpack (expected 2)
doc_1443,too many values to unpack (expected 2)
doc_1444,too many values to unpack (expected 2)
doc_1445,too many values to unpack (expected 2)
doc_1446,too many values to unpack (expected 2)
doc_1447,too many values to unpack (expected 2)
doc_1448,too many values to unpack (expected 2)
doc_1449,too many values to unpack (expected 2)
doc_1450,too many values to unpack (expected 2)
doc_1451,too many values to unpack (expected 2)
doc_1452,too many values to unpack (expected 2)
doc_1453,too many values to unpack (expected 2)
doc_1454,too many values to unpack (expected 2)
doc_1455,too many values to unpack (expected 2)
doc_1456,too many values to unpack (expected 2)
doc_1457,too many values to unpack (expected 2)
doc_1458,too many values to unpack (expected 2)
doc_1459,too many values to unpack (expected 2)
doc_1460,too many values to unpack (expected 2)
doc_1461,too many values to unpack (expected 2)
doc_1462,too many values to unpack (expected 2)
doc_1463,too many values to unpack (expected 2)
doc_1464,too many values to unpack (expected 2)
doc_1465,too many values to unpack (expected 2)
doc_1466,too many values to unpack (expected 2)
doc_1467,too many values to unpack (expected 2)
doc_1468,too many values to unpack (expected 2)
doc_1469,too many values to unpack (expected 2)
doc_1470,too many values to unpack (expected 2)
doc_1471,too many values to unpack (expected 2)
doc_1472,too many values to unpack (expected 2)
doc_1473,too many values to unpack (expected 2)
doc_1474,too many values to unpack (expected 2)
doc_1475,too many values to unpack (expected 2)
doc_1476,too many values to unpack (expected 2)
doc_1477,too many values to unpack (expected 2)
doc_1478,too many values to unpack (expected 2)
doc_1479,too many values to unpack (expected 2)
doc_1480,too many values to unpack (expected 2)
doc_1481,too many values to unpack (expected 2)
doc_1482,too many values to unpack (expected 2)
doc_1483,too many values to unpack (expected 2)
doc_1484,too many values to unpack (expected 2)
doc_1485,too many values to unpack (expected 2)
doc_1486,too many values to unpack (expected 2)
doc_1487,too many values to unpack (expected 2)
doc_1488,too many values to unpack (expected 2)
doc_1489,too many values to unpack (expected 2)
doc_1490,too many values to unpack (expected 2)
doc_1491,too many values to unpack (expected 2)
doc_1492,too many values to unpack (expected 2)
doc_1493,too many values to unpack (expected 2)
doc_1494,too many values to unpack (expected 2)
doc_1495,too many values to unpack (expected 2)
doc_1496,too many values to unpack (expected 2)
doc_1497,too many values to unpack (expected 2)
doc_1498,too many values to unpack (expected 2)
doc_1499,too many values to unpack (expected 2)
doc_1500,too many values to unpack (expected 2)
doc_1501,too many values to unpack (expected 2)
doc_1502,too many values to unpack (expected 2)
doc_1503,too many values to unpack (expected 2)
doc_1504,too many values to unpack (expected 2)
doc_1505,too many values to unpack (expected 2)
doc_1506,too many values to unpack (expected 2)
doc_1507,too many values to unpack (expected 2)
doc_1508,too many values to unpack (expected 2)
doc_1509,too many values to unpack (expected 2)
doc_1510,too many values to unpack (expected 2)
doc_1511,too many values to unpack (expected 2)
doc_1512,too many values to unpack (expected 2)
doc_1513,too many values to unpack (expected 2)
doc_1514,too many values to unpack (expected 2)
doc_1515,too many values to unpack (expected 2)
doc_1516,too many values to unpack (expected 2)
doc_1517,too many values to unpack (expected 2)
doc_1518,too many values to unpack (expected 2)
doc_1519,too many values to unpack (expected 2)
doc_1520,too many values to unpack (expected 2)
doc_1521,too many values to unpack (expected 2)
doc_1522,too many values to unpack (expected 2)
doc_1523,too many values to unpack (expected 2)
doc_1524,too many values to unpack (expected 2)
doc_1525,too many values to unpack (expected 2)
doc_1526,too many values to unpack (expected 2)
doc_1527,too many values to unpack (expected 2)
doc_1528,too many values to unpack (expected 2)
doc_1529,too many values to unpack (expected 2)
doc_1530,too many values to unpack (expected 2)
doc_1531,too many values to unpack (expected 2)
doc_1532,too many values to unpack (expected 2)
doc_1533,too many values to unpack (expected 2)
doc_1534,too many values to unpack (expected 2)
doc_1535,too many values to unpack (expected 2)
doc_1536,too many values to unpack (expected 2)
doc_1537,too many values to unpack (expected 2)
doc_1538,too many values to unpack (expected 2)
doc_1539,too many values to unpack (expected 2)
doc_1540,too many values to unpack (expected 2)
doc_1541,too many values to unpack (expected 2)
doc_1542,too many values to unpack (expected 2)
doc_1543,too many values to unpack (expected 2)
doc_1544,too many values to unpack (expected 2)
doc_1545,too many values to unpack (expected 2)
doc_1546,too many values to unpack (expected 2)
doc_1547,too many values to unpack (expected 2)
doc_1548,too many values to unpack (expected 2)
doc_1549,too many values to unpack (expected 2)
doc_1550,too many values to unpack (expected 2)
doc_1551,too many values to unpack (expected 2)
doc_1552,too many values to unpack (expected 2)
doc_1553,too many values to unpack (expected 2)
doc_1554,too many values to unpack (expected 2)
doc_1555,too many values to unpack (expected 2)
doc_1556,too many values to unpack (expected 2)
doc_1557,too many values to unpack (expected 2)
doc_1558,too many values to unpack (expected 2)
doc_1559,too many values to unpack (expected 2)
doc_1560,too many values to unpack (expected 2)
doc_1561,too many values to unpack (expected 2)
doc_1562,too many values to unpack (expected 2)
doc_1563,too many values to unpack (expected 2)
doc_1564,too many values to unpack (expected 2)
doc_1565,too many values to unpack (expected 2)
doc_1566,too many values to unpack (expected 2)
doc_1567,too many values to unpack (expected 2)
doc_1568,too many values to unpack (expected 2)
doc_1569,too many values to unpack (expected 2)
doc_1570,too many values to unpack (expected 2)
doc_1571,too many values to unpack (expected 2)
doc_1572,too many values to unpack (expected 2)
doc_1573,too many values to unpack (expected 2)
doc_1574,too many values to unpack (expected 2)
doc_1575,too many values to unpack (expected 2)
doc_1576,too many values to unpack (expected 2)
doc_1577,too many values to unpack (expected 2)
doc_1578,too many values to unpack (expected 2)
doc_1579,too many values to unpack (expected 2)
doc_1580,too many values to unpack (expected 2)
doc_1581,too many values to unpack (expected 2)
doc_1582,too many values to unpack (expected 2)
doc_1583,too many values to unpack (expected 2)
doc_1584,too many values to unpack (expected 2)
doc_1585,too many values to unpack (expected 2)
doc_1586,too many values to unpack (expected 2)
doc_1587,too many values to unpack (expected 2)
doc_1588,too many values to unpack (expected 2)
doc_1589,too many values to unpack (expected 2)
doc_1590,too many values to unpack (expected 2)
doc_1591,too many values to unpack (expected 2)
doc_1592,too many values to unpack (expected 2)
doc_1593,too many values to unpack (expected 2)
doc_1594,too many values to unpack (expected 2)
doc_1595,too many values to unpack (expected 2)
doc_1596,too many values to unpack (expected 2)
doc_1597,too many values to unpack (expected 2)
doc_1598,too many values to unpack (expected 2)
doc_1599,too many values to unpack (expected 2)
doc_1600,too many values to unpack (expected 2)
doc_1601,too many values to unpack (expected 2)
doc_1602,too many values to unpack (expected 2)
doc_1603,too many values to unpack (expected 2)
doc_1604,too many values to unpack (expected 2)
doc_1605,too many values to unpack (expected 2)
doc_1606,too many values to unpack (expected 2)
doc_1607,too many values to unpack (expected 2)
doc_1608,too many values to unpack (expected 2)
doc_1609,too many values to unpack (expected 2)
doc_1610,too many values to unpack (expected 2)
doc_1611,too many values to unpack (expected 2)
doc_1612,too many values to unpack (expected 2)
doc_1613,too many values to unpack (expected 2)
doc_1614,too many values to unpack (expected 2)
doc_1615,too many values to unpack (expected 2)
doc_1616,too many values to unpack (expected 2)
doc_1617,too many values to unpack (expected 2)
doc_1618,too many values to unpack (expected 2)
doc_1619,too many values to unpack (expected 2)
doc_1620,too many values to unpack (expected 2)
doc_1621,too many values to unpack (expected 2)
doc_1622,too many values to unpack (expected 2)
doc_1623,too many values to unpack (expected 2)
doc_1624,too many values to unpack (expected 2)
doc_1625,too many values to unpack (expected 2)
doc_1626,too many values to unpack (expected 2)
doc_1627,too many values to unpack (expected 2)
doc_1628,too many values to unpack (expected 2)
doc_1629,too many values to unpack (expected 2)
doc_1630,too many values to unpack (expected 2)
doc_1631,too many values to unpack (expected 2)
doc_1632,too many values to unpack (expected 2)
doc_1633,too many values to unpack (expected 2)
doc_1634,too many values to unpack (expected 2)
doc_1635,too many values to unpack (expected 2)
doc_1636,too many values to unpack (expected 2)
doc_1637,too many values to unpack (expected 2)
doc_1638,too many values to unpack (expected 2)
doc_1639,too many values to unpack (expected 2)
doc_1640,too many values to unpack (expected 2)
doc_1641,too many values to unpack (expected 2)
doc_1642,too many values to unpack (expected 2)
doc_1643,too many values to unpack (expected 2)
doc_1644,too many values to unpack (expected 2)
doc_1645,too many values to unpack (expected 2)
doc_1646,too many values to unpack (expected 2)
doc_1647,too many values to unpack (expected 2)
doc_1648,too many values to unpack (expected 2)
doc_1649,too many values to unpack (expected 2)
doc_1650,too many values to unpack (expected 2)
doc_1651,too many values to unpack (expected 2)
doc_1652,too many values to unpack (expected 2)
doc_1653,too many values to unpack (expected 2)
doc_1654,too many values to unpack (expected 2)
doc_1655,too many values to unpack (expected 2)
doc_1656,too many values to unpack (expected 2)
doc_1657,too many values to unpack (expected 2)
doc_1658,too many values to unpack (expected 2)
doc_1659,too many values to unpack (expected 2)
doc_1660,too many values to unpack (expected 2)
doc_1661,too many values to unpack (expected 2)
doc_1662,too many values to unpack (expected 2)
doc_1663,too many values to unpack (expected 2)
doc_1664,too many values to unpack (expected 2)
doc_1665,too many values to unpack (expected 2)
doc_1666,too many values to unpack (expected 2)
doc_1667,too many values to unpack (expected 2)
doc_1668,too many values to unpack (expected 2)
doc_1669,too many values to unpack (expected 2)
doc_1670,too many values to unpack (expected 2)
doc_1671,too many values to unpack (expected 2)
doc_1672,too many values to unpack (expected 2)
doc_1673,too many values to unpack (expected 2)
doc_1674,too many values to unpack (expected 2)
doc_1675,too many values to unpack (expected 2)
doc_1676,too many values to unpack (expected 2)
doc_1677,too many values to unpack (expected 2)
doc_1678,too many values to unpack (expected 2)
doc_1679,too many values to unpack (expected 2)
doc_1680,too many values to unpack (expected 2)
doc_1681,too many values to unpack (expected 2)
doc_1682,too many values to unpack (expected 2)
doc_1683,too many values to unpack (expected 2)
doc_1684,too many values to unpack (expected 2)
doc_1685,too many values to unpack (expected 2)
doc_1686,too many values to unpack (expected 2)
doc_1687,too many values to unpack (expected 2)
doc_1688,too many values to unpack (expected 2)
doc_1689,too many values to unpack (expected 2)
doc_1690,too many values to unpack (expected 2)
doc_1691,too many values to unpack (expected 2)
doc_1692,too many values to unpack (expected 2)
doc_1693,too many values to unpack (expected 2)
doc_1694,too many values to unpack (expected 2)
doc_1695,too many values to unpack (expected 2)
doc_1696,too many values to unpack (expected 2)
doc_1697,too many values to unpack (expected 2)
doc_1698,too many values to unpack (expected 2)
doc_1699,too many values to unpack (expected 2)
doc_1700,too many values to unpack (expected 2)
doc_1701,too many values to unpack (expected 2)
doc_1702,too many values to unpack (expected 2)
doc_1703,too many values to unpack (expected 2)
doc_1704,too many values to unpack (expected 2)
doc_1705,too many values to unpack (expected 2)
doc_1706,too many values to unpack (expected 2)
doc_1707,too many values to unpack (expected 2)
doc_1708,too many values to unpack (expected 2)
doc_1709,too many values to unpack (expected 2)
doc_1710,too many values to unpack (expected 2)
doc_1711,too many values to unpack (expected 2)
doc_1712,too many values to unpack (expected 2)
doc_1713,too many values to unpack (expected 2)
doc_1714,too many values to unpack (expected 2)
doc_1715,too many values to unpack (expected 2)
doc_1716,too many values to unpack (expected 2)
doc_1717,too many values to unpack (expected 2)
doc_1718,too many values to unpack (expected 2)
doc_1719,too many values to unpack (expected 2)
doc_1720,too many values to unpack (expected 2)
doc_1721,too many values to unpack (expected 2)
doc_1722,too many values to unpack (expected 2)
doc_1723,too many values to unpack (expected 2)
doc_1724,too many values to unpack (expected 2)
doc_1725,too many values to unpack (expected 2)
doc_1726,too many values to unpack (expected 2)
doc_1727,too many values to unpack (expected 2)
doc_1728,too many values to unpack (expected 2)
doc_1729,too many values to unpack (expected 2)
doc_1730,too many values to unpack (expected 2)
doc_1731,too many values to unpack (expected 2)
doc_1732,too many values to unpack (expected 2)
doc_1733,too many values to unpack (expected 2)
doc_1734,too many values to unpack (expected 2)
doc_1735,too many values to unpack (expected 2)
doc_1736,too many values to unpack (expected 2)
doc_1737,too many values to unpack (expected 2)
doc_1738,too many values to unpack (expected 2)
doc_1739,too many values to unpack (expected 2)
doc_1740,too many values to unpack (expected 2)
doc_1741,too many values to unpack (expected 2)
doc_1742,too many values to unpack (expected 2)
doc_1743,too many values to unpack (expected 2)
doc_1744,too many values to unpack (expected 2)
doc_1745,too many values to unpack (expected 2)
doc_1746,too many values to unpack (expected 2)
doc_1747,too many values to unpack (expected 2)
doc_1748,too many values to unpack (expected 2)
doc_1749,too many values to unpack (expected 2)
doc_1750,too many values to unpack (expected 2)
doc_1751,too many values to unpack (expected 2)
doc_1752,too many values to unpack (expected 2)
doc_1753,too many values to unpack (expected 2)
doc_1754,too many values to unpack (expected 2)
doc_1755,too many values to unpack (expected 2)
doc_1756,too many values to unpack (expected 2)
doc_1757,too many values to unpack (expected 2)
doc_1758,too many values to unpack (expected 2)
doc_1759,too many values to unpack (expected 2)
doc_1760,too many values to unpack (expected 2)
doc_1761,too many values to unpack (expected 2)
doc_1762,too many values to unpack (expected 2)
doc_1763,too many values to unpack (expected 2)
doc_1764,too many values to unpack (expected 2)
doc_1765,too many values to unpack (expected 2)
doc_1766,too many values to unpack (expected 2)
doc_1767,too many values to unpack (expected 2)
doc_1768,too many values to unpack (expected 2)
doc_1769,too many values to unpack (expected 2)
doc_1770,too many values to unpack (expected 2)
doc_1771,too many values to unpack (expected 2)
doc_1772,too many values to unpack (expected 2)
doc_1773,too many values to unpack (expected 2)
doc_1774,too many values to unpack (expected 2)
doc_1775,too many values to unpack (expected 2)
doc_1776,too many values to unpack (expected 2)
doc_1777,too many values to unpack (expected 2)
doc_1778,too many values to unpack (expected 2)
doc_1779,too many values to unpack (expected 2)
doc_1780,too many values to unpack (expected 2)
doc_1781,too many values to unpack (expected 2)
doc_1782,too many values to unpack (expected 2)
doc_1783,too many values to unpack (expected 2)
doc_1784,too many values to unpack (expected 2)
doc_1785,too many values to unpack (expected 2)
doc_1786,too many values to unpack (expected 2)
doc_1787,too many values to unpack (expected 2)
doc_1788,too many values to unpack (expected 2)
doc_1789,too many values to unpack (expected 2)
doc_1790,too many values to unpack (expected 2)
doc_1791,too many values to unpack (expected 2)
doc_1792,too many values to unpack (expected 2)
doc_1793,too many values to unpack (expected 2)
doc_1794,too many values to unpack (expected 2)
doc_1795,too many values to unpack (expected 2)
doc_1796,too many values to unpack (expected 2)
doc_1797,too many values to unpack (expected 2)
doc_1798,too many values to unpack (expected 2)
doc_1799,too many values to unpack (expected 2)
doc_1800,too many values to unpack (expected 2)
doc_1801,too many values to unpack (expected 2)
doc_1802,too many values to unpack (expected 2)
doc_1803,too many values to unpack (expected 2)
doc_1804,too many values to unpack (expected 2)
doc_1805,too many values to unpack (expected 2)
doc_1806,too many values to unpack (expected 2)
doc_1807,too many values to unpack (expected 2)
doc_1808,too many values to unpack (expected 2)
doc_1809,too many values to unpack (expected 2)
doc_1810,too many values to unpack (expected 2)
doc_1811,too many values to unpack (expected 2)
doc_1812,too many values to unpack (expected 2)
doc_1813,too many values to unpack (expected 2)
doc_1814,too many values to unpack (expected 2)
doc_1815,too many values to unpack (expected 2)
doc_1816,too many values to unpack (expected 2)
doc_1817,too many values to unpack (expected 2)
doc_1818,too many values to unpack (expected 2)
doc_1819,too many values to unpack (expected 2)
doc_1820,too many values to unpack (expected 2)
doc_1821,too many values to unpack (expected 2)
doc_1822,too many values to unpack (expected 2)
doc_1823,too many values to unpack (expected 2)
doc_1824,too many values to unpack (expected 2)
doc_1825,too many values to unpack (expected 2)
doc_1826,too many values to unpack (expected 2)
doc_1827,too many values to unpack (expected 2)
doc_1828,too many values to unpack (expected 2)
doc_1829,too many values to unpack (expected 2)
doc_1830,too many values to unpack (expected 2)
doc_1831,too many values to unpack (expected 2)
doc_1832,too many values to unpack (expected 2)
doc_1833,too many values to unpack (expected 2)
doc_1834,too many values to unpack (expected 2)
doc_1835,too many values to unpack (expected 2)
doc_1836,too many values to unpack (expected 2)
doc_1837,too many values to unpack (expected 2)
doc_1838,too many values to unpack (expected 2)
doc_1839,too many values to unpack (expected 2)
doc_1840,too many values to unpack (expected 2)
doc_1841,too many values to unpack (expected 2)
doc_1842,too many values to unpack (expected 2)
doc_1843,too many values to unpack (expected 2)
doc_1844,too many values to unpack (expected 2)
doc_1845,too many values to unpack (expected 2)
doc_1846,too many values to unpack (expected 2)
doc_1847,too many values to unpack (expected 2)
doc_1848,too many values to unpack (expected 2)
doc_1849,too many values to unpack (expected 2)
doc_1850,too many values to unpack (expected 2)
doc_1851,too many values to unpack (expected 2)
doc_1852,too many values to unpack (expected 2)
doc_1853,too many values to unpack (expected 2)
doc_1854,too many values to unpack (expected 2)
doc_1855,too many values to unpack (expected 2)
doc_1856,too many values to unpack (expected 2)
doc_1857,too many values to unpack (expected 2)
doc_1858,too many values to unpack (expected 2)
doc_1859,too many values to unpack (expected 2)
doc_1860,too many values to unpack (expected 2)
doc_1861,too many values to unpack (expected 2)
doc_1862,too many values to unpack (expected 2)
doc_1863,too many values to unpack (expected 2)
doc_1864,too many values to unpack (expected 2)
doc_1865,too many values to unpack (expected 2)
doc_1866,too many values to unpack (expected 2)
doc_1867,too many values to unpack (expected 2)
doc_1868,too many values to unpack (expected 2)
doc_1869,too many values to unpack (expected 2)
doc_1870,too many values to unpack (expected 2)
doc_1871,too many values to unpack (expected 2)
doc_1872,too many values to unpack (expected 2)
doc_1873,too many values to unpack (expected 2)
doc_1874,too many values to unpack (expected 2)
doc_1875,too many values to unpack (expected 2)
doc_1876,too many values to unpack (expected 2)
doc_1877,too many values to unpack (expected 2)
doc_1878,too many values to unpack (expected 2)
doc_1879,too many values to unpack (expected 2)
doc_1880,too many values to unpack (expected 2)
doc_1881,too many values to unpack (expected 2)
doc_1882,too many values to unpack (expected 2)
doc_1883,too many values to unpack (expected 2)
doc_1884,too many values to unpack (expected 2)
doc_1885,too many values to unpack (expected 2)
doc_1886,too many values to unpack (expected 2)
doc_1887,too many values to unpack (expected 2)
doc_1888,too many values to unpack (expected 2)
doc_1889,too many values to unpack (expected 2)
doc_1890,too many values to unpack (expected 2)
doc_1891,too many values to unpack (expected 2)
doc_1892,too many values to unpack (expected 2)
doc_1893,too many values to unpack (expected 2)
doc_1894,too many values to unpack (expected 2)
doc_1895,too many values to unpack (expected 2)
doc_1896,too many values to unpack (expected 2)
doc_1897,too many values to unpack (expected 2)
doc_1898,too many values to unpack (expected 2)
doc_1899,too many values to unpack (expected 2)
doc_1900,too many values to unpack (expected 2)
doc_1901,too many values to unpack (expected 2)
doc_1902,too many values to unpack (expected 2)
doc_1903,too many values to unpack (expected 2)
doc_1904,too many values to unpack (expected 2)
doc_1905,too many values to unpack (expected 2)
doc_1906,too many values to unpack (expected 2)
doc_1907,too many values to unpack (expected 2)
doc_1908,too many values to unpack (expected 2)
doc_1909,too many values to unpack (expected 2)
doc_1910,too many values to unpack (expected 2)
doc_1911,too many values to unpack (expected 2)
doc_1912,too many values to unpack (expected 2)
doc_1913,too many values to unpack (expected 2)
doc_1914,too many values to unpack (expected 2)
doc_1915,too many values to unpack (expected 2)
doc_1916,too many values to unpack (expected 2)
doc_1917,too many values to unpack (expected 2)
doc_1918,too many values to unpack (expected 2)
doc_1919,too many values to unpack (expected 2)
doc_1920,too many values to unpack (expected 2)
doc_1921,too many values to unpack (expected 2)
doc_1922,too many values to unpack (expected 2)
doc_1923,too many values to unpack (expected 2)
doc_1924,too many values to unpack (expected 2)
doc_1925,too many values to unpack (expected 2)
doc_1926,too many values to unpack (expected 2)
doc_1927,too many values to unpack (expected 2)
doc_1928,too many values to unpack (expected 2)
doc_1929,too many values to unpack (expected 2)
doc_1930,too many values to unpack (expected 2)
doc_1931,too many values to unpack (expected 2)
doc_1932,too many values to unpack (expected 2)
doc_1933,too many values to unpack (expected 2)
doc_1934,too many values to unpack (expected 2)
doc_1935,too many values to unpack (expected 2)
doc_1936,too many values to unpack (expected 2)
doc_1937,too many values to unpack (expected 2)
doc_1938,too many values to unpack (expected 2)
doc_1939,too many values to unpack (expected 2)
doc_1940,too many values to unpack (expected 2)
doc_1941,too many values to unpack (expected 2)
doc_1942,too many values to unpack (expected 2)
doc_1943,too many values to unpack (expected 2)
doc_1944,too many values to unpack (expected 2)
doc_1945,too many values to unpack (expected 2)
doc_1946,too many values to unpack (expected 2)
doc_1947,too many values to unpack (expected 2)
doc_1948,too many values to unpack (expected 2)
doc_1949,too many values to unpack (expected 2)
doc_1950,too many values to unpack (expected 2)
doc_1951,too many values to unpack (expected 2)
doc_1952,too many values to unpack (expected 2)
doc_1953,too many values to unpack (expected 2)
doc_1954,too many values to unpack (expected 2)
doc_1955,too many values to unpack (expected 2)
doc_1956,too many values to unpack (expected 2)
doc_1957,too many values to unpack (expected 2)
doc_1958,too many values to unpack (expected 2)
doc_1959,too many values to unpack (expected 2)
doc_1960,too many values to unpack (expected 2)
doc_1961,too many values to unpack (expected 2)
doc_1962,too many values to unpack (expected 2)
doc_1963,too many values to unpack (expected 2)
doc_1964,too many values to unpack (expected 2)
doc_1965,too many values to unpack (expected 2)
doc_1966,too many values to unpack (expected 2)
doc_1967,too many values to unpack (expected 2)
doc_1968,too many values to unpack (expected 2)
doc_1969,too many values to unpack (expected 2)
doc_1970,too many values to unpack (expected 2)
doc_1971,too many values to unpack (expected 2)
doc_1972,too many values to unpack (expected 2)
doc_1973,too many values to unpack (expected 2)
doc_1974,too many values to unpack (expected 2)
doc_1975,too many values to unpack (expected 2)
doc_1976,too many values to unpack (expected 2)
doc_1977,too many values to unpack (expected 2)
doc_1978,too many values to unpack (expected 2)
doc_1979,too many values to unpack (expected 2)
doc_1980,too many values to unpack (expected 2)
doc_1981,too many values to unpack (expected 2)
doc_1982,too many values to unpack (expected 2)
doc_1983,too many values to unpack (expected 2)
doc_1984,too many values to unpack (expected 2)
doc_1985,too many values to unpack (expected 2)
doc_1986,too many values to unpack (expected 2)
doc_1987,too many values to unpack (expected 2)
doc_1988,too many values to unpack (expected 2)
doc_1989,too many values to unpack (expected 2)
doc_1990,too many values to unpack (expected 2)
doc_1991,too many values to unpack (expected 2)
doc_1992,too many values to unpack (expected 2)
doc_1993,too many values to unpack (expected 2)
doc_1994,too many values to unpack (expected 2)
doc_1995,too many values to unpack (expected 2)
doc_1996,too many values to unpack (expected 2)
doc_1997,too many values to unpack (expected 2)
doc_1998,too many values to unpack (expected 2)
doc_1999,too many values to unpack (expected 2)
doc_2000,too many values to unpack (expected 2)
doc_2001,too many values to unpack (expected 2)
doc_2002,too many values to unpack (expected 2)
doc_2003,too many values to unpack (expected 2)
doc_2004,too many values to unpack (expected 2)
doc_2005,too many values to unpack (expected 2)
doc_2006,too many values to unpack (expected 2)
doc_2007,too many values to unpack (expected 2)
doc_2008,too many values to unpack (expected 2)
doc_2009,too many values to unpack (expected 2)
doc_2010,too many values to unpack (expected 2)
doc_2011,too many values to unpack (expected 2)
doc_2012,too many values to unpack (expected 2)
doc_2013,too many values to unpack (expected 2)
doc_2014,too many values to unpack (expected 2)
doc_2015,too many values to unpack (expected 2)
doc_2016,too many values to unpack (expected 2)
doc_2017,too many values to unpack (expected 2)
doc_2018,too many values to unpack (expected 2)
doc_2019,too many values to unpack (expected 2)
doc_2020,too many values to unpack (expected 2)
doc_2021,too many values to unpack (expected 2)
doc_2022,too many values to unpack (expected 2)
doc_2023,too many values to unpack (expected 2)
doc_2024,too many values to unpack (expected 2)
doc_2025,too many values to unpack (expected 2)
doc_2026,too many values to unpack (expected 2)
doc_2027,too many values to unpack (expected 2)
doc_2028,too many values to unpack (expected 2)
doc_2029,too many values to unpack (expected 2)
doc_2030,too many values to unpack (expected 2)
doc_2031,too many values to unpack (expected 2)
doc_2032,too many values to unpack (expected 2)
doc_2033,too many values to unpack (expected 2)
doc_2034,too many values to unpack (expected 2)
doc_2035,too many values to unpack (expected 2)
doc_2036,too many values to unpack (expected 2)
doc_2037,too many values to unpack (expected 2)
doc_2038,too many values to unpack (expected 2)
doc_2039,too many values to unpack (expected 2)
doc_2040,too many values to unpack (expected 2)
doc_2041,too many values to unpack (expected 2)
doc_2042,too many values to unpack (expected 2)
doc_2043,too many values to unpack (expected 2)
doc_2044,too many values to unpack (expected 2)
doc_2045,too many values to unpack (expected 2)
doc_2046,too many values to unpack (expected 2)
doc_2047,too many values to unpack (expected 2)
doc_2048,too many values to unpack (expected 2)
doc_2049,too many values to unpack (expected 2)
doc_2050,too many values to unpack (expected 2)
doc_2051,too many values to unpack (expected 2)
doc_2052,too many values to unpack (expected 2)
doc_2053,too many values to unpack (expected 2)
doc_2054,too many values to unpack (expected 2)
doc_2055,too many values to unpack (expected 2)
doc_2056,too many values to unpack (expected 2)
doc_2057,too many values to unpack (expected 2)
doc_2058,too many values to unpack (expected 2)
doc_2059,too many values to unpack (expected 2)
doc_2060,too many values to unpack (expected 2)
doc_2061,too many values to unpack (expected 2)
doc_2062,too many values to unpack (expected 2)
doc_2063,too many values to unpack (expected 2)
doc_2064,too many values to unpack (expected 2)
doc_2065,too many values to unpack (expected 2)
doc_2066,too many values to unpack (expected 2)
doc_2067,too many values to unpack (expected 2)
doc_2068,too many values to unpack (expected 2)
doc_2069,too many values to unpack (expected 2)
doc_2070,too many values to unpack (expected 2)
doc_2071,too many values to unpack (expected 2)
doc_2072,too many values to unpack (expected 2)
doc_2073,too many values to unpack (expected 2)
doc_2074,too many values to unpack (expected 2)
doc_2075,too many values to unpack (expected 2)
doc_2076,too many values to unpack (expected 2)
doc_2077,too many values to unpack (expected 2)
doc_2078,too many values to unpack (expected 2)
doc_2079,too many values to unpack (expected 2)
doc_2080,too many values to unpack (expected 2)
doc_2081,too many values to unpack (expected 2)
doc_2082,too many values to unpack (expected 2)
doc_2083,too many values to unpack (expected 2)
doc_2084,too many values to unpack (expected 2)
doc_2085,too many values to unpack (expected 2)
doc_2086,too many values to unpack (expected 2)
doc_2087,too many values to unpack (expected 2)
doc_2088,too many values to unpack (expected 2)
doc_2089,too many values to unpack (expected 2)
doc_2090,too many values to unpack (expected 2)
doc_2091,too many values to unpack (expected 2)
doc_2092,too many values to unpack (expected 2)
doc_2093,too many values to unpack (expected 2)
doc_2094,too many values to unpack (expected 2)
doc_2095,too many values to unpack (expected 2)
doc_2096,too many values to unpack (expected 2)
doc_2097,too many values to unpack (expected 2)
doc_2098,too many values to unpack (expected 2)
doc_2099,too many values to unpack (expected 2)
doc_2100,too many values to unpack (expected 2)
doc_2101,too many values to unpack (expected 2)
doc_2102,too many values to unpack (expected 2)
doc_2103,too many values to unpack (expected 2)
doc_2104,too many values to unpack (expected 2)
doc_2105,too many values to unpack (expected 2)
doc_2106,too many values to unpack (expected 2)
doc_2107,too many values to unpack (expected 2)
doc_2108,too many values to unpack (expected 2)
doc_2109,too many values to unpack (expected 2)
doc_2110,too many values to unpack (expected 2)
doc_2111,too many values to unpack (expected 2)
doc_2112,too many values to unpack (expected 2)
doc_2113,too many values to unpack (expected 2)
doc_2114,too many values to unpack (expected 2)
doc_2115,too many values to unpack (expected 2)
doc_2116,too many values to unpack (expected 2)
doc_2117,too many values to unpack (expected 2)
doc_2118,too many values to unpack (expected 2)
doc_2119,too many values to unpack (expected 2)
doc_2120,too many values to unpack (expected 2)
doc_2121,too many values to unpack (expected 2)
doc_2122,too many values to unpack (expected 2)
doc_2123,too many values to unpack (expected 2)
doc_2124,too many values to unpack (expected 2)
doc_2125,too many values to unpack (expected 2)
doc_2126,too many values to unpack (expected 2)
doc_2127,too many values to unpack (expected 2)
doc_2128,too many values to unpack (expected 2)
doc_2129,too many values to unpack (expected 2)
doc_2130,too many values to unpack (expected 2)
doc_2131,too many values to unpack (expected 2)
doc_2132,too many values to unpack (expected 2)
doc_2133,too many values to unpack (expected 2)
doc_2134,too many values to unpack (expected 2)
doc_2135,too many values to unpack (expected 2)
doc_2136,too many values to unpack (expected 2)
doc_2137,too many values to unpack (expected 2)
doc_2138,too many values to unpack (expected 2)
doc_2139,too many values to unpack (expected 2)
doc_2140,too many values to unpack (expected 2)
doc_2141,too many values to unpack (expected 2)
doc_2142,too many values to unpack (expected 2)
doc_2143,too many values to unpack (expected 2)
doc_2144,too many values to unpack (expected 2)
doc_2145,too many values to unpack (expected 2)
doc_2146,too many values to unpack (expected 2)
doc_2147,too many values to unpack (expected 2)
doc_2148,too many values to unpack (expected 2)
doc_2149,too many values to unpack (expected 2)
doc_2150,too many values to unpack (expected 2)
doc_2151,too many values to unpack (expected 2)
doc_2152,too many values to unpack (expected 2)
doc_2153,too many values to unpack (expected 2)
doc_2154,too many values to unpack (expected 2)
doc_2155,too many values to unpack (expected 2)
doc_2156,too many values to unpack (expected 2)
doc_2157,too many values to unpack (expected 2)
doc_2158,too many values to unpack (expected 2)
doc_2159,too many values to unpack (expected 2)
doc_2160,too many values to unpack (expected 2)
doc_2161,too many values to unpack (expected 2)
doc_2162,too many values to unpack (expected 2)
doc_2163,too many values to unpack (expected 2)
doc_2164,too many values to unpack (expected 2)
doc_2165,too many values to unpack (expected 2)
doc_2166,too many values to unpack (expected 2)
doc_2167,too many values to unpack (expected 2)
doc_2168,too many values to unpack (expected 2)
doc_2169,too many values to unpack (expected 2)
doc_2170,too many values to unpack (expected 2)
doc_2171,too many values to unpack (expected 2)
doc_2172,too many values to unpack (expected 2)
doc_2173,too many values to unpack (expected 2)
doc_2174,too many values to unpack (expected 2)
doc_2175,too many values to unpack (expected 2)
doc_2176,too many values to unpack (expected 2)
doc_2177,too many values to unpack (expected 2)
doc_2178,too many values to unpack (expected 2)
doc_2179,too many values to unpack (expected 2)
doc_2180,too many values to unpack (expected 2)
doc_2181,too many values to unpack (expected 2)
doc_2182,too many values to unpack (expected 2)
doc_2183,too many values to unpack (expected 2)
doc_2184,too many values to unpack (expected 2)
doc_2185,too many values to unpack (expected 2)
doc_2186,too many values to unpack (expected 2)
doc_2187,too many values to unpack (expected 2)
doc_2188,too many values to unpack (expected 2)
doc_2189,too many values to unpack (expected 2)
doc_2190,too many values to unpack (expected 2)
doc_2191,too many values to unpack (expected 2)
doc_2192,too many values to unpack (expected 2)
doc_2193,too many values to unpack (expected 2)
doc_2194,too many values to unpack (expected 2)
doc_2195,too many values to unpack (expected 2)
doc_2196,too many values to unpack (expected 2)
doc_2197,too many values to unpack (expected 2)
doc_2198,too many values to unpack (expected 2)
doc_2199,too many values to unpack (expected 2)
doc_2200,too many values to unpack (expected 2)
doc_2201,too many values to unpack (expected 2)
doc_2202,too many values to unpack (expected 2)
doc_2203,too many values to unpack (expected 2)
doc_2204,too many values to unpack (expected 2)
doc_2205,too many values to unpack (expected 2)
doc_2206,too many values to unpack (expected 2)
doc_2207,too many values to unpack (expected 2)
doc_2208,too many values to unpack (expected 2)
doc_2209,too many values to unpack (expected 2)
doc_2210,too many values to unpack (expected 2)
doc_2211,too many values to unpack (expected 2)
doc_2212,too many values to unpack (expected 2)
doc_2213,too many values to unpack (expected 2)
doc_2214,too many values to unpack (expected 2)
doc_2215,too many values to unpack (expected 2)
doc_2216,too many values to unpack (expected 2)
doc_2217,too many values to unpack (expected 2)
doc_2218,too many values to unpack (expected 2)
doc_2219,too many values to unpack (expected 2)
doc_2220,too many values to unpack (expected 2)
doc_2221,too many values to unpack (expected 2)
doc_2222,too many values to unpack (expected 2)
doc_2223,too many values to unpack (expected 2)
doc_2224,too many values to unpack (expected 2)
doc_2225,too many values to unpack (expected 2)
doc_2226,too many values to unpack (expected 2)
doc_2227,too many values to unpack (expected 2)
doc_2228,too many values to unpack (expected 2)
doc_2229,too many values to unpack (expected 2)
doc_2230,too many values to unpack (expected 2)
doc_2231,too many values to unpack (expected 2)
doc_2232,too many values to unpack (expected 2)
doc_2233,too many values to unpack (expected 2)
doc_2234,too many values to unpack (expected 2)
doc_2235,too many values to unpack (expected 2)
doc_2236,too many values to unpack (expected 2)
doc_2237,too many values to unpack (expected 2)
doc_2238,too many values to unpack (expected 2)
doc_2239,too many values to unpack (expected 2)
doc_2240,too many values to unpack (expected 2)
doc_2241,too many values to unpack (expected 2)
doc_2242,too many values to unpack (expected 2)
doc_2243,too many values to unpack (expected 2)
doc_2244,too many values to unpack (expected 2)
doc_2245,too many values to unpack (expected 2)
doc_2246,too many values to unpack (expected 2)
doc_2247,too many values to unpack (expected 2)
doc_2248,too many values to unpack (expected 2)
doc_2249,too many values to unpack (expected 2)
doc_2250,too many values to unpack (expected 2)
doc_2251,too many values to unpack (expected 2)
doc_2252,too many values to unpack (expected 2)
doc_2253,too many values to unpack (expected 2)
doc_2254,too many values to unpack (expected 2)
doc_2255,too many values to unpack (expected 2)
doc_2256,too many values to unpack (expected 2)
doc_2257,too many values to unpack (expected 2)
doc_2258,too many values to unpack (expected 2)
doc_2259,too many values to unpack (expected 2)
doc_2260,too many values to unpack (expected 2)
doc_2261,too many values to unpack (expected 2)
doc_2262,too many values to unpack (expected 2)
doc_2263,too many values to unpack (expected 2)
doc_2264,too many values to unpack (expected 2)
doc_2265,too many values to unpack (expected 2)
doc_2266,too many values to unpack (expected 2)
doc_2267,too many values to unpack (expected 2)
doc_2268,too many values to unpack (expected 2)
doc_2269,too many values to unpack (expected 2)
doc_2270,too many values to unpack (expected 2)
doc_2271,too many values to unpack (expected 2)
doc_2272,too many values to unpack (expected 2)
doc_2273,too many values to unpack (expected 2)
doc_2274,too many values to unpack (expected 2)
doc_2275,too many values to unpack (expected 2)
doc_2276,too many values to unpack (expected 2)
doc_2277,too many values to unpack (expected 2)
doc_2278,too many values to unpack (expected 2)
doc_2279,too many values to unpack (expected 2)
doc_2280,too many values to unpack (expected 2)
doc_2281,too many values to unpack (expected 2)
doc_2282,too many values to unpack (expected 2)
doc_2283,too many values to unpack (expected 2)
doc_2284,too many values to unpack (expected 2)
doc_2285,too many values to unpack (expected 2)
doc_2286,too many values to unpack (expected 2)
doc_2287,too many values to unpack (expected 2)
doc_2288,too many values to unpack (expected 2)
doc_2289,too many values to unpack (expected 2)
doc_2290,too many values to unpack (expected 2)
doc_2291,too many values to unpack (expected 2)
doc_2292,too many values to unpack (expected 2)
doc_2293,too many values to unpack (expected 2)
doc_2294,too many values to unpack (expected 2)
doc_2295,too many values to unpack (expected 2)
doc_2296,too many values to unpack (expected 2)
doc_2297,too many values to unpack (expected 2)
doc_2298,too many values to unpack (expected 2)
doc_2299,too many values to unpack (expected 2)
doc_2300,too many values to unpack (expected 2)
doc_2301,too many values to unpack (expected 2)
doc_2302,too many values to unpack (expected 2)
doc_2303,too many values to unpack (expected 2)
doc_2304,too many values to unpack (expected 2)
doc_2305,too many values to unpack (expected 2)
doc_2306,too many values to unpack (expected 2)
doc_2307,too many values to unpack (expected 2)
doc_2308,too many values to unpack (expected 2)
doc_2309,too many values to unpack (expected 2)
doc_2310,too many values to unpack (expected 2)
doc_2311,too many values to unpack (expected 2)
doc_2312,too many values to unpack (expected 2)
doc_2313,too many values to unpack (expected 2)
doc_2314,too many values to unpack (expected 2)
doc_2315,too many values to unpack (expected 2)
doc_2316,too many values to unpack (expected 2)
doc_2317,too many values to unpack (expected 2)
doc_2318,too many values to unpack (expected 2)
doc_2319,too many values to unpack (expected 2)
doc_2320,too many values to unpack (expected 2)
doc_2321,too many values to unpack (expected 2)
doc_2322,too many values to unpack (expected 2)
doc_2323,too many values to unpack (expected 2)
doc_2324,too many values to unpack (expected 2)
doc_2325,too many values to unpack (expected 2)
doc_2326,too many values to unpack (expected 2)
doc_2327,too many values to unpack (expected 2)
doc_2328,too many values to unpack (expected 2)
doc_2329,too many values to unpack (expected 2)
doc_2330,too many values to unpack (expected 2)
doc_2331,too many values to unpack (expected 2)
doc_2332,too many values to unpack (expected 2)
doc_2333,too many values to unpack (expected 2)
doc_2334,too many values to unpack (expected 2)
doc_2335,too many values to unpack (expected 2)
doc_2336,too many values to unpack (expected 2)
doc_2337,too many values to unpack (expected 2)
doc_2338,too many values to unpack (expected 2)
doc_2339,too many values to unpack (expected 2)
doc_2340,too many values to unpack (expected 2)
doc_2341,too many values to unpack (expected 2)
doc_2342,too many values to unpack (expected 2)
doc_2343,too many values to unpack (expected 2)
doc_2344,too many values to unpack (expected 2)
doc_2345,too many values to unpack (expected 2)
doc_2346,too many values to unpack (expected 2)
doc_2347,too many values to unpack (expected 2)
doc_2348,too many values to unpack (expected 2)
doc_2349,too many values to unpack (expected 2)
doc_2350,too many values to unpack (expected 2)
doc_2351,too many values to unpack (expected 2)
doc_2352,too many values to unpack (expected 2)
doc_2353,too many values to unpack (expected 2)
doc_2354,too many values to unpack (expected 2)
doc_2355,too many values to unpack (expected 2)
doc_2356,too many values to unpack (expected 2)
doc_2357,too many values to unpack (expected 2)
doc_2358,too many values to unpack (expected 2)
doc_2359,too many values to unpack (expected 2)
doc_2360,too many values to unpack (expected 2)
doc_2361,too many values to unpack (expected 2)
doc_2362,too many values to unpack (expected 2)
doc_2363,too many values to unpack (expected 2)
doc_2364,too many values to unpack (expected 2)
doc_2365,too many values to unpack (expected 2)
doc_2366,too many values to unpack (expected 2)
doc_2367,too many values to unpack (expected 2)
doc_2368,too many values to unpack (expected 2)
doc_2369,too many values to unpack (expected 2)
doc_2370,too many values to unpack (expected 2)
doc_2371,too many values to unpack (expected 2)
doc_2372,too many values to unpack (expected 2)
doc_2373,too many values to unpack (expected 2)
doc_2374,too many values to unpack (expected 2)
doc_2375,too many values to unpack (expected 2)
doc_2376,too many values to unpack (expected 2)
doc_2377,too many values to unpack (expected 2)
doc_2378,too many values to unpack (expected 2)
doc_2379,too many values to unpack (expected 2)
doc_2380,too many values to unpack (expected 2)
doc_2381,too many values to unpack (expected 2)
doc_2382,too many values to unpack (expected 2)
doc_2383,too many values to unpack (expected 2)
doc_2384,too many values to unpack (expected 2)
doc_2385,too many values to unpack (expected 2)
doc_2386,too many values to unpack (expected 2)
doc_2387,too many values to unpack (expected 2)
doc_2388,too many values to unpack (expected 2)
doc_2389,too many values to unpack (expected 2)
doc_2390,too many values to unpack (expected 2)
doc_2391,too many values to unpack (expected 2)
doc_2392,too many values to unpack (expected 2)
doc_2393,too many values to unpack (expected 2)
doc_2394,too many values to unpack (expected 2)
doc_2395,too many values to unpack (expected 2)
doc_2396,too many values to unpack (expected 2)
doc_2397,too many values to unpack (expected 2)
doc_2398,too many values to unpack (expected 2)
doc_2399,too many values to unpack (expected 2)
doc_2400,too many values to unpack (expected 2)
doc_2401,too many values to unpack (expected 2)
doc_2402,too many values to unpack (expected 2)
doc_2403,too many values to unpack (expected 2)
doc_2404,too many values to unpack (expected 2)
doc_2405,too many values to unpack (expected 2)
doc_2406,too many values to unpack (expected 2)
doc_2407,too many values to unpack (expected 2)
doc_2408,too many values to unpack (expected 2)
doc_2409,too many values to unpack (expected 2)
doc_2410,too many values to unpack (expected 2)
doc_2411,too many values to unpack (expected 2)
doc_2412,too many values to unpack (expected 2)
doc_2413,too many values to unpack (expected 2)
doc_2414,too many values to unpack (expected 2)
doc_2415,too many values to unpack (expected 2)
doc_2416,too many values to unpack (expected 2)
doc_2417,too many values to unpack (expected 2)
doc_2418,too many values to unpack (expected 2)
doc_2419,too many values to unpack (expected 2)
doc_2420,too many values to unpack (expected 2)
doc_2421,too many values to unpack (expected 2)
doc_2422,too many values to unpack (expected 2)
doc_2423,too many values to unpack (expected 2)
doc_2424,too many values to unpack (expected 2)
doc_2425,too many values to unpack (expected 2)
doc_2426,too many values to unpack (expected 2)
doc_2427,too many values to unpack (expected 2)
doc_2428,too many values to unpack (expected 2)
doc_2429,too many values to unpack (expected 2)
doc_2430,too many values to unpack (expected 2)
doc_2431,too many values to unpack (expected 2)
doc_2432,too many values to unpack (expected 2)
doc_2433,too many values to unpack (expected 2)
doc_2434,too many values to unpack (expected 2)
doc_2435,too many values to unpack (expected 2)
doc_2436,too many values to unpack (expected 2)
doc_2437,too many values to unpack (expected 2)
doc_2438,too many values to unpack (expected 2)
doc_2439,too many values to unpack (expected 2)
doc_2440,too many values to unpack (expected 2)
doc_2441,too many values to unpack (expected 2)
doc_2442,too many values to unpack (expected 2)
doc_2443,too many values to unpack (expected 2)
doc_2444,too many values to unpack (expected 2)
doc_2445,too many values to unpack (expected 2)
doc_2446,too many values to unpack (expected 2)
doc_2447,too many values to unpack (expected 2)
doc_2448,too many values to unpack (expected 2)
doc_2449,too many values to unpack (expected 2)
doc_2450,too many values to unpack (expected 2)
doc_2451,too many values to unpack (expected 2)
doc_2452,too many values to unpack (expected 2)
doc_2453,too many values to unpack (expected 2)
doc_2454,too many values to unpack (expected 2)
doc_2455,too many values to unpack (expected 2)
doc_2456,too many values to unpack (expected 2)
doc_2457,too many values to unpack (expected 2)
doc_2458,too many values to unpack (expected 2)
doc_2459,too many values to unpack (expected 2)
doc_2460,too many values to unpack (expected 2)
doc_2461,too many values to unpack (expected 2)
doc_2462,too many values to unpack (expected 2)
doc_2463,too many values to unpack (expected 2)
doc_2464,too many values to unpack (expected 2)
doc_2465,too many values to unpack (expected 2)
doc_2466,too many values to unpack (expected 2)
doc_2467,too many values to unpack (expected 2)
doc_2468,too many values to unpack (expected 2)
doc_2469,too many values to unpack (expected 2)
doc_2470,too many values to unpack (expected 2)
doc_2471,too many values to unpack (expected 2)
doc_2472,too many values to unpack (expected 2)
doc_2473,too many values to unpack (expected 2)
doc_2474,too many values to unpack (expected 2)
doc_2475,too many values to unpack (expected 2)
doc_2476,too many values to unpack (expected 2)
doc_2477,too many values to unpack (expected 2)
doc_2478,too many values to unpack (expected 2)
doc_2479,too many values to unpack (expected 2)
doc_2480,too many values to unpack (expected 2)
doc_2481,too many values to unpack (expected 2)
doc_2482,too many values to unpack (expected 2)
doc_2483,too many values to unpack (expected 2)
doc_2484,too many values to unpack (expected 2)
doc_2485,too many values to unpack (expected 2)
doc_2486,too many values to unpack (expected 2)
doc_2487,too many values to unpack (expected 2)
doc_2488,too many values to unpack (expected 2)
doc_2489,too many values to unpack (expected 2)
doc_2490,too many values to unpack (expected 2)
doc_2491,too many values to unpack (expected 2)
doc_2492,too many values to unpack (expected 2)
doc_2493,too many values to unpack (expected 2)
doc_2494,too many values to unpack (expected 2)
doc_2495,too many values to unpack (expected 2)
doc_2496,too many values to unpack (expected 2)
doc_2497,too many values to unpack (expected 2)
doc_2498,too many values to unpack (expected 2)
doc_2499,too many values to unpack (expected 2)
doc_2500,too many values to unpack (expected 2)
doc_2501,too many values to unpack (expected 2)
doc_2502,too many values to unpack (expected 2)
doc_2503,too many values to unpack (expected 2)
doc_2504,too many values to unpack (expected 2)
doc_2505,too many values to unpack (expected 2)
doc_2506,too many values to unpack (expected 2)
doc_2507,too many values to unpack (expected 2)
doc_2508,too many values to unpack (expected 2)
doc_2509,too many values to unpack (expected 2)
doc_2510,too many values to unpack (expected 2)
doc_2511,too many values to unpack (expected 2)
doc_2512,too many values to unpack (expected 2)
doc_2513,too many values to unpack (expected 2)
doc_2514,too many values to unpack (expected 2)
doc_2515,too many values to unpack (expected 2)
doc_2516,too many values to unpack (expected 2)
doc_2517,too many values to unpack (expected 2)
doc_2518,too many values to unpack (expected 2)
doc_2519,too many values to unpack (expected 2)
doc_2520,too many values to unpack (expected 2)
doc_2521,too many values to unpack (expected 2)
doc_2522,too many values to unpack (expected 2)
doc_2523,too many values to unpack (expected 2)
doc_2524,too many values to unpack (expected 2)
doc_2525,too many values to unpack (expected 2)
doc_2526,too many values to unpack (expected 2)
doc_2527,too many values to unpack (expected 2)
doc_2528,too many values to unpack (expected 2)
doc_2529,too many values to unpack (expected 2)
doc_2530,too many values to unpack (expected 2)
doc_2531,too many values to unpack (expected 2)
doc_2532,too many values to unpack (expected 2)
doc_2533,too many values to unpack (expected 2)
doc_2534,too many values to unpack (expected 2)
doc_2535,too many values to unpack (expected 2)
doc_2536,too many values to unpack (expected 2)
doc_2537,too many values to unpack (expected 2)
doc_2538,too many values to unpack (expected 2)
doc_2539,too many values to unpack (expected 2)
doc_2540,too many values to unpack (expected 2)
doc_2541,too many values to unpack (expected 2)
doc_2542,too many values to unpack (expected 2)
doc_2543,too many values to unpack (expected 2)
doc_2544,too many values to unpack (expected 2)
doc_2545,too many values to unpack (expected 2)
doc_2546,too many values to unpack (expected 2)
doc_2547,too many values to unpack (expected 2)
doc_2548,too many values to unpack (expected 2)
doc_2549,too many values to unpack (expected 2)
doc_2550,too many values to unpack (expected 2)
doc_2551,too many values to unpack (expected 2)
doc_2552,too many values to unpack (expected 2)
doc_2553,too many values to unpack (expected 2)
doc_2554,too many values to unpack (expected 2)
doc_2555,too many values to unpack (expected 2)
doc_2556,too many values to unpack (expected 2)
doc_2557,too many values to unpack (expected 2)
doc_2558,too many values to unpack (expected 2)
doc_2559,too many values to unpack (expected 2)
doc_2560,too many values to unpack (expected 2)
doc_2561,too many values to unpack (expected 2)
doc_2562,too many values to unpack (expected 2)
doc_2563,too many values to unpack (expected 2)
doc_2564,too many values to unpack (expected 2)
doc_2565,too many values to unpack (expected 2)
doc_2566,too many values to unpack (expected 2)
doc_2567,too many values to unpack (expected 2)
doc_2568,too many values to unpack (expected 2)
doc_2569,too many values to unpack (expected 2)
doc_2570,too many values to unpack (expected 2)
doc_2571,too many values to unpack (expected 2)
doc_2572,too many values to unpack (expected 2)
doc_2573,too many values to unpack (expected 2)
doc_2574,too many values to unpack (expected 2)
doc_2575,too many values to unpack (expected 2)
doc_2576,too many values to unpack (expected 2)
doc_2577,too many values to unpack (expected 2)
doc_2578,too many values to unpack (expected 2)
doc_2579,too many values to unpack (expected 2)
doc_2580,too many values to unpack (expected 2)
doc_2581,too many values to unpack (expected 2)
doc_2582,too many values to unpack (expected 2)
doc_2583,too many values to unpack (expected 2)
doc_2584,too many values to unpack (expected 2)
doc_2585,too many values to unpack (expected 2)
doc_2586,too many values to unpack (expected 2)
doc_2587,too many values to unpack (expected 2)
doc_2588,too many values to unpack (expected 2)
doc_2589,too many values to unpack (expected 2)
doc_2590,too many values to unpack (expected 2)
doc_2591,too many values to unpack (expected 2)
doc_2592,too many values to unpack (expected 2)
doc_2593,too many values to unpack (expected 2)
doc_2594,too many values to unpack (expected 2)
doc_2595,too many values to unpack (expected 2)
doc_2596,too many values to unpack (expected 2)
doc_2597,too many values to unpack (expected 2)
doc_2598,too many values to unpack (expected 2)
doc_2599,too many values to unpack (expected 2)
doc_2600,too many values to unpack (expected 2)
doc_2601,too many values to unpack (expected 2)
doc_2602,too many values to unpack (expected 2)
doc_2603,too many values to unpack (expected 2)
doc_2604,too many values to unpack (expected 2)
doc_2605,too many values to unpack (expected 2)
doc_2606,too many values to unpack (expected 2)
doc_2607,too many values to unpack (expected 2)
doc_2608,too many values to unpack (expected 2)
doc_2609,too many values to unpack (expected 2)
doc_2610,too many values to unpack (expected 2)
doc_2611,too many values to unpack (expected 2)
doc_2612,too many values to unpack (expected 2)
doc_2613,too many values to unpack (expected 2)
doc_2614,too many values to unpack (expected 2)
doc_2615,too many values to unpack (expected 2)
doc_2616,too many values to unpack (expected 2)
doc_2617,too many values to unpack (expected 2)
doc_2618,too many values to unpack (expected 2)
doc_2619,too many values to unpack (expected 2)
doc_2620,too many values to unpack (expected 2)
doc_2621,too many values to unpack (expected 2)
doc_2622,too many values to unpack (expected 2)
doc_2623,too many values to unpack (expected 2)
doc_2624,too many values to unpack (expected 2)
doc_2625,too many values to unpack (expected 2)
doc_2626,too many values to unpack (expected 2)
doc_2627,too many values to unpack (expected 2)
doc_2628,too many values to unpack (expected 2)
doc_2629,too many values to unpack (expected 2)
doc_2630,too many values to unpack (expected 2)
doc_2631,too many values to unpack (expected 2)
doc_2632,too many values to unpack (expected 2)
doc_2633,too many values to unpack (expected 2)
doc_2634,too many values to unpack (expected 2)
doc_2635,too many values to unpack (expected 2)
doc_2636,too many values to unpack (expected 2)
doc_2637,too many values to unpack (expected 2)
doc_2638,too many values to unpack (expected 2)
doc_2639,too many values to unpack (expected 2)
doc_2640,too many values to unpack (expected 2)
doc_2641,too many values to unpack (expected 2)
doc_2642,too many values to unpack (expected 2)
doc_2643,too many values to unpack (expected 2)
doc_2644,too many values to unpack (expected 2)
doc_2645,too many values to unpack (expected 2)
doc_2646,too many values to unpack (expected 2)
doc_2647,too many values to unpack (expected 2)
doc_2648,too many values to unpack (expected 2)
doc_2649,too many values to unpack (expected 2)
doc_2650,too many values to unpack (expected 2)
doc_2651,too many values to unpack (expected 2)
doc_2652,too many values to unpack (expected 2)
doc_2653,too many values to unpack (expected 2)
doc_2654,too many values to unpack (expected 2)
doc_2655,too many values to unpack (expected 2)
doc_2656,too many values to unpack (expected 2)
doc_2657,too many values to unpack (expected 2)
doc_2658,too many values to unpack (expected 2)
doc_2659,too many values to unpack (expected 2)
doc_2660,too many values to unpack (expected 2)
doc_2661,too many values to unpack (expected 2)
doc_2662,too many values to unpack (expected 2)
doc_2663,too many values to unpack (expected 2)
doc_2664,too many values to unpack (expected 2)
doc_2665,too many values to unpack (expected 2)
doc_2666,too many values to unpack (expected 2)
doc_2667,too many values to unpack (expected 2)
doc_2668,too many values to unpack (expected 2)
doc_2669,too many values to unpack (expected 2)
doc_2670,too many values to unpack (expected 2)
doc_2671,too many values to unpack (expected 2)
doc_2672,too many values to unpack (expected 2)
doc_2673,too many values to unpack (expected 2)
doc_2674,too many values to unpack (expected 2)
doc_2675,too many values to unpack (expected 2)
doc_2676,too many values to unpack (expected 2)
doc_2677,too many values to unpack (expected 2)
doc_2678,too many values to unpack (expected 2)
doc_2679,too many values to unpack (expected 2)
doc_2680,too many values to unpack (expected 2)
doc_2681,too many values to unpack (expected 2)
doc_2682,too many values to unpack (expected 2)
doc_2683,too many values to unpack (expected 2)
doc_2684,too many values to unpack (expected 2)
doc_2685,too many values to unpack (expected 2)
doc_2686,too many values to unpack (expected 2)
doc_2687,too many values to unpack (expected 2)
doc_2688,too many values to unpack (expected 2)
doc_2689,too many values to unpack (expected 2)
doc_2690,too many values to unpack (expected 2)
doc_2691,too many values to unpack (expected 2)
doc_2692,too many values to unpack (expected 2)
doc_2693,too many values to unpack (expected 2)
doc_2694,too many values to unpack (expected 2)
doc_2695,too many values to unpack (expected 2)
doc_2696,too many values to unpack (expected 2)
doc_2697,too many values to unpack (expected 2)
doc_2698,too many values to unpack (expected 2)
doc_2699,too many values to unpack (expected 2)
doc_2700,too many values to unpack (expected 2)
doc_2701,too many values to unpack (expected 2)
doc_2702,too many values to unpack (expected 2)
doc_2703,too many values to unpack (expected 2)
doc_2704,too many values to unpack (expected 2)
doc_2705,too many values to unpack (expected 2)
doc_2706,too many values to unpack (expected 2)
doc_2707,too many values to unpack (expected 2)
doc_2708,too many values to unpack (expected 2)
doc_2709,too many values to unpack (expected 2)
doc_2710,too many values to unpack (expected 2)
doc_2711,too many values to unpack (expected 2)
doc_2712,too many values to unpack (expected 2)
doc_2713,too many values to unpack (expected 2)
doc_2714,too many values to unpack (expected 2)
doc_2715,too many values to unpack (expected 2)
doc_2716,too many values to unpack (expected 2)
doc_2717,too many values to unpack (expected 2)
doc_2718,too many values to unpack (expected 2)
doc_2719,too many values to unpack (expected 2)
doc_2720,too many values to unpack (expected 2)
doc_2721,too many values to unpack (expected 2)
doc_2722,too many values to unpack (expected 2)
doc_2723,too many values to unpack (expected 2)
doc_2724,too many values to unpack (expected 2)
doc_2725,too many values to unpack (expected 2)
doc_2726,too many values to unpack (expected 2)
doc_2727,too many values to unpack (expected 2)
doc_2728,too many values to unpack (expected 2)
doc_2729,too many values to unpack (expected 2)
doc_2730,too many values to unpack (expected 2)
doc_2731,too many values to unpack (expected 2)
doc_2732,too many values to unpack (expected 2)
doc_2733,too many values to unpack (expected 2)
doc_2734,too many values to unpack (expected 2)
doc_2735,too many values to unpack (expected 2)
doc_2736,too many values to unpack (expected 2)
doc_2737,too many values to unpack (expected 2)
doc_2738,too many values to unpack (expected 2)
doc_2739,too many values to unpack (expected 2)
doc_2740,too many values to unpack (expected 2)
doc_2741,too many values to unpack (expected 2)
doc_2742,too many values to unpack (expected 2)
doc_2743,too many values to unpack (expected 2)
doc_2744,too many values to unpack (expected 2)
doc_2745,too many values to unpack (expected 2)
doc_2746,too many values to unpack (expected 2)
doc_2747,too many values to unpack (expected 2)
doc_2748,too many values to unpack (expected 2)
doc_2749,too many values to unpack (expected 2)
doc_2750,too many values to unpack (expected 2)
doc_2751,too many values to unpack (expected 2)
doc_2752,too many values to unpack (expected 2)
doc_2753,too many values to unpack (expected 2)
doc_2754,too many values to unpack (expected 2)
doc_2755,too many values to unpack (expected 2)
doc_2756,too many values to unpack (expected 2)
doc_2757,too many values to unpack (expected 2)
doc_2758,too many values to unpack (expected 2)
doc_2759,too many values to unpack (expected 2)
doc_2760,too many values to unpack (expected 2)
doc_2761,too many values to unpack (expected 2)
doc_2762,too many values to unpack (expected 2)
doc_2763,too many values to unpack (expected 2)
doc_2764,too many values to unpack (expected 2)
doc_2765,too many values to unpack (expected 2)
doc_2766,too many values to unpack (expected 2)
doc_2767,too many values to unpack (expected 2)
doc_2768,too many values to unpack (expected 2)
doc_2769,too many values to unpack (expected 2)
doc_2770,too many values to unpack (expected 2)
doc_2771,too many values to unpack (expected 2)
doc_2772,too many values to unpack (expected 2)
doc_2773,too many values to unpack (expected 2)
doc_2774,too many values to unpack (expected 2)
doc_2775,too many values to unpack (expected 2)
doc_2776,too many values to unpack (expected 2)
doc_2777,too many values to unpack (expected 2)
doc_2778,too many values to unpack (expected 2)
doc_2779,too many values to unpack (expected 2)
doc_2780,too many values to unpack (expected 2)
doc_2781,too many values to unpack (expected 2)
doc_2782,too many values to unpack (expected 2)
doc_2783,too many values to unpack (expected 2)
doc_2784,too many values to unpack (expected 2)
doc_2785,too many values to unpack (expected 2)
doc_2786,too many values to unpack (expected 2)
doc_2787,too many values to unpack (expected 2)
doc_2788,too many values to unpack (expected 2)
doc_2789,too many values to unpack (expected 2)
doc_2790,too many values to unpack (expected 2)
doc_2791,too many values to unpack (expected 2)
doc_2792,too many values to unpack (expected 2)
doc_2793,too many values to unpack (expected 2)
doc_2794,too many values to unpack (expected 2)
doc_2795,too many values to unpack (expected 2)
doc_2796,too many values to unpack (expected 2)
doc_2797,too many values to unpack (expected 2)
doc_2798,too many values to unpack (expected 2)
doc_2799,too many values to unpack (expected 2)
doc_2800,too many values to unpack (expected 2)
doc_2801,too many values to unpack (expected 2)
doc_2802,too many values to unpack (expected 2)
doc_2803,too many values to unpack (expected 2)
doc_2804,too many values to unpack (expected 2)
doc_2805,too many values to unpack (expected 2)
doc_2806,too many values to unpack (expected 2)
doc_2807,too many values to unpack (expected 2)
doc_2808,too many values to unpack (expected 2)
doc_2809,too many values to unpack (expected 2)
doc_2810,too many values to unpack (expected 2)
doc_2811,too many values to unpack (expected 2)
doc_2812,too many values to unpack (expected 2)
doc_2813,too many values to unpack (expected 2)
doc_2814,too many values to unpack (expected 2)
doc_2815,too many values to unpack (expected 2)
doc_2816,too many values to unpack (expected 2)
doc_2817,too many values to unpack (expected 2)
doc_2818,too many values to unpack (expected 2)
doc_2819,too many values to unpack (expected 2)
doc_2820,too many values to unpack (expected 2)
doc_2821,too many values to unpack (expected 2)
doc_2822,too many values to unpack (expected 2)
doc_2823,too many values to unpack (expected 2)
doc_2824,too many values to unpack (expected 2)
doc_2825,too many values to unpack (expected 2)
doc_2826,too many values to unpack (expected 2)
doc_2827,too many values to unpack (expected 2)
doc_2828,too many values to unpack (expected 2)
doc_2829,too many values to unpack (expected 2)
doc_2830,too many values to unpack (expected 2)
doc_2831,too many values to unpack (expected 2)
doc_2832,too many values to unpack (expected 2)
doc_2833,too many values to unpack (expected 2)
doc_2834,too many values to unpack (expected 2)
doc_2835,too many values to unpack (expected 2)
doc_2836,too many values to unpack (expected 2)
doc_2837,too many values to unpack (expected 2)
doc_2838,too many values to unpack (expected 2)
doc_2839,too many values to unpack (expected 2)
doc_2840,too many values to unpack (expected 2)
doc_2841,too many values to unpack (expected 2)
doc_2842,too many values to unpack (expected 2)
doc_2843,too many values to unpack (expected 2)
doc_2844,too many values to unpack (expected 2)
doc_2845,too many values to unpack (expected 2)
doc_2846,too many values to unpack (expected 2)
doc_2847,too many values to unpack (expected 2)
doc_2848,too many values to unpack (expected 2)
doc_2849,too many values to unpack (expected 2)
doc_2850,too many values to unpack (expected 2)
doc_2851,too many values to unpack (expected 2)
doc_2852,too many values to unpack (expected 2)
doc_2853,too many values to unpack (expected 2)
doc_2854,too many values to unpack (expected 2)
doc_2855,too many values to unpack (expected 2)
doc_2856,too many values to unpack (expected 2)
doc_2857,too many values to unpack (expected 2)
doc_2858,too many values to unpack (expected 2)
doc_2859,too many values to unpack (expected 2)
doc_2860,too many values to unpack (expected 2)
doc_2861,too many values to unpack (expected 2)
doc_2862,too many values to unpack (expected 2)
doc_2863,too many values to unpack (expected 2)
doc_2864,too many values to unpack (expected 2)
doc_2865,too many values to unpack (expected 2)
doc_2866,too many values to unpack (expected 2)
doc_2867,too many values to unpack (expected 2)
doc_2868,too many values to unpack (expected 2)
doc_2869,too many values to unpack (expected 2)
doc_2870,too many values to unpack (expected 2)
doc_2871,too many values to unpack (expected 2)
doc_2872,too many values to unpack (expected 2)
doc_2873,too many values to unpack (expected 2)
doc_2874,too many values to unpack (expected 2)
doc_2875,too many values to unpack (expected 2)
doc_2876,too many values to unpack (expected 2)
doc_2877,too many values to unpack (expected 2)
doc_2878,too many values to unpack (expected 2)
doc_2879,too many values to unpack (expected 2)
doc_2880,too many values to unpack (expected 2)
doc_2881,too many values to unpack (expected 2)
doc_2882,too many values to unpack (expected 2)
doc_2883,too many values to unpack (expected 2)
doc_2884,too many values to unpack (expected 2)
doc_2885,too many values to unpack (expected 2)
doc_2886,too many values to unpack (expected 2)
doc_2887,too many values to unpack (expected 2)
doc_2888,too many values to unpack (expected 2)
doc_2889,too many values to unpack (expected 2)
doc_2890,too many values to unpack (expected 2)
doc_2891,too many values to unpack (expected 2)
doc_2892,too many values to unpack (expected 2)
doc_2893,too many values to unpack (expected 2)
doc_2894,too many values to unpack (expected 2)
doc_2895,too many values to unpack (expected 2)
doc_2896,too many values to unpack (expected 2)
doc_2897,too many values to unpack (expected 2)
doc_2898,too many values to unpack (expected 2)
doc_2899,too many values to unpack (expected 2)
doc_2900,too many values to unpack (expected 2)
doc_2901,too many values to unpack (expected 2)
doc_2902,too many values to unpack (expected 2)
doc_2903,too many values to unpack (expected 2)
doc_2904,too many values to unpack (expected 2)
doc_2905,too many values to unpack (expected 2)
doc_2906,too many values to unpack (expected 2)
doc_2907,too many values to unpack (expected 2)
doc_2908,too many values to unpack (expected 2)
doc_2909,too many values to unpack (expected 2)
doc_2910,too many values to unpack (expected 2)
doc_2911,too many values to unpack (expected 2)
doc_2912,too many values to unpack (expected 2)
doc_2913,too many values to unpack (expected 2)
doc_2914,too many values to unpack (expected 2)
doc_2915,too many values to unpack (expected 2)
doc_2916,too many values to unpack (expected 2)
doc_2917,too many values to unpack (expected 2)
doc_2918,too many values to unpack (expected 2)
doc_2919,too many values to unpack (expected 2)
doc_2920,too many values to unpack (expected 2)
doc_2921,too many values to unpack (expected 2)
doc_2922,too many values to unpack (expected 2)
doc_2923,too many values to unpack (expected 2)
doc_2924,too many values to unpack (expected 2)
doc_2925,too many values to unpack (expected 2)
doc_2926,too many values to unpack (expected 2)
doc_2927,too many values to unpack (expected 2)
doc_2928,too many values to unpack (expected 2)
doc_2929,too many values to unpack (expected 2)
doc_2930,too many values to unpack (expected 2)
doc_2931,too many values to unpack (expected 2)
doc_2932,too many values to unpack (expected 2)
doc_2933,too many values to unpack (expected 2)
doc_2934,too many values to unpack (expected 2)
doc_2935,too many values to unpack (expected 2)
doc_2936,too many values to unpack (expected 2)
doc_2937,too many values to unpack (expected 2)
doc_2938,too many values to unpack (expected 2)
doc_2939,too many values to unpack (expected 2)
doc_2940,too many values to unpack (expected 2)
doc_2941,too many values to unpack (expected 2)
doc_2942,too many values to unpack (expected 2)
doc_2943,too many values to unpack (expected 2)
doc_2944,too many values to unpack (expected 2)
doc_2945,too many values to unpack (expected 2)
doc_2946,too many values to unpack (expected 2)
doc_2947,too many values to unpack (expected 2)
doc_2948,too many values to unpack (expected 2)
doc_2949,too many values to unpack (expected 2)
doc_2950,too many values to unpack (expected 2)
doc_2951,too many values to unpack (expected 2)
doc_2952,too many values to unpack (expected 2)
doc_2953,too many values to unpack (expected 2)
doc_2954,too many values to unpack (expected 2)
doc_2955,too many values to unpack (expected 2)
doc_2956,too many values to unpack (expected 2)
doc_2957,too many values to unpack (expected 2)
doc_2958,too many values to unpack (expected 2)
doc_2959,too many values to unpack (expected 2)
doc_2960,too many values to unpack (expected 2)
doc_2961,too many values to unpack (expected 2)
doc_2962,too many values to unpack (expected 2)
doc_2963,too many values to unpack (expected 2)
doc_2964,too many values to unpack (expected 2)
doc_2965,too many values to unpack (expected 2)
doc_2966,too many values to unpack (expected 2)
doc_2967,too many values to unpack (expected 2)
doc_2968,too many values to unpack (expected 2)
doc_2969,too many values to unpack (expected 2)
doc_2970,too many values to unpack (expected 2)
doc_2971,too many values to unpack (expected 2)
doc_2972,too many values to unpack (expected 2)
doc_2973,too many values to unpack (expected 2)
doc_2974,too many values to unpack (expected 2)
doc_2975,too many values to unpack (expected 2)
doc_2976,too many values to unpack (expected 2)
doc_2977,too many values to unpack (expected 2)
doc_2978,too many values to unpack (expected 2)
doc_2979,too many values to unpack (expected 2)
doc_2980,too many values to unpack (expected 2)
doc_2981,too many values to unpack (expected 2)
doc_2982,too many values to unpack (expected 2)
doc_2983,too many values to unpack (expected 2)
doc_2984,too many values to unpack (expected 2)
doc_2985,too many values to unpack (expected 2)
doc_2986,too many values to unpack (expected 2)
doc_2987,too many values to unpack (expected 2)
doc_2988,too many values to unpack (expected 2)
doc_2989,too many values to unpack (expected 2)
doc_2990,too many values to unpack (expected 2)
doc_2991,too many values to unpack (expected 2)
doc_2992,too many values to unpack (expected 2)
doc_2993,too many values to unpack (expected 2)
doc_2994,too many values to unpack (expected 2)
doc_2995,too many values to unpack (expected 2)
doc_2996,too many values to unpack (expected 2)
doc_2997,too many values to unpack (expected 2)
doc_2998,too many values to unpack (expected 2)
doc_2999,too many values to unpack (expected 2)
doc_3000,too many values to unpack (expected 2)
doc_3001,too many values to unpack (expected 2)
doc_3002,too many values to unpack (expected 2)
doc_3003,too many values to unpack (expected 2)
doc_3004,too many values to unpack (expected 2)
doc_3005,too many values to unpack (expected 2)
doc_3006,too many values to unpack (expected 2)
doc_3007,too many values to unpack (expected 2)
doc_3008,too many values to unpack (expected 2)
doc_3009,too many values to unpack (expected 2)
doc_3010,too many values to unpack (expected 2)
doc_3011,too many values to unpack (expected 2)
doc_3012,too many values to unpack (expected 2)
doc_3013,too many values to unpack (expected 2)
doc_3014,too many values to unpack (expected 2)
doc_3015,too many values to unpack (expected 2)
doc_3016,too many values to unpack (expected 2)
doc_3017,too many values to unpack (expected 2)
doc_3018,too many values to unpack (expected 2)
doc_3019,too many values to unpack (expected 2)
doc_3020,too many values to unpack (expected 2)
doc_3021,too many values to unpack (expected 2)
doc_3022,too many values to unpack (expected 2)
doc_3023,too many values to unpack (expected 2)
doc_3024,too many values to unpack (expected 2)
doc_3025,too many values to unpack (expected 2)
doc_3026,too many values to unpack (expected 2)
doc_3027,too many values to unpack (expected 2)
doc_3028,too many values to unpack (expected 2)
doc_3029,too many values to unpack (expected 2)
doc_3030,too many values to unpack (expected 2)
doc_3031,too many values to unpack (expected 2)
doc_3032,too many values to unpack (expected 2)
doc_3033,too many values to unpack (expected 2)
doc_3034,too many values to unpack (expected 2)
doc_3035,too many values to unpack (expected 2)
doc_3036,too many values to unpack (expected 2)
doc_3037,too many values to unpack (expected 2)
doc_3038,too many values to unpack (expected 2)
doc_3039,too many values to unpack (expected 2)
doc_3040,too many values to unpack (expected 2)
doc_3041,too many values to unpack (expected 2)
doc_3042,too many values to unpack (expected 2)
doc_3043,too many values to unpack (expected 2)
doc_3044,too many values to unpack (expected 2)
doc_3045,too many values to unpack (expected 2)
doc_3046,too many values to unpack (expected 2)
doc_3047,too many values to unpack (expected 2)
doc_3048,too many values to unpack (expected 2)
doc_3049,too many values to unpack (expected 2)
doc_3050,too many values to unpack (expected 2)
doc_3051,too many values to unpack (expected 2)
doc_3052,too many values to unpack (expected 2)
doc_3053,too many values to unpack (expected 2)
doc_3054,too many values to unpack (expected 2)
doc_3055,too many values to unpack (expected 2)
doc_3056,too many values to unpack (expected 2)
doc_3057,too many values to unpack (expected 2)
doc_3058,too many values to unpack (expected 2)
doc_3059,too many values to unpack (expected 2)
doc_3060,too many values to unpack (expected 2)
doc_3061,too many values to unpack (expected 2)
doc_3062,too many values to unpack (expected 2)
doc_3063,too many values to unpack (expected 2)
doc_3064,too many values to unpack (expected 2)
doc_3065,too many values to unpack (expected 2)
doc_3066,too many values to unpack (expected 2)
doc_3067,too many values to unpack (expected 2)
doc_3068,too many values to unpack (expected 2)
doc_3069,too many values to unpack (expected 2)
doc_3070,too many values to unpack (expected 2)
doc_3071,too many values to unpack (expected 2)
doc_3072,too many values to unpack (expected 2)
doc_3073,too many values to unpack (expected 2)
doc_3074,too many values to unpack (expected 2)
doc_3075,too many values to unpack (expected 2)
doc_3076,too many values to unpack (expected 2)
doc_3077,too many values to unpack (expected 2)
doc_3078,too many values to unpack (expected 2)
doc_3079,too many values to unpack (expected 2)
doc_3080,too many values to unpack (expected 2)
doc_3081,too many values to unpack (expected 2)
doc_3082,too many values to unpack (expected 2)
doc_3083,too many values to unpack (expected 2)
doc_3084,too many values to unpack (expected 2)
doc_3085,too many values to unpack (expected 2)
doc_3086,too many values to unpack (expected 2)
doc_3087,too many values to unpack (expected 2)
doc_3088,too many values to unpack (expected 2)
doc_3089,too many values to unpack (expected 2)
doc_3090,too many values to unpack (expected 2)
doc_3091,too many values to unpack (expected 2)
doc_3092,too many values to unpack (expected 2)
doc_3093,too many values to unpack (expected 2)
doc_3094,too many values to unpack (expected 2)
doc_3095,too many values to unpack (expected 2)
doc_3096,too many values to unpack (expected 2)
doc_3097,too many values to unpack (expected 2)
doc_3098,too many values to unpack (expected 2)
doc_3099,too many values to unpack (expected 2)
doc_3100,too many values to unpack (expected 2)
doc_3101,too many values to unpack (expected 2)
doc_3102,too many values to unpack (expected 2)
doc_3103,too many values to unpack (expected 2)
doc_3104,too many values to unpack (expected 2)
doc_3105,too many values to unpack (expected 2)
doc_3106,too many values to unpack (expected 2)
doc_3107,too many values to unpack (expected 2)
doc_3108,too many values to unpack (expected 2)
doc_3109,too many values to unpack (expected 2)
doc_3110,too many values to unpack (expected 2)
doc_3111,too many values to unpack (expected 2)
doc_3112,too many values to unpack (expected 2)
doc_3113,too many values to unpack (expected 2)
doc_3114,too many values to unpack (expected 2)
doc_3115,too many values to unpack (expected 2)
doc_3116,too many values to unpack (expected 2)
doc_3117,too many values to unpack (expected 2)
doc_3118,too many values to unpack (expected 2)
doc_3119,too many values to unpack (expected 2)
doc_3120,too many values to unpack (expected 2)
doc_3121,too many values to unpack (expected 2)
doc_3122,too many values to unpack (expected 2)
doc_3123,too many values to unpack (expected 2)
doc_3124,too many values to unpack (expected 2)
doc_3125,too many values to unpack (expected 2)
doc_3126,too many values to unpack (expected 2)
doc_3127,too many values to unpack (expected 2)
doc_3128,too many values to unpack (expected 2)
doc_3129,too many values to unpack (expected 2)
doc_3130,too many values to unpack (expected 2)
doc_3131,too many values to unpack (expected 2)
doc_3132,too many values to unpack (expected 2)
doc_3133,too many values to unpack (expected 2)
doc_3134,too many values to unpack (expected 2)
doc_3135,too many values to unpack (expected 2)
doc_3136,too many values to unpack (expected 2)
doc_3137,too many values to unpack (expected 2)
doc_3138,too many values to unpack (expected 2)
doc_3139,too many values to unpack (expected 2)
doc_3140,too many values to unpack (expected 2)
doc_3141,too many values to unpack (expected 2)
doc_3143,too many values to unpack (expected 2)
doc_3144,too many values to unpack (expected 2)
doc_3145,too many values to unpack (expected 2)
doc_3146,too many values to unpack (expected 2)
doc_3147,too many values to unpack (expected 2)
doc_3148,too many values to unpack (expected 2)
doc_3149,too many values to unpack (expected 2)
doc_3150,too many values to unpack (expected 2)
doc_3151,too many values to unpack (expected 2)
doc_3152,too many values to unpack (expected 2)
doc_3153,too many values to unpack (expected 2)
doc_3154,too many values to unpack (expected 2)
doc_3155,too many values to unpack (expected 2)
doc_3156,too many values to unpack (expected 2)
doc_3157,too many values to unpack (expected 2)
doc_3158,too many values to unpack (expected 2)
doc_3159,too many values to unpack (expected 2)
doc_3160,too many values to unpack (expected 2)
doc_3161,too many values to unpack (expected 2)
doc_3162,too many values to unpack (expected 2)
doc_3163,too many values to unpack (expected 2)
doc_3164,too many values to unpack (expected 2)
doc_3165,too many values to unpack (expected 2)
doc_3166,too many values to unpack (expected 2)
doc_3167,too many values to unpack (expected 2)
doc_3168,too many values to unpack (expected 2)
doc_3169,too many values to unpack (expected 2)
doc_3170,too many values to unpack (expected 2)
doc_3171,too many values to unpack (expected 2)
doc_3172,too many values to unpack (expected 2)
doc_3173,too many values to unpack (expected 2)
doc_3174,too many values to unpack (expected 2)
doc_3175,too many values to unpack (expected 2)
doc_3176,too many values to unpack (expected 2)
doc_3177,too many values to unpack (expected 2)
doc_3178,too many values to unpack (expected 2)
doc_3179,too many values to unpack (expected 2)
doc_3180,too many values to unpack (expected 2)
doc_3181,too many values to unpack (expected 2)
doc_3182,too many values to unpack (expected 2)
doc_3183,too many values to unpack (expected 2)
doc_3184,too many values to unpack (expected 2)
doc_3185,too many values to unpack (expected 2)
doc_3186,too many values to unpack (expected 2)
doc_3187,too many values to unpack (expected 2)
doc_3188,too many values to unpack (expected 2)
doc_3189,too many values to unpack (expected 2)
doc_3190,too many values to unpack (expected 2)
doc_3191,too many values to unpack (expected 2)
doc_3192,too many values to unpack (expected 2)
doc_3193,too many values to unpack (expected 2)
doc_3194,too many values to unpack (expected 2)
doc_3195,too many values to unpack (expected 2)
doc_3196,too many values to unpack (expected 2)
doc_3197,too many values to unpack (expected 2)
doc_3198,too many values to unpack (expected 2)
doc_3199,too many values to unpack (expected 2)
doc_3200,too many values to unpack (expected 2)
doc_3201,too many values to unpack (expected 2)
doc_3202,too many values to unpack (expected 2)
doc_3203,too many values to unpack (expected 2)
doc_3204,too many values to unpack (expected 2)
doc_3205,too many values to unpack (expected 2)
doc_3206,too many values to unpack (expected 2)
doc_3207,too many values to unpack (expected 2)
doc_3208,too many values to unpack (expected 2)
doc_3209,too many values to unpack (expected 2)
doc_3210,too many values to unpack (expected 2)
doc_3211,too many values to unpack (expected 2)
doc_3212,too many values to unpack (expected 2)
doc_3213,too many values to unpack (expected 2)
doc_3214,too many values to unpack (expected 2)
doc_3215,too many values to unpack (expected 2)
doc_3216,too many values to unpack (expected 2)
doc_3217,too many values to unpack (expected 2)
doc_3218,too many values to unpack (expected 2)
doc_3219,too many values to unpack (expected 2)
doc_3220,too many values to unpack (expected 2)
doc_3221,too many values to unpack (expected 2)
doc_3222,too many values to unpack (expected 2)
doc_3223,too many values to unpack (expected 2)
doc_3224,too many values to unpack (expected 2)
doc_3225,too many values to unpack (expected 2)
doc_3226,too many values to unpack (expected 2)
doc_3227,too many values to unpack (expected 2)
doc_3228,too many values to unpack (expected 2)
doc_3229,too many values to unpack (expected 2)
doc_3230,too many values to unpack (expected 2)
doc_3231,too many values to unpack (expected 2)
doc_3232,too many values to unpack (expected 2)
doc_3233,too many values to unpack (expected 2)
doc_3234,too many values to unpack (expected 2)
doc_3235,too many values to unpack (expected 2)
doc_3236,too many values to unpack (expected 2)
doc_3237,too many values to unpack (expected 2)
doc_3238,too many values to unpack (expected 2)
doc_3239,too many values to unpack (expected 2)
doc_3240,too many values to unpack (expected 2)
doc_3241,too many values to unpack (expected 2)
doc_3242,too many values to unpack (expected 2)
doc_3243,too many values to unpack (expected 2)
doc_3244,too many values to unpack (expected 2)
doc_3245,too many values to unpack (expected 2)
doc_3246,too many values to unpack (expected 2)
doc_3247,too many values to unpack (expected 2)
doc_3248,too many values to unpack (expected 2)
doc_3249,too many values to unpack (expected 2)
doc_3250,too many values to unpack (expected 2)
doc_3251,too many values to unpack (expected 2)
doc_3252,too many values to unpack (expected 2)
doc_3253,too many values to unpack (expected 2)
doc_3254,too many values to unpack (expected 2)
doc_3255,too many values to unpack (expected 2)
doc_3256,too many values to unpack (expected 2)
doc_3257,too many values to unpack (expected 2)
doc_3258,too many values to unpack (expected 2)
doc_3259,too many values to unpack (expected 2)
doc_3260,too many values to unpack (expected 2)
doc_3261,too many values to unpack (expected 2)
doc_3262,too many values to unpack (expected 2)
doc_3263,too many values to unpack (expected 2)
doc_3264,too many values to unpack (expected 2)
doc_3265,too many values to unpack (expected 2)
doc_3266,too many values to unpack (expected 2)
doc_3267,too many values to unpack (expected 2)
doc_3268,too many values to unpack (expected 2)
doc_3269,too many values to unpack (expected 2)
doc_3270,too many values to unpack (expected 2)
doc_3271,too many values to unpack (expected 2)
doc_3272,too many values to unpack (expected 2)
doc_3273,too many values to unpack (expected 2)
doc_3274,too many values to unpack (expected 2)
doc_3275,too many values to unpack (expected 2)
doc_3276,too many values to unpack (expected 2)
doc_3277,too many values to unpack (expected 2)
doc_3278,too many values to unpack (expected 2)
doc_3279,too many values to unpack (expected 2)
doc_3280,too many values to unpack (expected 2)
doc_3281,too many values to unpack (expected 2)
doc_3282,too many values to unpack (expected 2)
doc_3283,too many values to unpack (expected 2)
doc_3284,too many values to unpack (expected 2)
doc_3285,too many values to unpack (expected 2)
doc_3286,too many values to unpack (expected 2)
doc_3287,too many values to unpack (expected 2)
doc_3288,too many values to unpack (expected 2)
doc_3289,too many values to unpack (expected 2)
doc_3290,too many values to unpack (expected 2)
doc_3291,too many values to unpack (expected 2)
doc_3292,too many values to unpack (expected 2)
doc_3293,too many values to unpack (expected 2)
doc_3294,too many values to unpack (expected 2)
doc_3295,too many values to unpack (expected 2)
doc_3296,too many values to unpack (expected 2)
doc_3297,too many values to unpack (expected 2)
doc_3298,too many values to unpack (expected 2)
doc_3299,too many values to unpack (expected 2)
doc_3300,too many values to unpack (expected 2)
doc_3301,too many values to unpack (expected 2)
doc_3302,too many values to unpack (expected 2)
doc_3303,too many values to unpack (expected 2)
doc_3304,too many values to unpack (expected 2)
doc_3305,too many values to unpack (expected 2)
doc_3306,too many values to unpack (expected 2)
doc_3307,too many values to unpack (expected 2)
doc_3308,too many values to unpack (expected 2)
doc_3309,too many values to unpack (expected 2)
doc_3310,too many values to unpack (expected 2)
doc_3311,too many values to unpack (expected 2)
doc_3312,too many values to unpack (expected 2)
doc_3313,too many values to unpack (expected 2)
doc_3314,too many values to unpack (expected 2)
doc_3315,too many values to unpack (expected 2)
doc_3316,too many values to unpack (expected 2)
doc_3317,too many values to unpack (expected 2)
doc_3318,too many values to unpack (expected 2)
doc_3319,too many values to unpack (expected 2)
doc_3320,too many values to unpack (expected 2)
doc_3321,too many values to unpack (expected 2)
doc_3322,too many values to unpack (expected 2)
doc_3323,too many values to unpack (expected 2)
doc_3324,too many values to unpack (expected 2)
doc_3325,too many values to unpack (expected 2)
doc_3326,too many values to unpack (expected 2)
doc_3327,too many values to unpack (expected 2)
doc_3328,too many values to unpack (expected 2)
doc_3329,too many values to unpack (expected 2)
doc_3330,too many values to unpack (expected 2)
doc_3331,too many values to unpack (expected 2)
doc_3332,too many values to unpack (expected 2)
doc_3333,too many values to unpack (expected 2)
doc_3334,too many values to unpack (expected 2)
doc_3335,too many values to unpack (expected 2)
doc_3336,too many values to unpack (expected 2)
doc_3337,too many values to unpack (expected 2)
doc_3338,too many values to unpack (expected 2)
doc_3339,too many values to unpack (expected 2)
doc_3340,too many values to unpack (expected 2)
doc_3341,too many values to unpack (expected 2)
doc_3342,too many values to unpack (expected 2)
doc_3343,too many values to unpack (expected 2)
doc_3344,too many values to unpack (expected 2)
doc_3345,too many values to unpack (expected 2)
doc_3346,too many values to unpack (expected 2)
doc_3347,too many values to unpack (expected 2)
doc_3348,too many values to unpack (expected 2)
doc_3349,too many values to unpack (expected 2)
doc_3350,too many values to unpack (expected 2)
doc_3351,too many values to unpack (expected 2)
doc_3352,too many values to unpack (expected 2)
doc_3353,too many values to unpack (expected 2)
doc_3354,too many values to unpack (expected 2)
doc_3355,too many values to unpack (expected 2)
doc_3356,too many values to unpack (expected 2)
doc_3357,too many values to unpack (expected 2)
doc_3358,too many values to unpack (expected 2)
doc_3359,too many values to unpack (expected 2)
doc_3360,too many values to unpack (expected 2)
doc_3361,too many values to unpack (expected 2)
doc_3362,too many values to unpack (expected 2)
doc_3363,too many values to unpack (expected 2)
doc_3364,too many values to unpack (expected 2)
doc_3365,too many values to unpack (expected 2)
doc_3366,too many values to unpack (expected 2)
doc_3367,too many values to unpack (expected 2)
doc_3368,too many values to unpack (expected 2)
doc_3369,too many values to unpack (expected 2)
doc_3370,too many values to unpack (expected 2)
doc_3371,too many values to unpack (expected 2)
doc_3372,too many values to unpack (expected 2)
doc_3373,too many values to unpack (expected 2)
doc_3374,too many values to unpack (expected 2)
doc_3375,too many values to unpack (expected 2)
doc_3376,too many values to unpack (expected 2)
doc_3377,too many values to unpack (expected 2)
doc_3378,too many values to unpack (expected 2)
doc_3379,too many values to unpack (expected 2)
doc_3380,too many values to unpack (expected 2)
doc_3381,too many values to unpack (expected 2)
doc_3382,too many values to unpack (expected 2)
doc_3383,too many values to unpack (expected 2)
doc_3384,too many values to unpack (expected 2)
doc_3385,too many values to unpack (expected 2)
doc_3386,too many values to unpack (expected 2)
doc_3387,too many values to unpack (expected 2)
doc_3388,too many values to unpack (expected 2)
doc_3389,too many values to unpack (expected 2)
doc_3390,too many values to unpack (expected 2)
doc_3391,too many values to unpack (expected 2)
doc_3392,too many values to unpack (expected 2)
doc_3393,too many values to unpack (expected 2)
doc_3394,too many values to unpack (expected 2)
doc_3395,too many values to unpack (expected 2)
doc_3396,too many values to unpack (expected 2)
doc_3397,too many values to unpack (expected 2)
doc_3398,too many values to unpack (expected 2)
doc_3399,too many values to unpack (expected 2)
doc_3400,too many values to unpack (expected 2)
doc_3401,too many values to unpack (expected 2)
doc_3402,too many values to unpack (expected 2)
doc_3403,too many values to unpack (expected 2)
doc_3404,too many values to unpack (expected 2)
doc_3405,too many values to unpack (expected 2)
doc_3406,too many values to unpack (expected 2)
doc_3407,too many values to unpack (expected 2)
doc_3408,too many values to unpack (expected 2)
doc_3409,too many values to unpack (expected 2)
doc_3410,too many values to unpack (expected 2)
doc_3411,too many values to unpack (expected 2)
doc_3412,too many values to unpack (expected 2)
doc_3413,too many values to unpack (expected 2)
doc_3414,too many values to unpack (expected 2)
doc_3415,too many values to unpack (expected 2)
doc_3416,too many values to unpack (expected 2)
doc_3417,too many values to unpack (expected 2)
doc_3418,too many values to unpack (expected 2)
doc_3419,too many values to unpack (expected 2)
doc_3420,too many values to unpack (expected 2)
doc_3421,too many values to unpack (expected 2)
doc_3422,too many values to unpack (expected 2)
doc_3423,too many values to unpack (expected 2)
doc_3424,too many values to unpack (expected 2)
doc_3425,too many values to unpack (expected 2)
doc_3426,too many values to unpack (expected 2)
doc_3427,too many values to unpack (expected 2)
doc_3428,too many values to unpack (expected 2)
doc_3429,too many values to unpack (expected 2)
doc_3430,too many values to unpack (expected 2)
doc_3431,too many values to unpack (expected 2)
doc_3432,too many values to unpack (expected 2)
doc_3433,too many values to unpack (expected 2)
doc_3434,too many values to unpack (expected 2)
doc_3435,too many values to unpack (expected 2)
doc_3436,too many values to unpack (expected 2)
doc_3437,too many values to unpack (expected 2)
doc_3438,too many values to unpack (expected 2)
doc_3439,too many values to unpack (expected 2)
doc_3440,too many values to unpack (expected 2)
doc_3441,too many values to unpack (expected 2)
doc_3442,too many values to unpack (expected 2)
doc_3443,too many values to unpack (expected 2)
doc_3444,too many values to unpack (expected 2)
doc_3445,too many values to unpack (expected 2)
doc_3446,too many values to unpack (expected 2)
doc_3447,too many values to unpack (expected 2)
doc_3448,too many values to unpack (expected 2)
doc_3449,too many values to unpack (expected 2)
doc_3450,too many values to unpack (expected 2)
doc_3451,too many values to unpack (expected 2)
doc_3452,too many values to unpack (expected 2)
doc_3453,too many values to unpack (expected 2)
doc_3454,too many values to unpack (expected 2)
doc_3455,too many values to unpack (expected 2)
doc_3456,too many values to unpack (expected 2)
doc_3457,too many values to unpack (expected 2)
doc_3458,too many values to unpack (expected 2)
doc_3459,too many values to unpack (expected 2)
doc_3460,too many values to unpack (expected 2)
doc_3461,too many values to unpack (expected 2)
doc_3462,too many values to unpack (expected 2)
doc_3463,too many values to unpack (expected 2)
doc_3464,too many values to unpack (expected 2)
doc_3465,too many values to unpack (expected 2)
doc_3466,too many values to unpack (expected 2)
doc_3467,too many values to unpack (expected 2)
doc_3468,too many values to unpack (expected 2)
doc_3469,too many values to unpack (expected 2)
doc_3470,too many values to unpack (expected 2)
doc_3471,too many values to unpack (expected 2)
doc_3472,too many values to unpack (expected 2)
doc_3473,too many values to unpack (expected 2)
doc_3474,too many values to unpack (expected 2)
doc_3475,too many values to unpack (expected 2)
doc_3476,too many values to unpack (expected 2)
doc_3477,too many values to unpack (expected 2)
doc_3478,too many values to unpack (expected 2)
doc_3479,too many values to unpack (expected 2)
doc_3480,too many values to unpack (expected 2)
doc_3481,too many values to unpack (expected 2)
doc_3482,too many values to unpack (expected 2)
doc_3483,too many values to unpack (expected 2)
doc_3484,too many values to unpack (expected 2)
doc_3485,too many values to unpack (expected 2)
doc_3486,too many values to unpack (expected 2)
doc_3487,too many values to unpack (expected 2)
doc_3488,too many values to unpack (expected 2)
doc_3489,too many values to unpack (expected 2)
doc_3490,too many values to unpack (expected 2)
doc_3491,too many values to unpack (expected 2)
doc_3492,too many values to unpack (expected 2)
doc_3493,too many values to unpack (expected 2)
doc_3494,too many values to unpack (expected 2)
doc_3495,too many values to unpack (expected 2)
doc_3496,too many values to unpack (expected 2)
doc_3497,too many values to unpack (expected 2)
doc_3498,too many values to unpack (expected 2)
doc_3499,too many values to unpack (expected 2)
doc_3500,too many values to unpack (expected 2)
doc_3501,too many values to unpack (expected 2)
doc_3502,too many values to unpack (expected 2)
doc_3503,too many values to unpack (expected 2)
doc_3504,too many values to unpack (expected 2)
doc_3505,too many values to unpack (expected 2)
doc_3506,too many values to unpack (expected 2)
doc_3507,too many values to unpack (expected 2)
doc_3508,too many values to unpack (expected 2)
doc_3509,too many values to unpack (expected 2)
doc_3510,too many values to unpack (expected 2)
doc_3511,too many values to unpack (expected 2)
doc_3512,too many values to unpack (expected 2)
doc_3513,too many values to unpack (expected 2)
doc_3514,too many values to unpack (expected 2)
doc_3515,too many values to unpack (expected 2)
doc_3516,too many values to unpack (expected 2)
doc_3517,too many values to unpack (expected 2)
doc_3518,too many values to unpack (expected 2)
doc_3519,too many values to unpack (expected 2)
doc_3520,too many values to unpack (expected 2)
doc_3521,too many values to unpack (expected 2)
doc_3522,too many values to unpack (expected 2)
doc_3523,too many values to unpack (expected 2)
doc_3524,too many values to unpack (expected 2)
doc_3525,too many values to unpack (expected 2)
doc_3526,too many values to unpack (expected 2)
doc_3527,too many values to unpack (expected 2)
doc_3528,too many values to unpack (expected 2)
doc_3529,too many values to unpack (expected 2)
doc_3530,too many values to unpack (expected 2)
doc_3531,too many values to unpack (expected 2)
doc_3532,too many values to unpack (expected 2)
doc_3533,too many values to unpack (expected 2)
doc_3534,too many values to unpack (expected 2)
doc_3535,too many values to unpack (expected 2)
doc_3536,too many values to unpack (expected 2)
doc_3537,too many values to unpack (expected 2)
doc_3538,too many values to unpack (expected 2)
doc_3539,too many values to unpack (expected 2)
doc_3540,too many values to unpack (expected 2)
doc_3541,too many values to unpack (expected 2)
doc_3542,too many values to unpack (expected 2)
doc_3543,too many values to unpack (expected 2)
doc_3544,too many values to unpack (expected 2)
doc_3545,too many values to unpack (expected 2)
doc_3546,too many values to unpack (expected 2)
doc_3547,too many values to unpack (expected 2)
doc_3548,too many values to unpack (expected 2)
doc_3549,too many values to unpack (expected 2)
doc_3550,too many values to unpack (expected 2)
doc_3551,too many values to unpack (expected 2)
doc_3552,too many values to unpack (expected 2)
doc_3553,too many values to unpack (expected 2)
doc_3554,too many values to unpack (expected 2)
doc_3555,too many values to unpack (expected 2)
doc_3556,too many values to unpack (expected 2)
doc_3557,too many values to unpack (expected 2)
doc_3558,too many values to unpack (expected 2)
doc_3559,too many values to unpack (expected 2)
doc_3560,too many values to unpack (expected 2)
doc_3561,too many values to unpack (expected 2)
doc_3562,too many values to unpack (expected 2)
doc_3563,too many values to unpack (expected 2)
doc_3564,too many values to unpack (expected 2)
doc_3565,too many values to unpack (expected 2)
doc_3566,too many values to unpack (expected 2)
doc_3567,too many values to unpack (expected 2)
doc_3568,too many values to unpack (expected 2)
doc_3569,too many values to unpack (expected 2)
doc_3570,too many values to unpack (expected 2)
doc_3571,too many values to unpack (expected 2)
doc_3572,too many values to unpack (expected 2)
doc_3573,too many values to unpack (expected 2)
doc_3574,too many values to unpack (expected 2)
doc_3575,too many values to unpack (expected 2)
doc_3576,too many values to unpack (expected 2)
doc_3577,too many values to unpack (expected 2)
doc_3578,too many values to unpack (expected 2)
doc_3579,too many values to unpack (expected 2)
doc_3580,too many values to unpack (expected 2)
doc_3581,too many values to unpack (expected 2)
doc_3582,too many values to unpack (expected 2)
doc_3583,too many values to unpack (expected 2)
doc_3584,too many values to unpack (expected 2)
doc_3585,too many values to unpack (expected 2)
doc_3586,too many values to unpack (expected 2)
doc_3587,too many values to unpack (expected 2)
doc_3588,too many values to unpack (expected 2)
doc_3589,too many values to unpack (expected 2)
doc_3590,too many values to unpack (expected 2)
doc_3591,too many values to unpack (expected 2)
doc_3592,too many values to unpack (expected 2)
doc_3593,too many values to unpack (expected 2)
doc_3594,too many values to unpack (expected 2)
doc_3595,too many values to unpack (expected 2)
doc_3596,too many values to unpack (expected 2)
doc_3597,too many values to unpack (expected 2)
doc_3598,too many values to unpack (expected 2)
doc_3599,too many values to unpack (expected 2)
doc_3600,too many values to unpack (expected 2)
doc_3601,too many values to unpack (expected 2)
doc_3602,too many values to unpack (expected 2)
doc_3603,too many values to unpack (expected 2)
doc_3604,too many values to unpack (expected 2)
doc_3605,too many values to unpack (expected 2)
doc_3606,too many values to unpack (expected 2)
doc_3607,too many values to unpack (expected 2)
doc_3608,too many values to unpack (expected 2)
doc_3609,too many values to unpack (expected 2)
doc_3610,too many values to unpack (expected 2)
doc_3611,too many values to unpack (expected 2)
doc_3612,too many values to unpack (expected 2)
doc_3613,too many values to unpack (expected 2)
doc_3614,too many values to unpack (expected 2)
doc_3615,too many values to unpack (expected 2)
doc_3616,too many values to unpack (expected 2)
doc_3617,too many values to unpack (expected 2)
doc_3618,too many values to unpack (expected 2)
doc_3619,too many values to unpack (expected 2)
doc_3620,too many values to unpack (expected 2)
doc_3621,too many values to unpack (expected 2)
doc_3622,too many values to unpack (expected 2)
doc_3623,too many values to unpack (expected 2)
doc_3624,too many values to unpack (expected 2)
doc_3625,too many values to unpack (expected 2)
doc_3626,too many values to unpack (expected 2)
doc_3627,too many values to unpack (expected 2)
doc_3628,too many values to unpack (expected 2)
doc_3629,too many values to unpack (expected 2)
doc_3630,too many values to unpack (expected 2)
doc_3631,too many values to unpack (expected 2)
doc_3632,too many values to unpack (expected 2)
doc_3633,too many values to unpack (expected 2)
doc_3634,too many values to unpack (expected 2)
doc_3635,too many values to unpack (expected 2)
doc_3636,too many values to unpack (expected 2)
doc_3637,too many values to unpack (expected 2)
doc_3638,too many values to unpack (expected 2)
doc_3639,too many values to unpack (expected 2)
doc_3640,too many values to unpack (expected 2)
doc_3641,too many values to unpack (expected 2)
doc_3642,too many values to unpack (expected 2)
doc_3643,too many values to unpack (expected 2)
doc_3644,too many values to unpack (expected 2)
doc_3645,too many values to unpack (expected 2)
doc_3646,too many values to unpack (expected 2)
doc_3647,too many values to unpack (expected 2)
doc_3648,too many values to unpack (expected 2)
doc_3649,too many values to unpack (expected 2)
doc_3650,too many values to unpack (expected 2)
doc_3651,too many values to unpack (expected 2)
doc_3652,too many values to unpack (expected 2)
doc_3653,too many values to unpack (expected 2)
doc_3654,too many values to unpack (expected 2)
doc_3655,too many values to unpack (expected 2)
doc_3656,too many values to unpack (expected 2)
doc_3657,too many values to unpack (expected 2)
doc_3658,too many values to unpack (expected 2)
doc_3659,too many values to unpack (expected 2)
doc_3660,too many values to unpack (expected 2)
doc_3661,too many values to unpack (expected 2)
doc_3662,too many values to unpack (expected 2)
doc_3663,too many values to unpack (expected 2)
doc_3664,too many values to unpack (expected 2)
doc_3665,too many values to unpack (expected 2)
doc_3666,too many values to unpack (expected 2)
doc_3667,too many values to unpack (expected 2)
doc_3668,too many values to unpack (expected 2)
doc_3669,too many values to unpack (expected 2)
doc_3670,too many values to unpack (expected 2)
doc_3671,too many values to unpack (expected 2)
doc_3672,too many values to unpack (expected 2)
doc_3673,too many values to unpack (expected 2)
doc_3674,too many values to unpack (expected 2)
doc_3675,too many values to unpack (expected 2)
doc_3676,too many values to unpack (expected 2)
doc_3677,too many values to unpack (expected 2)
doc_3678,too many values to unpack (expected 2)
doc_3679,too many values to unpack (expected 2)
doc_3680,too many values to unpack (expected 2)
doc_3681,too many values to unpack (expected 2)
doc_3682,too many values to unpack (expected 2)
doc_3683,too many values to unpack (expected 2)
doc_3684,too many values to unpack (expected 2)
doc_3685,too many values to unpack (expected 2)
doc_3686,too many values to unpack (expected 2)
doc_3687,too many values to unpack (expected 2)
doc_3688,too many values to unpack (expected 2)
doc_3689,too many values to unpack (expected 2)
doc_3690,too many values to unpack (expected 2)
doc_3691,too many values to unpack (expected 2)
doc_3692,too many values to unpack (expected 2)
doc_3693,too many values to unpack (expected 2)
doc_3694,too many values to unpack (expected 2)
doc_3695,too many values to unpack (expected 2)
doc_3696,too many values to unpack (expected 2)
doc_3697,too many values to unpack (expected 2)
doc_3698,too many values to unpack (expected 2)
doc_3699,too many values to unpack (expected 2)
doc_3700,too many values to unpack (expected 2)
doc_3701,too many values to unpack (expected 2)
doc_3702,too many values to unpack (expected 2)
doc_3703,too many values to unpack (expected 2)
doc_3704,too many values to unpack (expected 2)
doc_3705,too many values to unpack (expected 2)
doc_3706,too many values to unpack (expected 2)
doc_3707,too many values to unpack (expected 2)
doc_3708,too many values to unpack (expected 2)
doc_3709,too many values to unpack (expected 2)
doc_3710,too many values to unpack (expected 2)
doc_3711,too many values to unpack (expected 2)
doc_3712,too many values to unpack (expected 2)
doc_3713,too many values to unpack (expected 2)
doc_3714,too many values to unpack (expected 2)
doc_3715,too many values to unpack (expected 2)
doc_3716,too many values to unpack (expected 2)
doc_3717,too many values to unpack (expected 2)
doc_3718,too many values to unpack (expected 2)
doc_3719,too many values to unpack (expected 2)
doc_3720,too many values to unpack (expected 2)
doc_3721,too many values to unpack (expected 2)
doc_3722,too many values to unpack (expected 2)
doc_3723,too many values to unpack (expected 2)
doc_3724,too many values to unpack (expected 2)
doc_3725,too many values to unpack (expected 2)
doc_3726,too many values to unpack (expected 2)
doc_3727,too many values to unpack (expected 2)
doc_3728,too many values to unpack (expected 2)
doc_3729,too many values to unpack (expected 2)
doc_3730,too many values to unpack (expected 2)
doc_3731,too many values to unpack (expected 2)
doc_3732,too many values to unpack (expected 2)
doc_3733,too many values to unpack (expected 2)
doc_3734,too many values to unpack (expected 2)
doc_3735,too many values to unpack (expected 2)
doc_3736,too many values to unpack (expected 2)
doc_3737,too many values to unpack (expected 2)
doc_3738,too many values to unpack (expected 2)
doc_3739,too many values to unpack (expected 2)
doc_3740,too many values to unpack (expected 2)
doc_3741,too many values to unpack (expected 2)
doc_3742,too many values to unpack (expected 2)
doc_3743,too many values to unpack (expected 2)
doc_3744,too many values to unpack (expected 2)
doc_3745,too many values to unpack (expected 2)
doc_3746,too many values to unpack (expected 2)
doc_3747,too many values to unpack (expected 2)
doc_3748,too many values to unpack (expected 2)
doc_3749,too many values to unpack (expected 2)
doc_3750,too many values to unpack (expected 2)
doc_3751,too many values to unpack (expected 2)
doc_3752,too many values to unpack (expected 2)
doc_3753,too many values to unpack (expected 2)
doc_3754,too many values to unpack (expected 2)
doc_3755,too many values to unpack (expected 2)
doc_3756,too many values to unpack (expected 2)
doc_3757,too many values to unpack (expected 2)
doc_3758,too many values to unpack (expected 2)
doc_3759,too many values to unpack (expected 2)
doc_3760,too many values to unpack (expected 2)
doc_3761,too many values to unpack (expected 2)
doc_3762,too many values to unpack (expected 2)
doc_3763,too many values to unpack (expected 2)
doc_3764,too many values to unpack (expected 2)
doc_3765,too many values to unpack (expected 2)
doc_3766,too many values to unpack (expected 2)
doc_3767,too many values to unpack (expected 2)
doc_3768,too many values to unpack (expected 2)
doc_3769,too many values to unpack (expected 2)
doc_3770,too many values to unpack (expected 2)
doc_3771,too many values to unpack (expected 2)
doc_3772,too many values to unpack (expected 2)
doc_3773,too many values to unpack (expected 2)
doc_3774,too many values to unpack (expected 2)
doc_3775,too many values to unpack (expected 2)
doc_3776,too many values to unpack (expected 2)
doc_3777,too many values to unpack (expected 2)
doc_3778,too many values to unpack (expected 2)
doc_3779,too many values to unpack (expected 2)
doc_3780,too many values to unpack (expected 2)
doc_3781,too many values to unpack (expected 2)
doc_3782,too many values to unpack (expected 2)
doc_3783,too many values to unpack (expected 2)
doc_3784,too many values to unpack (expected 2)
doc_3785,too many values to unpack (expected 2)
doc_3786,too many values to unpack (expected 2)
doc_3787,too many values to unpack (expected 2)
doc_3788,too many values to unpack (expected 2)
doc_3789,too many values to unpack (expected 2)
doc_3790,too many values to unpack (expected 2)
doc_3791,too many values to unpack (expected 2)
doc_3792,too many values to unpack (expected 2)
doc_3793,too many values to unpack (expected 2)
doc_3794,too many values to unpack (expected 2)
doc_3795,too many values to unpack (expected 2)
doc_3796,too many values to unpack (expected 2)
doc_3797,too many values to unpack (expected 2)
doc_3798,too many values to unpack (expected 2)
doc_3799,too many values to unpack (expected 2)
doc_3800,too many values to unpack (expected 2)
doc_3801,too many values to unpack (expected 2)
doc_3802,too many values to unpack (expected 2)
doc_3803,too many values to unpack (expected 2)
doc_3804,too many values to unpack (expected 2)
doc_3805,too many values to unpack (expected 2)
doc_3806,too many values to unpack (expected 2)
doc_3807,too many values to unpack (expected 2)
doc_3808,too many values to unpack (expected 2)
doc_3809,too many values to unpack (expected 2)
doc_3810,too many values to unpack (expected 2)
doc_3811,too many values to unpack (expected 2)
doc_3812,too many values to unpack (expected 2)
doc_3813,too many values to unpack (expected 2)
doc_3814,too many values to unpack (expected 2)
doc_3815,too many values to unpack (expected 2)
doc_3816,too many values to unpack (expected 2)
doc_3817,too many values to unpack (expected 2)
doc_3818,too many values to unpack (expected 2)
doc_3819,too many values to unpack (expected 2)
doc_3820,too many values to unpack (expected 2)
doc_3821,too many values to unpack (expected 2)
doc_3822,too many values to unpack (expected 2)
doc_3823,too many values to unpack (expected 2)
doc_3824,too many values to unpack (expected 2)
doc_3825,too many values to unpack (expected 2)
doc_3826,too many values to unpack (expected 2)
doc_3827,too many values to unpack (expected 2)
doc_3828,too many values to unpack (expected 2)
doc_3829,too many values to unpack (expected 2)
doc_3830,too many values to unpack (expected 2)
doc_3831,too many values to unpack (expected 2)
doc_3832,too many values to unpack (expected 2)
doc_3833,too many values to unpack (expected 2)
doc_3834,too many values to unpack (expected 2)
doc_3835,too many values to unpack (expected 2)
doc_3836,too many values to unpack (expected 2)
doc_3837,too many values to unpack (expected 2)
doc_3838,too many values to unpack (expected 2)
doc_3839,too many values to unpack (expected 2)
doc_3840,too many values to unpack (expected 2)
doc_3841,too many values to unpack (expected 2)
doc_3842,too many values to unpack (expected 2)
doc_3843,too many values to unpack (expected 2)
doc_3844,too many values to unpack (expected 2)
doc_3845,too many values to unpack (expected 2)
doc_3846,too many values to unpack (expected 2)
doc_3847,too many values to unpack (expected 2)
doc_3848,too many values to unpack (expected 2)
doc_3849,too many values to unpack (expected 2)
doc_3850,too many values to unpack (expected 2)
doc_3851,too many values to unpack (expected 2)
doc_3852,too many values to unpack (expected 2)
doc_3853,too many values to unpack (expected 2)
doc_3854,too many values to unpack (expected 2)
doc_3855,too many values to unpack (expected 2)
doc_3856,too many values to unpack (expected 2)
doc_3857,too many values to unpack (expected 2)
doc_3858,too many values to unpack (expected 2)
doc_3859,too many values to unpack (expected 2)
doc_3860,too many values to unpack (expected 2)
doc_3861,too many values to unpack (expected 2)
doc_3862,too many values to unpack (expected 2)
doc_3863,too many values to unpack (expected 2)
doc_3864,too many values to unpack (expected 2)
doc_3865,too many values to unpack (expected 2)
doc_3866,too many values to unpack (expected 2)
doc_3867,too many values to unpack (expected 2)
doc_3868,too many values to unpack (expected 2)
doc_3869,too many values to unpack (expected 2)
doc_3870,too many values to unpack (expected 2)
doc_3871,too many values to unpack (expected 2)
doc_3872,too many values to unpack (expected 2)
doc_3873,too many values to unpack (expected 2)
doc_3874,too many values to unpack (expected 2)
doc_3875,too many values to unpack (expected 2)
doc_3876,too many values to unpack (expected 2)
doc_3877,too many values to unpack (expected 2)
doc_3878,too many values to unpack (expected 2)
doc_3879,too many values to unpack (expected 2)
doc_3880,too many values to unpack (expected 2)
doc_3881,too many values to unpack (expected 2)
doc_3882,too many values to unpack (expected 2)
doc_3883,too many values to unpack (expected 2)
doc_3884,too many values to unpack (expected 2)
doc_3885,too many values to unpack (expected 2)
doc_3886,too many values to unpack (expected 2)
doc_3887,too many values to unpack (expected 2)
doc_3888,too many values to unpack (expected 2)
doc_3889,too many values to unpack (expected 2)
doc_3890,too many values to unpack (expected 2)
doc_3891,too many values to unpack (expected 2)
doc_3892,too many values to unpack (expected 2)
doc_3893,too many values to unpack (expected 2)
doc_3894,too many values to unpack (expected 2)
doc_3895,too many values to unpack (expected 2)
doc_3896,too many values to unpack (expected 2)
doc_3897,too many values to unpack (expected 2)
doc_3898,too many values to unpack (expected 2)
doc_3899,too many values to unpack (expected 2)
doc_3900,too many values to unpack (expected 2)
doc_3901,too many values to unpack (expected 2)
doc_3902,too many values to unpack (expected 2)
doc_3903,too many values to unpack (expected 2)
doc_3904,too many values to unpack (expected 2)
doc_3905,too many values to unpack (expected 2)
doc_3906,too many values to unpack (expected 2)
doc_3907,too many values to unpack (expected 2)
doc_3908,too many values to unpack (expected 2)
doc_3909,too many values to unpack (expected 2)
doc_3910,too many values to unpack (expected 2)
doc_3911,too many values to unpack (expected 2)
doc_3912,too many values to unpack (expected 2)
doc_3913,too many values to unpack (expected 2)
doc_3914,too many values to unpack (expected 2)
doc_3915,too many values to unpack (expected 2)
doc_3916,too many values to unpack (expected 2)
doc_3917,too many values to unpack (expected 2)
doc_3918,too many values to unpack (expected 2)
doc_3919,too many values to unpack (expected 2)
doc_3920,too many values to unpack (expected 2)
doc_3921,too many values to unpack (expected 2)
doc_3922,too many values to unpack (expected 2)
doc_3923,too many values to unpack (expected 2)
doc_3924,too many values to unpack (expected 2)
doc_3925,too many values to unpack (expected 2)
doc_3926,too many values to unpack (expected 2)
doc_3927,too many values to unpack (expected 2)
doc_3928,too many values to unpack (expected 2)
doc_3929,too many values to unpack (expected 2)
doc_3930,too many values to unpack (expected 2)
doc_3931,too many values to unpack (expected 2)
doc_3932,too many values to unpack (expected 2)
doc_3933,too many values to unpack (expected 2)
doc_3934,too many values to unpack (expected 2)
doc_3935,too many values to unpack (expected 2)
doc_3936,too many values to unpack (expected 2)
doc_3937,too many values to unpack (expected 2)
doc_3938,too many values to unpack (expected 2)
doc_3939,too many values to unpack (expected 2)
doc_3940,too many values to unpack (expected 2)
doc_3941,too many values to unpack (expected 2)
doc_3942,too many values to unpack (expected 2)
doc_3943,too many values to unpack (expected 2)
doc_3944,too many values to unpack (expected 2)
doc_3945,too many values to unpack (expected 2)
doc_3946,too many values to unpack (expected 2)
doc_3947,too many values to unpack (expected 2)
doc_3948,too many values to unpack (expected 2)
doc_3949,too many values to unpack (expected 2)
doc_3950,too many values to unpack (expected 2)
doc_3951,too many values to unpack (expected 2)
doc_3952,too many values to unpack (expected 2)
doc_3953,too many values to unpack (expected 2)
doc_3954,too many values to unpack (expected 2)
doc_3955,too many values to unpack (expected 2)
doc_3956,too many values to unpack (expected 2)
doc_3957,too many values to unpack (expected 2)
doc_3958,too many values to unpack (expected 2)
doc_3959,too many values to unpack (expected 2)
doc_3960,too many values to unpack (expected 2)
doc_3961,too many values to unpack (expected 2)
doc_3962,too many values to unpack (expected 2)
doc_3963,too many values to unpack (expected 2)
doc_3964,too many values to unpack (expected 2)
doc_3965,too many values to unpack (expected 2)
doc_3966,too many values to unpack (expected 2)
doc_3967,too many values to unpack (expected 2)
doc_3968,too many values to unpack (expected 2)
doc_3969,too many values to unpack (expected 2)
doc_3970,too many values to unpack (expected 2)
doc_3971,too many values to unpack (expected 2)
doc_3972,too many values to unpack (expected 2)
doc_3973,too many values to unpack (expected 2)
doc_3974,too many values to unpack (expected 2)
doc_3975,too many values to unpack (expected 2)
doc_3976,too many values to unpack (expected 2)
doc_3977,too many values to unpack (expected 2)
doc_3978,too many values to unpack (expected 2)
doc_3979,too many values to unpack (expected 2)
doc_3980,too many values to unpack (expected 2)
doc_3981,too many values to unpack (expected 2)
doc_3982,too many values to unpack (expected 2)
doc_3983,too many values to unpack (expected 2)
doc_3984,too many values to unpack (expected 2)
doc_3985,too many values to unpack (expected 2)
doc_3986,too many values to unpack (expected 2)
doc_3987,too many values to unpack (expected 2)
doc_3988,too many values to unpack (expected 2)
doc_3989,too many values to unpack (expected 2)
doc_3990,too many values to unpack (expected 2)
doc_3991,too many values to unpack (expected 2)
doc_3992,too many values to unpack (expected 2)
doc_3993,too many values to unpack (expected 2)
doc_3994,too many values to unpack (expected 2)
doc_3995,too many values to unpack (expected 2)
doc_3996,too many values to unpack (expected 2)
doc_3997,too many values to unpack (expected 2)
doc_3998,too many values to unpack (expected 2)
doc_3999,too many values to unpack (expected 2)
doc_4000,too many values to unpack (expected 2)
doc_4001,too many values to unpack (expected 2)
doc_4002,too many values to unpack (expected 2)
doc_4003,too many values to unpack (expected 2)
doc_4004,too many values to unpack (expected 2)
doc_4005,too many values to unpack (expected 2)
doc_4006,too many values to unpack (expected 2)
doc_4007,too many values to unpack (expected 2)
doc_4008,too many values to unpack (expected 2)
doc_4009,too many values to unpack (expected 2)
doc_4010,too many values to unpack (expected 2)
doc_4011,too many values to unpack (expected 2)
doc_4012,too many values to unpack (expected 2)
doc_4013,too many values to unpack (expected 2)
doc_4014,too many values to unpack (expected 2)
doc_4015,too many values to unpack (expected 2)
doc_4016,too many values to unpack (expected 2)
doc_4017,too many values to unpack (expected 2)
doc_4018,too many values to unpack (expected 2)
doc_4019,too many values to unpack (expected 2)
doc_4020,too many values to unpack (expected 2)
doc_4021,too many values to unpack (expected 2)
doc_4022,too many values to unpack (expected 2)
doc_4023,too many values to unpack (expected 2)
doc_4024,too many values to unpack (expected 2)
doc_4025,too many values to unpack (expected 2)
doc_4026,too many values to unpack (expected 2)
doc_4027,too many values to unpack (expected 2)
doc_4028,too many values to unpack (expected 2)
doc_4029,too many values to unpack (expected 2)
doc_4030,too many values to unpack (expected 2)
doc_4031,too many values to unpack (expected 2)
doc_4032,too many values to unpack (expected 2)
doc_4033,too many values to unpack (expected 2)
doc_4034,too many values to unpack (expected 2)
doc_4035,too many values to unpack (expected 2)
doc_4036,too many values to unpack (expected 2)
doc_4037,too many values to unpack (expected 2)
doc_4038,too many values to unpack (expected 2)
doc_4039,too many values to unpack (expected 2)
doc_4040,too many values to unpack (expected 2)
doc_4041,too many values to unpack (expected 2)
doc_4042,too many values to unpack (expected 2)
doc_4043,too many values to unpack (expected 2)
doc_4044,too many values to unpack (expected 2)
doc_4045,too many values to unpack (expected 2)
doc_4046,too many values to unpack (expected 2)
doc_4047,too many values to unpack (expected 2)
doc_4048,too many values to unpack (expected 2)
doc_4049,too many values to unpack (expected 2)
doc_4050,too many values to unpack (expected 2)
doc_4051,too many values to unpack (expected 2)
doc_4052,too many values to unpack (expected 2)
doc_4053,too many values to unpack (expected 2)
doc_4054,too many values to unpack (expected 2)
doc_4055,too many values to unpack (expected 2)
doc_4056,too many values to unpack (expected 2)
doc_4057,too many values to unpack (expected 2)
doc_4058,too many values to unpack (expected 2)
doc_4059,too many values to unpack (expected 2)
doc_4060,too many values to unpack (expected 2)
doc_4061,too many values to unpack (expected 2)
doc_4062,too many values to unpack (expected 2)
doc_4063,too many values to unpack (expected 2)
doc_4064,too many values to unpack (expected 2)
doc_4065,too many values to unpack (expected 2)
doc_4066,too many values to unpack (expected 2)
doc_4067,too many values to unpack (expected 2)
doc_4068,too many values to unpack (expected 2)
doc_4069,too many values to unpack (expected 2)
doc_4070,too many values to unpack (expected 2)
doc_4071,too many values to unpack (expected 2)
doc_4072,too many values to unpack (expected 2)
doc_4073,too many values to unpack (expected 2)
doc_4074,too many values to unpack (expected 2)
doc_4075,too many values to unpack (expected 2)
doc_4076,too many values to unpack (expected 2)
doc_4077,too many values to unpack (expected 2)
doc_4078,too many values to unpack (expected 2)
doc_4079,too many values to unpack (expected 2)
doc_4080,too many values to unpack (expected 2)
doc_4081,too many values to unpack (expected 2)
doc_4082,too many values to unpack (expected 2)
doc_4083,too many values to unpack (expected 2)
doc_4084,too many values to unpack (expected 2)
doc_4085,too many values to unpack (expected 2)
doc_4086,too many values to unpack (expected 2)
doc_4087,too many values to unpack (expected 2)
doc_4088,too many values to unpack (expected 2)
doc_4089,too many values to unpack (expected 2)
doc_4090,too many values to unpack (expected 2)
doc_4091,too many values to unpack (expected 2)
doc_4092,too many values to unpack (expected 2)
doc_4093,too many values to unpack (expected 2)
doc_4094,too many values to unpack (expected 2)
doc_4095,too many values to unpack (expected 2)
doc_4096,too many values to unpack (expected 2)
doc_4097,too many values to unpack (expected 2)
doc_4098,too many values to unpack (expected 2)
doc_4099,too many values to unpack (expected 2)
doc_4100,too many values to unpack (expected 2)
doc_4101,too many values to unpack (expected 2)
doc_4102,too many values to unpack (expected 2)
doc_4103,too many values to unpack (expected 2)
doc_4104,too many values to unpack (expected 2)
doc_4105,too many values to unpack (expected 2)
doc_4106,too many values to unpack (expected 2)
doc_4107,too many values to unpack (expected 2)
doc_4108,too many values to unpack (expected 2)
doc_4109,too many values to unpack (expected 2)
doc_4110,too many values to unpack (expected 2)
doc_4111,too many values to unpack (expected 2)
doc_4112,too many values to unpack (expected 2)
doc_4113,too many values to unpack (expected 2)
doc_4114,too many values to unpack (expected 2)
doc_4115,too many values to unpack (expected 2)
doc_4116,too many values to unpack (expected 2)
doc_4117,too many values to unpack (expected 2)
doc_4118,too many values to unpack (expected 2)
doc_4119,too many values to unpack (expected 2)
doc_4120,too many values to unpack (expected 2)
doc_4121,too many values to unpack (expected 2)
doc_4122,too many values to unpack (expected 2)
doc_4123,too many values to unpack (expected 2)
doc_4124,too many values to unpack (expected 2)
doc_4125,too many values to unpack (expected 2)
doc_4126,too many values to unpack (expected 2)
doc_4127,too many values to unpack (expected 2)
doc_4128,too many values to unpack (expected 2)
doc_4129,too many values to unpack (expected 2)
doc_4130,too many values to unpack (expected 2)
doc_4131,too many values to unpack (expected 2)
doc_4132,too many values to unpack (expected 2)
doc_4133,too many values to unpack (expected 2)
doc_4134,too many values to unpack (expected 2)
doc_4135,too many values to unpack (expected 2)
doc_4136,too many values to unpack (expected 2)
doc_4137,too many values to unpack (expected 2)
doc_4138,too many values to unpack (expected 2)
doc_4139,too many values to unpack (expected 2)
doc_4140,too many values to unpack (expected 2)
doc_4141,too many values to unpack (expected 2)
doc_4142,too many values to unpack (expected 2)
doc_4143,too many values to unpack (expected 2)
doc_4144,too many values to unpack (expected 2)
doc_4145,too many values to unpack (expected 2)
doc_4146,too many values to unpack (expected 2)
doc_4147,too many values to unpack (expected 2)
doc_4148,too many values to unpack (expected 2)
doc_4149,too many values to unpack (expected 2)
doc_4150,too many values to unpack (expected 2)
doc_4151,too many values to unpack (expected 2)
doc_4152,too many values to unpack (expected 2)
doc_4153,too many values to unpack (expected 2)
doc_4154,too many values to unpack (expected 2)
doc_4155,too many values to unpack (expected 2)
doc_4156,too many values to unpack (expected 2)
doc_4157,too many values to unpack (expected 2)
doc_4158,too many values to unpack (expected 2)
doc_4159,too many values to unpack (expected 2)
doc_4160,too many values to unpack (expected 2)
doc_4161,too many values to unpack (expected 2)
doc_4162,too many values to unpack (expected 2)
doc_4163,too many values to unpack (expected 2)
doc_4164,too many values to unpack (expected 2)
doc_4165,too many values to unpack (expected 2)
doc_4166,too many values to unpack (expected 2)
doc_4167,too many values to unpack (expected 2)
doc_4168,too many values to unpack (expected 2)
doc_4169,too many values to unpack (expected 2)
doc_4170,too many values to unpack (expected 2)
doc_4171,too many values to unpack (expected 2)
doc_4172,too many values to unpack (expected 2)
doc_4173,too many values to unpack (expected 2)
doc_4174,too many values to unpack (expected 2)
doc_4175,too many values to unpack (expected 2)
doc_4176,too many values to unpack (expected 2)
doc_4177,too many values to unpack (expected 2)
doc_4178,too many values to unpack (expected 2)
doc_4179,too many values to unpack (expected 2)
doc_4180,too many values to unpack (expected 2)
doc_4181,too many values to unpack (expected 2)
doc_4182,too many values to unpack (expected 2)
doc_4183,too many values to unpack (expected 2)
doc_4184,too many values to unpack (expected 2)
doc_4185,too many values to unpack (expected 2)
doc_4186,too many values to unpack (expected 2)
doc_4187,too many values to unpack (expected 2)
doc_4188,too many values to unpack (expected 2)
doc_4189,too many values to unpack (expected 2)
doc_4190,too many values to unpack (expected 2)
doc_4191,too many values to unpack (expected 2)
doc_4192,too many values to unpack (expected 2)
doc_4193,too many values to unpack (expected 2)
doc_4194,too many values to unpack (expected 2)
doc_4195,too many values to unpack (expected 2)
doc_4196,too many values to unpack (expected 2)
doc_4197,too many values to unpack (expected 2)
doc_4198,too many values to unpack (expected 2)
doc_4199,too many values to unpack (expected 2)
doc_4200,too many values to unpack (expected 2)
doc_4201,too many values to unpack (expected 2)
doc_4202,too many values to unpack (expected 2)
doc_4203,too many values to unpack (expected 2)
doc_4204,too many values to unpack (expected 2)
doc_4205,too many values to unpack (expected 2)
doc_4206,too many values to unpack (expected 2)
doc_4207,too many values to unpack (expected 2)
doc_4208,too many values to unpack (expected 2)
doc_4209,too many values to unpack (expected 2)
doc_4210,too many values to unpack (expected 2)
doc_4211,too many values to unpack (expected 2)
doc_4212,too many values to unpack (expected 2)
doc_4213,too many values to unpack (expected 2)
doc_4214,too many values to unpack (expected 2)
doc_4215,too many values to unpack (expected 2)
doc_4216,too many values to unpack (expected 2)
doc_4217,too many values to unpack (expected 2)
doc_4218,too many values to unpack (expected 2)
doc_4219,too many values to unpack (expected 2)
doc_4220,too many values to unpack (expected 2)
doc_4221,too many values to unpack (expected 2)
doc_4222,too many values to unpack (expected 2)
doc_4223,too many values to unpack (expected 2)
doc_4224,too many values to unpack (expected 2)
doc_4225,too many values to unpack (expected 2)
doc_4226,too many values to unpack (expected 2)
doc_4227,too many values to unpack (expected 2)
doc_4228,too many values to unpack (expected 2)
doc_4229,too many values to unpack (expected 2)
doc_4230,too many values to unpack (expected 2)
doc_4231,too many values to unpack (expected 2)
doc_4232,too many values to unpack (expected 2)
doc_4233,too many values to unpack (expected 2)
doc_4234,too many values to unpack (expected 2)
doc_4235,too many values to unpack (expected 2)
doc_4236,too many values to unpack (expected 2)
doc_4237,too many values to unpack (expected 2)
doc_4238,too many values to unpack (expected 2)
doc_4239,too many values to unpack (expected 2)
doc_4240,too many values to unpack (expected 2)
doc_4241,too many values to unpack (expected 2)
doc_4242,too many values to unpack (expected 2)
doc_4243,too many values to unpack (expected 2)
doc_4244,too many values to unpack (expected 2)
doc_4245,too many values to unpack (expected 2)
doc_4246,too many values to unpack (expected 2)
doc_4247,too many values to unpack (expected 2)
doc_4248,too many values to unpack (expected 2)
doc_4249,too many values to unpack (expected 2)
doc_4250,too many values to unpack (expected 2)
doc_4251,too many values to unpack (expected 2)
doc_4252,too many values to unpack (expected 2)
doc_4253,too many values to unpack (expected 2)
doc_4254,too many values to unpack (expected 2)
doc_4255,too many values to unpack (expected 2)
doc_4256,too many values to unpack (expected 2)
doc_4257,too many values to unpack (expected 2)
doc_4258,too many values to unpack (expected 2)
doc_4259,too many values to unpack (expected 2)
doc_4260,too many values to unpack (expected 2)
doc_4261,too many values to unpack (expected 2)
doc_4262,too many values to unpack (expected 2)
doc_4263,too many values to unpack (expected 2)
doc_4264,too many values to unpack (expected 2)
doc_4265,too many values to unpack (expected 2)
doc_4266,too many values to unpack (expected 2)
doc_4267,too many values to unpack (expected 2)
doc_4268,too many values to unpack (expected 2)
doc_4269,too many values to unpack (expected 2)
doc_4270,too many values to unpack (expected 2)
doc_4271,too many values to unpack (expected 2)
doc_4272,too many values to unpack (expected 2)
doc_4273,too many values to unpack (expected 2)
doc_4274,too many values to unpack (expected 2)
doc_4275,too many values to unpack (expected 2)
doc_4276,too many values to unpack (expected 2)
doc_4277,too many values to unpack (expected 2)
doc_4278,too many values to unpack (expected 2)
doc_4279,too many values to unpack (expected 2)
doc_4280,too many values to unpack (expected 2)
doc_4281,too many values to unpack (expected 2)
doc_4282,too many values to unpack (expected 2)
doc_4283,too many values to unpack (expected 2)
doc_4284,too many values to unpack (expected 2)
doc_4285,too many values to unpack (expected 2)
doc_4286,too many values to unpack (expected 2)
doc_4287,too many values to unpack (expected 2)
doc_4288,too many values to unpack (expected 2)
doc_4289,too many values to unpack (expected 2)
doc_4290,too many values to unpack (expected 2)
doc_4291,too many values to unpack (expected 2)
doc_4292,too many values to unpack (expected 2)
doc_4293,too many values to unpack (expected 2)
doc_4294,too many values to unpack (expected 2)
doc_4295,too many values to unpack (expected 2)
doc_4296,too many values to unpack (expected 2)
doc_4297,too many values to unpack (expected 2)
doc_4298,too many values to unpack (expected 2)
doc_4299,too many values to unpack (expected 2)
doc_4300,too many values to unpack (expected 2)
doc_4301,too many values to unpack (expected 2)
doc_4302,too many values to unpack (expected 2)
doc_4303,too many values to unpack (expected 2)
doc_4304,too many values to unpack (expected 2)
doc_4305,too many values to unpack (expected 2)
doc_4306,too many values to unpack (expected 2)
doc_4307,too many values to unpack (expected 2)
doc_4308,too many values to unpack (expected 2)
doc_4309,too many values to unpack (expected 2)
doc_4310,too many values to unpack (expected 2)
doc_4311,too many values to unpack (expected 2)
doc_4312,too many values to unpack (expected 2)
doc_4313,too many values to unpack (expected 2)
doc_4314,too many values to unpack (expected 2)
doc_4315,too many values to unpack (expected 2)
doc_4316,too many values to unpack (expected 2)
doc_4317,too many values to unpack (expected 2)
doc_4318,too many values to unpack (expected 2)
doc_4319,too many values to unpack (expected 2)
doc_4320,too many values to unpack (expected 2)
doc_4321,too many values to unpack (expected 2)
doc_4322,too many values to unpack (expected 2)
doc_4323,too many values to unpack (expected 2)
doc_4324,too many values to unpack (expected 2)
doc_4325,too many values to unpack (expected 2)
doc_4326,too many values to unpack (expected 2)
doc_4327,too many values to unpack (expected 2)
doc_4328,too many values to unpack (expected 2)
doc_4329,too many values to unpack (expected 2)
doc_4330,too many values to unpack (expected 2)
doc_4331,too many values to unpack (expected 2)
doc_4332,too many values to unpack (expected 2)
doc_4333,too many values to unpack (expected 2)
doc_4334,too many values to unpack (expected 2)
doc_4335,too many values to unpack (expected 2)
doc_4336,too many values to unpack (expected 2)
doc_4337,too many values to unpack (expected 2)
doc_4338,too many values to unpack (expected 2)
doc_4339,too many values to unpack (expected 2)
doc_4340,too many values to unpack (expected 2)
doc_4341,too many values to unpack (expected 2)
doc_4342,too many values to unpack (expected 2)
doc_4343,too many values to unpack (expected 2)
doc_4344,too many values to unpack (expected 2)
doc_4345,too many values to unpack (expected 2)
doc_4346,too many values to unpack (expected 2)
doc_4347,too many values to unpack (expected 2)
doc_4348,too many values to unpack (expected 2)
doc_4349,too many values to unpack (expected 2)
doc_4350,too many values to unpack (expected 2)
doc_4351,too many values to unpack (expected 2)
doc_4352,too many values to unpack (expected 2)
doc_4353,too many values to unpack (expected 2)
doc_4354,too many values to unpack (expected 2)
doc_4355,too many values to unpack (expected 2)
doc_4356,too many values to unpack (expected 2)
doc_4357,too many values to unpack (expected 2)
doc_4358,too many values to unpack (expected 2)
doc_4359,too many values to unpack (expected 2)
doc_4360,too many values to unpack (expected 2)
doc_4361,too many values to unpack (expected 2)
doc_4362,too many values to unpack (expected 2)
doc_4363,too many values to unpack (expected 2)
doc_4364,too many values to unpack (expected 2)
doc_4365,too many values to unpack (expected 2)
doc_4366,too many values to unpack (expected 2)
doc_4367,too many values to unpack (expected 2)
doc_4368,too many values to unpack (expected 2)
doc_4369,too many values to unpack (expected 2)
doc_4370,too many values to unpack (expected 2)
doc_4371,too many values to unpack (expected 2)
doc_4372,too many values to unpack (expected 2)
doc_4373,too many values to unpack (expected 2)
doc_4374,too many values to unpack (expected 2)
doc_4375,too many values to unpack (expected 2)
doc_4376,too many values to unpack (expected 2)
doc_4377,too many values to unpack (expected 2)
doc_4378,too many values to unpack (expected 2)
doc_4379,too many values to unpack (expected 2)
doc_4380,too many values to unpack (expected 2)
doc_4381,too many values to unpack (expected 2)
doc_4382,too many values to unpack (expected 2)
doc_4383,too many values to unpack (expected 2)
doc_4384,too many values to unpack (expected 2)
doc_4385,too many values to unpack (expected 2)
doc_4386,too many values to unpack (expected 2)
doc_4387,too many values to unpack (expected 2)
doc_4388,too many values to unpack (expected 2)
doc_4389,too many values to unpack (expected 2)
doc_4390,too many values to unpack (expected 2)
doc_4391,too many values to unpack (expected 2)
doc_4392,too many values to unpack (expected 2)
doc_4393,too many values to unpack (expected 2)
doc_4394,too many values to unpack (expected 2)
doc_4395,too many values to unpack (expected 2)
doc_4396,too many values to unpack (expected 2)
doc_4397,too many values to unpack (expected 2)
doc_4398,too many values to unpack (expected 2)
doc_4399,too many values to unpack (expected 2)
doc_4400,too many values to unpack (expected 2)
doc_4401,too many values to unpack (expected 2)
doc_4402,too many values to unpack (expected 2)
doc_4403,too many values to unpack (expected 2)
doc_4404,too many values to unpack (expected 2)
doc_4405,too many values to unpack (expected 2)
doc_4406,too many values to unpack (expected 2)
doc_4407,too many values to unpack (expected 2)
doc_4408,too many values to unpack (expected 2)
doc_4409,too many values to unpack (expected 2)
doc_4410,too many values to unpack (expected 2)
doc_4411,too many values to unpack (expected 2)
doc_4412,too many values to unpack (expected 2)
doc_4413,too many values to unpack (expected 2)
doc_4414,too many values to unpack (expected 2)
doc_4415,too many values to unpack (expected 2)
doc_4416,too many values to unpack (expected 2)
doc_4417,too many values to unpack (expected 2)
doc_4418,too many values to unpack (expected 2)
doc_4419,too many values to unpack (expected 2)
doc_4420,too many values to unpack (expected 2)
doc_4421,too many values to unpack (expected 2)
doc_4422,too many values to unpack (expected 2)
doc_4423,too many values to unpack (expected 2)
doc_4424,too many values to unpack (expected 2)
doc_4425,too many values to unpack (expected 2)
doc_4426,too many values to unpack (expected 2)
doc_4427,too many values to unpack (expected 2)
doc_4428,too many values to unpack (expected 2)
doc_4429,too many values to unpack (expected 2)
doc_4430,too many values to unpack (expected 2)
doc_4431,too many values to unpack (expected 2)
doc_4432,too many values to unpack (expected 2)
doc_4433,too many values to unpack (expected 2)
doc_4434,too many values to unpack (expected 2)
doc_4435,too many values to unpack (expected 2)
doc_4436,too many values to unpack (expected 2)
doc_4437,too many values to unpack (expected 2)
doc_4438,too many values to unpack (expected 2)
doc_4439,too many values to unpack (expected 2)
doc_4440,too many values to unpack (expected 2)
doc_4441,too many values to unpack (expected 2)
doc_4442,too many values to unpack (expected 2)
doc_4443,too many values to unpack (expected 2)
doc_4444,too many values to unpack (expected 2)
doc_4445,too many values to unpack (expected 2)
doc_4446,too many values to unpack (expected 2)
doc_4447,too many values to unpack (expected 2)
doc_4448,too many values to unpack (expected 2)
doc_4449,too many values to unpack (expected 2)
doc_4450,too many values to unpack (expected 2)
doc_4451,too many values to unpack (expected 2)
doc_4452,too many values to unpack (expected 2)
doc_4453,too many values to unpack (expected 2)
doc_4454,too many values to unpack (expected 2)
doc_4455,too many values to unpack (expected 2)
doc_4456,too many values to unpack (expected 2)
doc_4457,too many values to unpack (expected 2)
doc_4458,too many values to unpack (expected 2)
doc_4459,too many values to unpack (expected 2)
doc_4460,too many values to unpack (expected 2)
doc_4461,too many values to unpack (expected 2)
doc_4462,too many values to unpack (expected 2)
doc_4463,too many values to unpack (expected 2)
doc_4464,too many values to unpack (expected 2)
doc_4465,too many values to unpack (expected 2)
doc_4466,too many values to unpack (expected 2)
doc_4467,too many values to unpack (expected 2)
doc_4468,too many values to unpack (expected 2)
doc_4469,too many values to unpack (expected 2)
doc_4470,too many values to unpack (expected 2)
doc_4471,too many values to unpack (expected 2)
doc_4472,too many values to unpack (expected 2)
doc_4473,too many values to unpack (expected 2)
doc_4474,too many values to unpack (expected 2)
doc_4475,too many values to unpack (expected 2)
doc_4476,too many values to unpack (expected 2)
doc_4477,too many values to unpack (expected 2)
doc_4478,too many values to unpack (expected 2)
doc_4479,too many values to unpack (expected 2)
doc_4480,too many values to unpack (expected 2)
doc_4481,too many values to unpack (expected 2)
doc_4482,too many values to unpack (expected 2)
doc_4483,too many values to unpack (expected 2)
doc_4484,too many values to unpack (expected 2)
doc_4485,too many values to unpack (expected 2)
doc_4486,too many values to unpack (expected 2)
doc_4487,too many values to unpack (expected 2)
doc_4488,too many values to unpack (expected 2)
doc_4489,too many values to unpack (expected 2)
doc_4490,too many values to unpack (expected 2)
doc_4491,too many values to unpack (expected 2)
doc_4492,too many values to unpack (expected 2)
doc_4493,too many values to unpack (expected 2)
doc_4494,too many values to unpack (expected 2)
doc_4495,too many values to unpack (expected 2)
doc_4496,too many values to unpack (expected 2)
doc_4497,too many values to unpack (expected 2)
doc_4498,too many values to unpack (expected 2)
doc_4499,too many values to unpack (expected 2)
doc_4500,too many values to unpack (expected 2)
doc_4501,too many values to unpack (expected 2)
doc_4502,too many values to unpack (expected 2)
doc_4503,too many values to unpack (expected 2)
doc_4504,too many values to unpack (expected 2)
doc_4505,too many values to unpack (expected 2)
doc_4506,too many values to unpack (expected 2)
doc_4507,too many values to unpack (expected 2)
doc_4508,too many values to unpack (expected 2)
doc_4509,too many values to unpack (expected 2)
doc_4510,too many values to unpack (expected 2)
doc_4511,too many values to unpack (expected 2)
doc_4512,too many values to unpack (expected 2)
doc_4513,too many values to unpack (expected 2)
doc_4514,too many values to unpack (expected 2)
doc_4515,too many values to unpack (expected 2)
doc_4516,too many values to unpack (expected 2)
doc_4517,too many values to unpack (expected 2)
doc_4518,too many values to unpack (expected 2)
doc_4519,too many values to unpack (expected 2)
doc_4520,too many values to unpack (expected 2)
doc_4521,too many values to unpack (expected 2)
doc_4522,too many values to unpack (expected 2)
doc_4523,too many values to unpack (expected 2)
doc_4524,too many values to unpack (expected 2)
doc_4525,too many values to unpack (expected 2)
doc_4526,too many values to unpack (expected 2)
doc_4527,too many values to unpack (expected 2)
doc_4528,too many values to unpack (expected 2)
doc_4529,too many values to unpack (expected 2)
doc_4530,too many values to unpack (expected 2)
doc_4531,too many values to unpack (expected 2)
doc_4532,too many values to unpack (expected 2)
doc_4533,too many values to unpack (expected 2)
doc_4534,too many values to unpack (expected 2)
doc_4535,too many values to unpack (expected 2)
doc_4536,too many values to unpack (expected 2)
doc_4537,too many values to unpack (expected 2)
doc_4538,too many values to unpack (expected 2)
doc_4539,too many values to unpack (expected 2)
doc_4540,too many values to unpack (expected 2)
doc_4541,too many values to unpack (expected 2)
doc_4542,too many values to unpack (expected 2)
doc_4543,too many values to unpack (expected 2)
doc_4544,too many values to unpack (expected 2)
doc_4545,too many values to unpack (expected 2)
doc_4546,too many values to unpack (expected 2)
doc_4547,too many values to unpack (expected 2)
doc_4548,too many values to unpack (expected 2)
doc_4549,too many values to unpack (expected 2)
doc_4550,too many values to unpack (expected 2)
doc_4551,too many values to unpack (expected 2)
doc_4552,too many values to unpack (expected 2)
doc_4553,too many values to unpack (expected 2)
doc_4554,too many values to unpack (expected 2)
doc_4555,too many values to unpack (expected 2)
doc_4556,too many values to unpack (expected 2)
doc_4557,too many values to unpack (expected 2)
doc_4558,too many values to unpack (expected 2)
doc_4559,too many values to unpack (expected 2)
doc_4560,too many values to unpack (expected 2)
doc_4561,too many values to unpack (expected 2)
doc_4562,too many values to unpack (expected 2)
doc_4563,too many values to unpack (expected 2)
doc_4564,too many values to unpack (expected 2)
doc_4565,too many values to unpack (expected 2)
doc_4566,too many values to unpack (expected 2)
doc_4567,too many values to unpack (expected 2)
doc_4568,too many values to unpack (expected 2)
doc_4569,too many values to unpack (expected 2)
doc_4570,too many values to unpack (expected 2)
doc_4571,too many values to unpack (expected 2)
doc_4572,too many values to unpack (expected 2)
doc_4573,too many values to unpack (expected 2)
doc_4574,too many values to unpack (expected 2)
doc_4575,too many values to unpack (expected 2)
doc_4576,too many values to unpack (expected 2)
doc_4577,too many values to unpack (expected 2)
doc_4578,too many values to unpack (expected 2)
doc_4579,too many values to unpack (expected 2)
doc_4580,too many values to unpack (expected 2)
doc_4581,too many values to unpack (expected 2)
doc_4582,too many values to unpack (expected 2)
doc_4583,too many values to unpack (expected 2)
doc_4584,too many values to unpack (expected 2)
doc_4585,too many values to unpack (expected 2)
doc_4586,too many values to unpack (expected 2)
doc_4587,too many values to unpack (expected 2)
doc_4588,too many values to unpack (expected 2)
doc_4589,too many values to unpack (expected 2)
doc_4590,too many values to unpack (expected 2)
doc_4591,too many values to unpack (expected 2)
doc_4592,too many values to unpack (expected 2)
doc_4593,too many values to unpack (expected 2)
doc_4594,too many values to unpack (expected 2)
doc_4595,too many values to unpack (expected 2)
doc_4596,too many values to unpack (expected 2)
doc_4597,too many values to unpack (expected 2)
doc_4598,too many values to unpack (expected 2)
doc_4599,too many values to unpack (expected 2)
doc_4600,too many values to unpack (expected 2)
doc_4601,too many values to unpack (expected 2)
doc_4602,too many values to unpack (expected 2)
doc_4603,too many values to unpack (expected 2)
doc_4604,too many values to unpack (expected 2)
doc_4605,too many values to unpack (expected 2)
doc_4606,too many values to unpack (expected 2)
doc_4607,too many values to unpack (expected 2)
doc_4608,too many values to unpack (expected 2)
doc_4609,too many values to unpack (expected 2)
doc_4610,too many values to unpack (expected 2)
doc_4611,too many values to unpack (expected 2)
doc_4612,too many values to unpack (expected 2)
doc_4613,too many values to unpack (expected 2)
doc_4614,too many values to unpack (expected 2)
doc_4615,too many values to unpack (expected 2)
doc_4616,too many values to unpack (expected 2)
doc_4617,too many values to unpack (expected 2)
doc_4618,too many values to unpack (expected 2)
doc_4619,too many values to unpack (expected 2)
doc_4620,too many values to unpack (expected 2)
doc_4621,too many values to unpack (expected 2)
doc_4622,too many values to unpack (expected 2)
doc_4623,too many values to unpack (expected 2)
doc_4624,too many values to unpack (expected 2)
doc_4625,too many values to unpack (expected 2)
doc_4626,too many values to unpack (expected 2)
doc_4627,too many values to unpack (expected 2)
doc_4628,too many values to unpack (expected 2)
doc_4629,too many values to unpack (expected 2)
doc_4630,too many values to unpack (expected 2)
doc_4631,too many values to unpack (expected 2)
doc_4632,too many values to unpack (expected 2)
doc_4633,too many values to unpack (expected 2)
doc_4634,too many values to unpack (expected 2)
doc_4635,too many values to unpack (expected 2)
doc_4636,too many values to unpack (expected 2)
doc_4637,too many values to unpack (expected 2)
doc_4638,too many values to unpack (expected 2)
doc_4639,too many values to unpack (expected 2)
doc_4640,too many values to unpack (expected 2)
doc_4641,too many values to unpack (expected 2)
doc_4642,too many values to unpack (expected 2)
doc_4643,too many values to unpack (expected 2)
doc_4644,too many values to unpack (expected 2)
doc_4645,too many values to unpack (expected 2)
doc_4646,too many values to unpack (expected 2)
doc_4647,too many values to unpack (expected 2)
doc_4648,too many values to unpack (expected 2)
doc_4649,too many values to unpack (expected 2)
doc_4650,too many values to unpack (expected 2)
doc_4651,too many values to unpack (expected 2)
doc_4652,too many values to unpack (expected 2)
doc_4653,too many values to unpack (expected 2)
doc_4654,too many values to unpack (expected 2)
doc_4655,too many values to unpack (expected 2)
doc_4656,too many values to unpack (expected 2)
doc_4657,too many values to unpack (expected 2)
doc_4658,too many values to unpack (expected 2)
doc_4659,too many values to unpack (expected 2)
doc_4660,too many values to unpack (expected 2)
doc_4661,too many values to unpack (expected 2)
doc_4662,too many values to unpack (expected 2)
doc_4663,too many values to unpack (expected 2)
doc_4664,too many values to unpack (expected 2)
doc_4665,too many values to unpack (expected 2)
doc_4666,too many values to unpack (expected 2)
doc_4667,too many values to unpack (expected 2)
doc_4668,too many values to unpack (expected 2)
doc_4669,too many values to unpack (expected 2)
doc_4670,too many values to unpack (expected 2)
doc_4671,too many values to unpack (expected 2)
doc_4672,too many values to unpack (expected 2)
doc_4673,too many values to unpack (expected 2)
doc_4674,too many values to unpack (expected 2)
doc_4675,too many values to unpack (expected 2)
doc_4676,too many values to unpack (expected 2)
doc_4677,too many values to unpack (expected 2)
doc_4678,too many values to unpack (expected 2)
doc_4679,too many values to unpack (expected 2)
doc_4680,too many values to unpack (expected 2)
doc_4681,too many values to unpack (expected 2)
doc_4682,too many values to unpack (expected 2)
doc_4683,too many values to unpack (expected 2)
doc_4684,too many values to unpack (expected 2)
doc_4685,too many values to unpack (expected 2)
doc_4686,too many values to unpack (expected 2)
doc_4687,too many values to unpack (expected 2)
doc_4688,too many values to unpack (expected 2)
doc_4689,too many values to unpack (expected 2)
doc_4690,too many values to unpack (expected 2)
doc_4691,too many values to unpack (expected 2)
doc_4692,too many values to unpack (expected 2)
doc_4693,too many values to unpack (expected 2)
doc_4694,too many values to unpack (expected 2)
doc_4695,too many values to unpack (expected 2)
doc_4696,too many values to unpack (expected 2)
doc_4697,too many values to unpack (expected 2)
doc_4698,too many values to unpack (expected 2)
doc_4699,too many values to unpack (expected 2)
doc_4700,too many values to unpack (expected 2)
doc_4701,too many values to unpack (expected 2)
doc_4702,too many values to unpack (expected 2)
doc_4703,too many values to unpack (expected 2)
doc_4704,too many values to unpack (expected 2)
doc_4705,too many values to unpack (expected 2)
doc_4706,too many values to unpack (expected 2)
doc_4707,too many values to unpack (expected 2)
doc_4708,too many values to unpack (expected 2)
doc_4709,too many values to unpack (expected 2)
doc_4710,too many values to unpack (expected 2)
doc_4711,too many values to unpack (expected 2)
doc_4712,too many values to unpack (expected 2)
doc_4713,too many values to unpack (expected 2)
doc_4714,too many values to unpack (expected 2)
doc_4715,too many values to unpack (expected 2)
doc_4716,too many values to unpack (expected 2)
doc_4717,too many values to unpack (expected 2)
doc_4718,too many values to unpack (expected 2)
doc_4719,too many values to unpack (expected 2)
doc_4720,too many values to unpack (expected 2)
doc_4721,too many values to unpack (expected 2)
doc_4722,too many values to unpack (expected 2)
doc_4723,too many values to unpack (expected 2)
doc_4724,too many values to unpack (expected 2)
doc_4725,too many values to unpack (expected 2)
doc_4726,too many values to unpack (expected 2)
doc_4727,too many values to unpack (expected 2)
doc_4728,too many values to unpack (expected 2)
doc_4729,too many values to unpack (expected 2)
doc_4730,too many values to unpack (expected 2)
doc_4731,too many values to unpack (expected 2)
doc_4732,too many values to unpack (expected 2)
doc_4733,too many values to unpack (expected 2)
doc_4734,too many values to unpack (expected 2)
doc_4735,too many values to unpack (expected 2)
doc_4736,too many values to unpack (expected 2)
doc_4737,too many values to unpack (expected 2)
doc_4738,too many values to unpack (expected 2)
doc_4739,too many values to unpack (expected 2)
doc_4740,too many values to unpack (expected 2)
doc_4741,too many values to unpack (expected 2)
doc_4742,too many values to unpack (expected 2)
doc_4743,too many values to unpack (expected 2)
doc_4744,too many values to unpack (expected 2)
doc_4745,too many values to unpack (expected 2)
doc_4746,too many values to unpack (expected 2)
doc_4747,too many values to unpack (expected 2)
doc_4748,too many values to unpack (expected 2)
doc_4749,too many values to unpack (expected 2)
doc_4750,too many values to unpack (expected 2)
doc_4751,too many values to unpack (expected 2)
doc_4752,too many values to unpack (expected 2)
doc_4753,too many values to unpack (expected 2)
doc_4754,too many values to unpack (expected 2)
doc_4755,too many values to unpack (expected 2)
doc_4756,too many values to unpack (expected 2)
doc_4757,too many values to unpack (expected 2)
doc_4758,too many values to unpack (expected 2)
doc_4759,too many values to unpack (expected 2)
doc_4760,too many values to unpack (expected 2)
doc_4761,too many values to unpack (expected 2)
doc_4762,too many values to unpack (expected 2)
doc_4763,too many values to unpack (expected 2)
doc_4764,too many values to unpack (expected 2)
doc_4765,too many values to unpack (expected 2)
doc_4766,too many values to unpack (expected 2)
doc_4767,too many values to unpack (expected 2)
doc_4768,too many values to unpack (expected 2)
doc_4769,too many values to unpack (expected 2)
doc_4770,too many values to unpack (expected 2)
doc_4771,too many values to unpack (expected 2)
doc_4772,too many values to unpack (expected 2)
doc_4773,too many values to unpack (expected 2)
doc_4774,too many values to unpack (expected 2)
doc_4775,too many values to unpack (expected 2)
doc_4776,too many values to unpack (expected 2)
doc_4777,too many values to unpack (expected 2)
doc_4778,too many values to unpack (expected 2)
doc_4779,too many values to unpack (expected 2)
doc_4780,too many values to unpack (expected 2)
doc_4781,too many values to unpack (expected 2)
doc_4782,too many values to unpack (expected 2)
doc_4783,too many values to unpack (expected 2)
doc_4784,too many values to unpack (expected 2)
doc_4785,too many values to unpack (expected 2)
doc_4786,too many values to unpack (expected 2)
doc_4787,too many values to unpack (expected 2)
doc_4788,too many values to unpack (expected 2)
doc_4789,too many values to unpack (expected 2)
doc_4790,too many values to unpack (expected 2)
doc_4791,too many values to unpack (expected 2)
doc_4792,too many values to unpack (expected 2)
doc_4793,too many values to unpack (expected 2)
doc_4794,too many values to unpack (expected 2)
doc_4795,too many values to unpack (expected 2)
doc_4796,too many values to unpack (expected 2)
doc_4797,too many values to unpack (expected 2)
doc_4798,too many values to unpack (expected 2)
doc_4799,too many values to unpack (expected 2)
doc_4800,too many values to unpack (expected 2)
doc_4801,too many values to unpack (expected 2)
doc_4802,too many values to unpack (expected 2)
doc_4803,too many values to unpack (expected 2)
doc_4804,too many values to unpack (expected 2)
doc_4805,too many values to unpack (expected 2)
doc_4806,too many values to unpack (expected 2)
doc_4807,too many values to unpack (expected 2)
doc_4808,too many values to unpack (expected 2)
doc_4809,too many values to unpack (expected 2)
doc_4810,too many values to unpack (expected 2)
doc_4811,too many values to unpack (expected 2)
doc_4812,too many values to unpack (expected 2)
doc_4813,too many values to unpack (expected 2)
doc_4814,too many values to unpack (expected 2)
doc_4815,too many values to unpack (expected 2)
doc_4816,too many values to unpack (expected 2)
doc_4817,too many values to unpack (expected 2)
doc_4818,too many values to unpack (expected 2)
doc_4819,too many values to unpack (expected 2)
doc_4820,too many values to unpack (expected 2)
doc_4821,too many values to unpack (expected 2)
doc_4822,too many values to unpack (expected 2)
doc_4823,too many values to unpack (expected 2)
doc_4824,too many values to unpack (expected 2)
doc_4825,too many values to unpack (expected 2)
doc_4826,too many values to unpack (expected 2)
doc_4827,too many values to unpack (expected 2)
doc_4828,too many values to unpack (expected 2)
doc_4829,too many values to unpack (expected 2)
doc_4830,too many values to unpack (expected 2)
doc_4831,too many values to unpack (expected 2)
doc_4832,too many values to unpack (expected 2)
doc_4833,too many values to unpack (expected 2)
doc_4834,too many values to unpack (expected 2)
doc_4835,too many values to unpack (expected 2)
doc_4836,too many values to unpack (expected 2)
doc_4837,too many values to unpack (expected 2)
doc_4838,too many values to unpack (expected 2)
doc_4839,too many values to unpack (expected 2)
doc_4840,too many values to unpack (expected 2)
doc_4841,too many values to unpack (expected 2)
doc_4842,too many values to unpack (expected 2)
doc_4843,too many values to unpack (expected 2)
doc_4844,too many values to unpack (expected 2)
doc_4845,too many values to unpack (expected 2)
doc_4846,too many values to unpack (expected 2)
doc_4847,too many values to unpack (expected 2)
doc_4848,too many values to unpack (expected 2)
doc_4849,too many values to unpack (expected 2)
doc_4850,too many values to unpack (expected 2)
doc_4851,too many values to unpack (expected 2)
doc_4852,too many values to unpack (expected 2)
doc_4853,too many values to unpack (expected 2)
doc_4854,too many values to unpack (expected 2)
doc_4855,too many values to unpack (expected 2)
doc_4856,too many values to unpack (expected 2)
doc_4857,too many values to unpack (expected 2)
doc_4858,too many values to unpack (expected 2)
doc_4859,too many values to unpack (expected 2)
doc_4860,too many values to unpack (expected 2)
doc_4861,too many values to unpack (expected 2)
doc_4862,too many values to unpack (expected 2)
doc_4863,too many values to unpack (expected 2)
doc_4864,too many values to unpack (expected 2)
doc_4865,too many values to unpack (expected 2)
doc_4866,too many values to unpack (expected 2)
doc_4867,too many values to unpack (expected 2)
doc_4868,too many values to unpack (expected 2)
doc_4869,too many values to unpack (expected 2)
doc_4870,too many values to unpack (expected 2)
doc_4871,too many values to unpack (expected 2)
doc_4872,too many values to unpack (expected 2)
doc_4873,too many values to unpack (expected 2)
doc_4874,too many values to unpack (expected 2)
doc_4875,too many values to unpack (expected 2)
doc_4876,too many values to unpack (expected 2)
doc_4877,too many values to unpack (expected 2)
doc_4878,too many values to unpack (expected 2)
doc_4879,too many values to unpack (expected 2)
doc_4880,too many values to unpack (expected 2)
doc_4881,too many values to unpack (expected 2)
doc_4882,too many values to unpack (expected 2)
doc_4883,too many values to unpack (expected 2)
doc_4884,too many values to unpack (expected 2)
doc_4885,too many values to unpack (expected 2)
doc_4886,too many values to unpack (expected 2)
doc_4887,too many values to unpack (expected 2)
doc_4888,too many values to unpack (expected 2)
doc_4889,too many values to unpack (expected 2)
doc_4890,too many values to unpack (expected 2)
doc_4891,too many values to unpack (expected 2)
doc_4892,too many values to unpack (expected 2)
doc_4893,too many values to unpack (expected 2)
doc_4894,too many values to unpack (expected 2)
doc_4895,too many values to unpack (expected 2)
doc_4896,too many values to unpack (expected 2)
doc_4897,too many values to unpack (expected 2)
doc_4898,too many values to unpack (expected 2)
doc_4899,too many values to unpack (expected 2)
doc_4900,too many values to unpack (expected 2)
doc_4901,too many values to unpack (expected 2)
doc_4902,too many values to unpack (expected 2)
doc_4903,too many values to unpack (expected 2)
doc_4904,too many values to unpack (expected 2)
doc_4905,too many values to unpack (expected 2)
doc_4906,too many values to unpack (expected 2)
doc_4907,too many values to unpack (expected 2)
doc_4908,too many values to unpack (expected 2)
doc_4909,too many values to unpack (expected 2)
doc_4910,too many values to unpack (expected 2)
doc_4911,too many values to unpack (expected 2)
doc_4912,too many values to unpack (expected 2)
doc_4913,too many values to unpack (expected 2)
doc_4914,too many values to unpack (expected 2)
doc_4915,too many values to unpack (expected 2)
doc_4916,too many values to unpack (expected 2)
doc_4917,too many values to unpack (expected 2)
doc_4918,too many values to unpack (expected 2)
doc_4919,too many values to unpack (expected 2)
doc_4920,too many values to unpack (expected 2)
doc_4921,too many values to unpack (expected 2)
doc_4922,too many values to unpack (expected 2)
doc_4923,too many values to unpack (expected 2)
doc_4924,too many values to unpack (expected 2)
doc_4925,too many values to unpack (expected 2)
doc_4926,too many values to unpack (expected 2)
doc_4927,too many values to unpack (expected 2)
doc_4928,too many values to unpack (expected 2)
doc_4929,too many values to unpack (expected 2)
doc_4930,too many values to unpack (expected 2)
doc_4931,too many values to unpack (expected 2)
doc_4932,too many values to unpack (expected 2)
doc_4933,too many values to unpack (expected 2)
doc_4934,too many values to unpack (expected 2)
doc_4935,too many values to unpack (expected 2)
doc_4936,too many values to unpack (expected 2)
doc_4937,too many values to unpack (expected 2)
doc_4938,too many values to unpack (expected 2)
doc_4939,too many values to unpack (expected 2)
doc_4940,too many values to unpack (expected 2)
doc_4941,too many values to unpack (expected 2)
doc_4942,too many values to unpack (expected 2)
doc_4943,too many values to unpack (expected 2)
doc_4944,too many values to unpack (expected 2)
doc_4945,too many values to unpack (expected 2)
doc_4946,too many values to unpack (expected 2)
doc_4947,too many values to unpack (expected 2)
doc_4948,too many values to unpack (expected 2)
doc_4949,too many values to unpack (expected 2)
doc_4950,too many values to unpack (expected 2)
doc_4951,too many values to unpack (expected 2)
doc_4952,too many values to unpack (expected 2)
doc_4953,too many values to unpack (expected 2)
doc_4954,too many values to unpack (expected 2)
doc_4955,too many values to unpack (expected 2)
doc_4956,too many values to unpack (expected 2)
doc_4957,too many values to unpack (expected 2)
doc_4958,too many values to unpack (expected 2)
doc_4959,too many values to unpack (expected 2)
doc_4960,too many values to unpack (expected 2)
doc_4961,too many values to unpack (expected 2)
doc_4962,too many values to unpack (expected 2)
doc_4963,too many values to unpack (expected 2)
doc_4964,too many values to unpack (expected 2)
doc_4965,too many values to unpack (expected 2)
doc_4966,too many values to unpack (expected 2)
doc_4967,too many values to unpack (expected 2)
doc_4968,too many values to unpack (expected 2)
doc_4969,too many values to unpack (expected 2)
doc_4970,too many values to unpack (expected 2)
doc_4971,too many values to unpack (expected 2)
doc_4972,too many values to unpack (expected 2)
doc_4973,too many values to unpack (expected 2)
doc_4974,too many values to unpack (expected 2)
doc_4975,too many values to unpack (expected 2)
doc_4976,too many values to unpack (expected 2)
doc_4977,too many values to unpack (expected 2)
doc_4978,too many values to unpack (expected 2)
doc_4979,too many values to unpack (expected 2)
doc_4980,too many values to unpack (expected 2)
doc_4981,too many values to unpack (expected 2)
doc_4982,too many values to unpack (expected 2)
doc_4983,too many values to unpack (expected 2)
doc_4984,too many values to unpack (expected 2)
doc_4985,too many values to unpack (expected 2)
doc_4986,too many values to unpack (expected 2)
doc_4987,too many values to unpack (expected 2)
doc_4988,too many values to unpack (expected 2)
doc_4989,too many values to unpack (expected 2)
doc_4990,too many values to unpack (expected 2)
doc_4991,too many values to unpack (expected 2)
doc_4992,too many values to unpack (expected 2)
doc_4993,too many values to unpack (expected 2)
doc_4994,too many values to unpack (expected 2)
doc_4995,too many values to unpack (expected 2)
doc_4996,too many values to unpack (expected 2)
doc_4997,too many values to unpack (expected 2)
doc_4998,too many values to unpack (expected 2)
doc_4999,too many values to unpack (expected 2)
doc_5000,too many values to unpack (expected 2)
doc_5001,too many values to unpack (expected 2)
doc_5002,too many values to unpack (expected 2)
doc_5003,too many values to unpack (expected 2)
doc_5004,too many values to unpack (expected 2)
doc_5005,too many values to unpack (expected 2)
doc_5006,too many values to unpack (expected 2)
doc_5007,too many values to unpack (expected 2)
doc_5008,too many values to unpack (expected 2)
doc_5009,too many values to unpack (expected 2)
doc_5010,too many values to unpack (expected 2)
doc_5011,too many values to unpack (expected 2)
doc_5012,too many values to unpack (expected 2)
doc_5013,too many values to unpack (expected 2)
doc_5014,too many values to unpack (expected 2)
doc_5015,too many values to unpack (expected 2)
doc_5016,too many values to unpack (expected 2)
doc_5017,too many values to unpack (expected 2)
doc_5018,too many values to unpack (expected 2)
doc_5019,too many values to unpack (expected 2)
doc_5020,too many values to unpack (expected 2)
doc_5021,too many values to unpack (expected 2)
doc_5022,too many values to unpack (expected 2)
doc_5023,too many values to unpack (expected 2)
doc_5024,too many values to unpack (expected 2)
doc_5025,too many values to unpack (expected 2)
doc_5026,too many values to unpack (expected 2)
doc_5027,too many values to unpack (expected 2)
doc_5028,too many values to unpack (expected 2)
doc_5029,too many values to unpack (expected 2)
doc_5030,too many values to unpack (expected 2)
doc_5031,too many values to unpack (expected 2)
doc_5032,too many values to unpack (expected 2)
doc_5033,too many values to unpack (expected 2)
doc_5034,too many values to unpack (expected 2)
doc_5035,too many values to unpack (expected 2)
doc_5036,too many values to unpack (expected 2)
doc_5037,too many values to unpack (expected 2)
doc_5038,too many values to unpack (expected 2)
doc_5039,too many values to unpack (expected 2)
doc_5040,too many values to unpack (expected 2)
doc_5041,too many values to unpack (expected 2)
doc_5042,too many values to unpack (expected 2)
doc_5043,too many values to unpack (expected 2)
doc_5044,too many values to unpack (expected 2)
doc_5045,too many values to unpack (expected 2)
doc_5046,too many values to unpack (expected 2)
doc_5047,too many values to unpack (expected 2)
doc_5048,too many values to unpack (expected 2)
doc_5049,too many values to unpack (expected 2)
doc_5050,too many values to unpack (expected 2)
doc_5051,too many values to unpack (expected 2)
doc_5052,too many values to unpack (expected 2)
doc_5053,too many values to unpack (expected 2)
doc_5054,too many values to unpack (expected 2)
doc_5055,too many values to unpack (expected 2)
doc_5056,too many values to unpack (expected 2)
doc_5057,too many values to unpack (expected 2)
doc_5058,too many values to unpack (expected 2)
doc_5059,too many values to unpack (expected 2)
doc_5060,too many values to unpack (expected 2)
doc_5061,too many values to unpack (expected 2)
doc_5062,too many values to unpack (expected 2)
doc_5063,too many values to unpack (expected 2)
doc_5064,too many values to unpack (expected 2)
doc_5065,too many values to unpack (expected 2)
doc_5066,too many values to unpack (expected 2)
doc_5067,too many values to unpack (expected 2)
doc_5068,too many values to unpack (expected 2)
doc_5069,too many values to unpack (expected 2)
doc_5070,too many values to unpack (expected 2)
doc_5071,too many values to unpack (expected 2)
doc_5072,too many values to unpack (expected 2)
doc_5073,too many values to unpack (expected 2)
doc_5074,too many values to unpack (expected 2)
doc_5075,too many values to unpack (expected 2)
doc_5076,too many values to unpack (expected 2)
doc_5077,too many values to unpack (expected 2)
doc_5078,too many values to unpack (expected 2)
doc_5079,too many values to unpack (expected 2)
doc_5080,too many values to unpack (expected 2)
doc_5081,too many values to unpack (expected 2)
doc_5082,too many values to unpack (expected 2)
doc_5083,too many values to unpack (expected 2)
doc_5084,too many values to unpack (expected 2)
doc_5085,too many values to unpack (expected 2)
doc_5086,too many values to unpack (expected 2)
doc_5087,too many values to unpack (expected 2)
doc_5088,too many values to unpack (expected 2)
doc_5089,too many values to unpack (expected 2)
doc_5090,too many values to unpack (expected 2)
doc_5091,too many values to unpack (expected 2)
doc_5092,too many values to unpack (expected 2)
doc_5093,too many values to unpack (expected 2)
doc_5094,too many values to unpack (expected 2)
doc_5095,too many values to unpack (expected 2)
doc_5096,too many values to unpack (expected 2)
doc_5097,too many values to unpack (expected 2)
doc_5098,too many values to unpack (expected 2)
doc_5099,too many values to unpack (expected 2)
doc_5100,too many values to unpack (expected 2)
doc_5101,too many values to unpack (expected 2)
doc_5102,too many values to unpack (expected 2)
doc_5103,too many values to unpack (expected 2)
doc_5104,too many values to unpack (expected 2)
doc_5105,too many values to unpack (expected 2)
doc_5106,too many values to unpack (expected 2)
doc_5107,too many values to unpack (expected 2)
doc_5108,too many values to unpack (expected 2)
doc_5109,too many values to unpack (expected 2)
doc_5110,too many values to unpack (expected 2)
doc_5111,too many values to unpack (expected 2)
doc_5112,too many values to unpack (expected 2)
doc_5113,too many values to unpack (expected 2)
doc_5114,too many values to unpack (expected 2)
doc_5115,too many values to unpack (expected 2)
doc_5116,too many values to unpack (expected 2)
doc_5117,too many values to unpack (expected 2)
doc_5118,too many values to unpack (expected 2)
doc_5119,too many values to unpack (expected 2)
doc_5120,too many values to unpack (expected 2)
doc_5121,too many values to unpack (expected 2)
doc_5122,too many values to unpack (expected 2)
doc_5123,too many values to unpack (expected 2)
doc_5124,too many values to unpack (expected 2)
doc_5125,too many values to unpack (expected 2)
doc_5126,too many values to unpack (expected 2)
doc_5127,too many values to unpack (expected 2)
doc_5128,too many values to unpack (expected 2)
doc_5129,too many values to unpack (expected 2)
doc_5130,too many values to unpack (expected 2)
doc_5131,too many values to unpack (expected 2)
doc_5132,too many values to unpack (expected 2)
doc_5133,too many values to unpack (expected 2)
doc_5134,too many values to unpack (expected 2)
doc_5135,too many values to unpack (expected 2)
doc_5136,too many values to unpack (expected 2)
doc_5137,too many values to unpack (expected 2)
doc_5138,too many values to unpack (expected 2)
doc_5139,too many values to unpack (expected 2)
doc_5140,too many values to unpack (expected 2)
doc_5141,too many values to unpack (expected 2)
doc_5142,too many values to unpack (expected 2)
doc_5143,too many values to unpack (expected 2)
doc_5144,too many values to unpack (expected 2)
doc_5145,too many values to unpack (expected 2)
doc_5146,too many values to unpack (expected 2)
doc_5147,too many values to unpack (expected 2)
doc_5148,too many values to unpack (expected 2)
doc_5149,too many values to unpack (expected 2)
doc_5150,too many values to unpack (expected 2)
doc_5151,too many values to unpack (expected 2)
doc_5152,too many values to unpack (expected 2)
doc_5153,too many values to unpack (expected 2)
doc_5154,too many values to unpack (expected 2)
doc_5155,too many values to unpack (expected 2)
doc_5156,too many values to unpack (expected 2)
doc_5157,too many values to unpack (expected 2)
doc_5158,too many values to unpack (expected 2)
doc_5159,too many values to unpack (expected 2)
doc_5160,too many values to unpack (expected 2)
doc_5161,too many values to unpack (expected 2)
doc_5162,too many values to unpack (expected 2)
doc_5163,too many values to unpack (expected 2)
doc_5164,too many values to unpack (expected 2)
doc_5165,too many values to unpack (expected 2)
doc_5166,too many values to unpack (expected 2)
doc_5167,too many values to unpack (expected 2)
doc_5168,too many values to unpack (expected 2)
doc_5169,too many values to unpack (expected 2)
doc_5170,too many values to unpack (expected 2)
doc_5171,too many values to unpack (expected 2)
doc_5172,too many values to unpack (expected 2)
doc_5173,too many values to unpack (expected 2)
doc_5174,too many values to unpack (expected 2)
doc_5175,too many values to unpack (expected 2)
doc_5176,too many values to unpack (expected 2)
doc_5177,too many values to unpack (expected 2)
doc_5178,too many values to unpack (expected 2)
doc_5179,too many values to unpack (expected 2)
doc_5180,too many values to unpack (expected 2)
doc_5181,too many values to unpack (expected 2)
doc_5182,too many values to unpack (expected 2)
doc_5183,too many values to unpack (expected 2)
doc_5184,too many values to unpack (expected 2)
doc_5185,too many values to unpack (expected 2)
doc_5186,too many values to unpack (expected 2)
doc_5187,too many values to unpack (expected 2)
doc_5188,too many values to unpack (expected 2)
doc_5189,too many values to unpack (expected 2)
doc_5190,too many values to unpack (expected 2)
doc_5191,too many values to unpack (expected 2)
doc_5192,too many values to unpack (expected 2)
doc_5193,too many values to unpack (expected 2)
doc_5194,too many values to unpack (expected 2)
doc_5195,too many values to unpack (expected 2)
doc_5196,too many values to unpack (expected 2)
doc_5197,too many values to unpack (expected 2)
doc_5198,too many values to unpack (expected 2)
doc_5199,too many values to unpack (expected 2)
doc_5200,too many values to unpack (expected 2)
doc_5201,too many values to unpack (expected 2)
doc_5202,too many values to unpack (expected 2)
doc_5203,too many values to unpack (expected 2)
doc_5204,too many values to unpack (expected 2)
doc_5205,too many values to unpack (expected 2)
doc_5206,too many values to unpack (expected 2)
doc_5207,too many values to unpack (expected 2)
doc_5208,too many values to unpack (expected 2)
doc_5209,too many values to unpack (expected 2)
doc_5210,too many values to unpack (expected 2)
doc_5211,too many values to unpack (expected 2)
doc_5212,too many values to unpack (expected 2)
doc_5213,too many values to unpack (expected 2)
doc_5214,too many values to unpack (expected 2)
doc_5215,too many values to unpack (expected 2)
doc_5216,too many values to unpack (expected 2)
doc_5217,too many values to unpack (expected 2)
doc_5218,too many values to unpack (expected 2)
doc_5219,too many values to unpack (expected 2)
doc_5220,too many values to unpack (expected 2)
doc_5221,too many values to unpack (expected 2)
doc_5222,too many values to unpack (expected 2)
doc_5223,too many values to unpack (expected 2)
doc_5224,too many values to unpack (expected 2)
doc_5225,too many values to unpack (expected 2)
doc_5226,too many values to unpack (expected 2)
doc_5227,too many values to unpack (expected 2)
doc_5228,too many values to unpack (expected 2)
doc_5229,too many values to unpack (expected 2)
doc_5230,too many values to unpack (expected 2)
doc_5231,too many values to unpack (expected 2)
doc_5232,too many values to unpack (expected 2)
doc_5233,too many values to unpack (expected 2)
doc_5234,too many values to unpack (expected 2)
doc_5235,too many values to unpack (expected 2)
doc_5236,too many values to unpack (expected 2)
doc_5237,too many values to unpack (expected 2)
doc_5238,too many values to unpack (expected 2)
doc_5239,too many values to unpack (expected 2)
doc_5240,too many values to unpack (expected 2)
doc_5241,too many values to unpack (expected 2)
doc_5242,too many values to unpack (expected 2)
doc_5243,too many values to unpack (expected 2)
doc_5244,too many values to unpack (expected 2)
doc_5245,too many values to unpack (expected 2)
doc_5246,too many values to unpack (expected 2)
doc_5247,too many values to unpack (expected 2)
doc_5248,too many values to unpack (expected 2)
doc_5249,too many values to unpack (expected 2)
doc_5250,too many values to unpack (expected 2)
doc_5251,too many values to unpack (expected 2)
doc_5252,too many values to unpack (expected 2)
doc_5253,too many values to unpack (expected 2)
doc_5254,too many values to unpack (expected 2)
doc_5255,too many values to unpack (expected 2)
doc_5256,too many values to unpack (expected 2)
doc_5257,too many values to unpack (expected 2)
doc_5258,too many values to unpack (expected 2)
doc_5259,too many values to unpack (expected 2)
doc_5260,too many values to unpack (expected 2)
doc_5261,too many values to unpack (expected 2)
doc_5262,too many values to unpack (expected 2)
doc_5263,too many values to unpack (expected 2)
doc_5264,too many values to unpack (expected 2)
doc_5265,too many values to unpack (expected 2)
doc_5266,too many values to unpack (expected 2)
doc_5267,too many values to unpack (expected 2)
doc_5268,too many values to unpack (expected 2)
doc_5269,too many values to unpack (expected 2)
doc_5270,too many values to unpack (expected 2)
doc_5271,too many values to unpack (expected 2)
doc_5272,too many values to unpack (expected 2)
doc_5273,too many values to unpack (expected 2)
doc_5274,too many values to unpack (expected 2)
doc_5275,too many values to unpack (expected 2)
doc_5276,too many values to unpack (expected 2)
doc_5277,too many values to unpack (expected 2)
doc_5278,too many values to unpack (expected 2)
doc_5279,too many values to unpack (expected 2)
doc_5280,too many values to unpack (expected 2)
doc_5281,too many values to unpack (expected 2)
doc_5282,too many values to unpack (expected 2)
doc_5283,too many values to unpack (expected 2)
doc_5284,too many values to unpack (expected 2)
doc_5285,too many values to unpack (expected 2)
doc_5286,too many values to unpack (expected 2)
doc_5287,too many values to unpack (expected 2)
doc_5288,too many values to unpack (expected 2)
doc_5289,too many values to unpack (expected 2)
doc_5290,too many values to unpack (expected 2)
doc_5291,too many values to unpack (expected 2)
doc_5292,too many values to unpack (expected 2)
doc_5293,too many values to unpack (expected 2)
doc_5294,too many values to unpack (expected 2)
doc_5295,too many values to unpack (expected 2)
doc_5296,too many values to unpack (expected 2)
doc_5297,too many values to unpack (expected 2)
doc_5298,too many values to unpack (expected 2)
doc_5299,too many values to unpack (expected 2)
doc_5300,too many values to unpack (expected 2)
doc_5301,too many values to unpack (expected 2)
doc_5302,too many values to unpack (expected 2)
doc_5303,too many values to unpack (expected 2)
doc_5304,too many values to unpack (expected 2)
doc_5305,too many values to unpack (expected 2)
doc_5306,too many values to unpack (expected 2)
doc_5307,too many values to unpack (expected 2)
doc_5308,too many values to unpack (expected 2)
doc_5309,too many values to unpack (expected 2)
doc_5310,too many values to unpack (expected 2)
doc_5311,too many values to unpack (expected 2)
doc_5312,too many values to unpack (expected 2)
doc_5313,too many values to unpack (expected 2)
doc_5314,too many values to unpack (expected 2)
doc_5315,too many values to unpack (expected 2)
doc_5316,too many values to unpack (expected 2)
doc_5317,too many values to unpack (expected 2)
doc_5318,too many values to unpack (expected 2)
doc_5319,too many values to unpack (expected 2)
doc_5320,too many values to unpack (expected 2)
doc_5321,too many values to unpack (expected 2)
doc_5322,too many values to unpack (expected 2)
doc_5323,too many values to unpack (expected 2)
doc_5324,too many values to unpack (expected 2)
doc_5325,too many values to unpack (expected 2)
doc_5326,too many values to unpack (expected 2)
doc_5327,too many values to unpack (expected 2)
doc_5328,too many values to unpack (expected 2)
doc_5329,too many values to unpack (expected 2)
doc_5330,too many values to unpack (expected 2)
doc_5331,too many values to unpack (expected 2)
doc_5332,too many values to unpack (expected 2)
doc_5333,too many values to unpack (expected 2)
doc_5334,too many values to unpack (expected 2)
doc_5335,too many values to unpack (expected 2)
doc_5336,too many values to unpack (expected 2)
doc_5337,too many values to unpack (expected 2)
doc_5338,too many values to unpack (expected 2)
doc_5339,too many values to unpack (expected 2)
doc_5340,too many values to unpack (expected 2)
doc_5341,too many values to unpack (expected 2)
doc_5342,too many values to unpack (expected 2)
doc_5343,too many values to unpack (expected 2)
doc_5344,too many values to unpack (expected 2)
doc_5345,too many values to unpack (expected 2)
doc_5346,too many values to unpack (expected 2)
doc_5347,too many values to unpack (expected 2)
doc_5348,too many values to unpack (expected 2)
doc_5349,too many values to unpack (expected 2)
doc_5350,too many values to unpack (expected 2)
doc_5351,too many values to unpack (expected 2)
doc_5352,too many values to unpack (expected 2)
doc_5353,too many values to unpack (expected 2)
doc_5354,too many values to unpack (expected 2)
doc_5355,too many values to unpack (expected 2)
doc_5356,too many values to unpack (expected 2)
doc_5357,too many values to unpack (expected 2)
doc_5358,too many values to unpack (expected 2)
doc_5359,too many values to unpack (expected 2)
doc_5360,too many values to unpack (expected 2)
doc_5361,too many values to unpack (expected 2)
doc_5362,too many values to unpack (expected 2)
doc_5363,too many values to unpack (expected 2)
doc_5364,too many values to unpack (expected 2)
doc_5365,too many values to unpack (expected 2)
doc_5366,too many values to unpack (expected 2)
doc_5367,too many values to unpack (expected 2)
doc_5368,too many values to unpack (expected 2)
doc_5369,too many values to unpack (expected 2)
doc_5370,too many values to unpack (expected 2)
doc_5371,too many values to unpack (expected 2)
doc_5372,too many values to unpack (expected 2)
doc_5373,too many values to unpack (expected 2)
doc_5374,too many values to unpack (expected 2)
doc_5375,too many values to unpack (expected 2)
doc_5376,too many values to unpack (expected 2)
doc_5377,too many values to unpack (expected 2)
doc_5378,too many values to unpack (expected 2)
doc_5379,too many values to unpack (expected 2)
doc_5380,too many values to unpack (expected 2)
doc_5381,too many values to unpack (expected 2)
doc_5382,too many values to unpack (expected 2)
doc_5383,too many values to unpack (expected 2)
doc_5384,too many values to unpack (expected 2)
doc_5385,too many values to unpack (expected 2)
doc_5386,too many values to unpack (expected 2)
doc_5387,too many values to unpack (expected 2)
doc_5388,too many values to unpack (expected 2)
doc_5389,too many values to unpack (expected 2)
doc_5390,too many values to unpack (expected 2)
doc_5391,too many values to unpack (expected 2)
doc_5392,too many values to unpack (expected 2)
doc_5393,too many values to unpack (expected 2)
doc_5394,too many values to unpack (expected 2)
doc_5395,too many values to unpack (expected 2)
doc_5396,too many values to unpack (expected 2)
doc_5397,too many values to unpack (expected 2)
doc_5398,too many values to unpack (expected 2)
doc_5399,too many values to unpack (expected 2)
doc_5400,too many values to unpack (expected 2)
doc_5401,too many values to unpack (expected 2)
doc_5402,too many values to unpack (expected 2)
doc_5403,too many values to unpack (expected 2)
doc_5404,too many values to unpack (expected 2)
doc_5405,too many values to unpack (expected 2)
doc_5406,too many values to unpack (expected 2)
doc_5407,too many values to unpack (expected 2)
doc_5408,too many values to unpack (expected 2)
doc_5409,too many values to unpack (expected 2)
doc_5410,too many values to unpack (expected 2)
doc_5411,too many values to unpack (expected 2)
doc_5412,too many values to unpack (expected 2)
doc_5413,too many values to unpack (expected 2)
doc_5414,too many values to unpack (expected 2)
doc_5415,too many values to unpack (expected 2)
doc_5416,too many values to unpack (expected 2)
doc_5417,too many values to unpack (expected 2)
doc_5418,too many values to unpack (expected 2)
doc_5419,too many values to unpack (expected 2)
doc_5420,too many values to unpack (expected 2)
doc_5421,too many values to unpack (expected 2)
doc_5422,too many values to unpack (expected 2)
doc_5423,too many values to unpack (expected 2)
doc_5424,too many values to unpack (expected 2)
doc_5425,too many values to unpack (expected 2)
doc_5426,too many values to unpack (expected 2)
doc_5427,too many values to unpack (expected 2)
doc_5428,too many values to unpack (expected 2)
doc_5429,too many values to unpack (expected 2)
doc_5430,too many values to unpack (expected 2)
doc_5431,too many values to unpack (expected 2)
doc_5432,too many values to unpack (expected 2)
doc_5433,too many values to unpack (expected 2)
doc_5434,too many values to unpack (expected 2)
doc_5435,too many values to unpack (expected 2)
doc_5436,too many values to unpack (expected 2)
doc_5437,too many values to unpack (expected 2)
doc_5438,too many values to unpack (expected 2)
doc_5439,too many values to unpack (expected 2)
doc_5440,too many values to unpack (expected 2)
doc_5441,too many values to unpack (expected 2)
doc_5442,too many values to unpack (expected 2)
doc_5443,too many values to unpack (expected 2)
doc_5444,too many values to unpack (expected 2)
doc_5445,too many values to unpack (expected 2)
doc_5446,too many values to unpack (expected 2)
doc_5447,too many values to unpack (expected 2)
doc_5448,too many values to unpack (expected 2)
doc_5449,too many values to unpack (expected 2)
doc_5450,too many values to unpack (expected 2)
doc_5451,too many values to unpack (expected 2)
doc_5452,too many values to unpack (expected 2)
doc_5453,too many values to unpack (expected 2)
doc_5454,too many values to unpack (expected 2)
doc_5455,too many values to unpack (expected 2)
doc_5456,too many values to unpack (expected 2)
doc_5457,too many values to unpack (expected 2)
doc_5458,too many values to unpack (expected 2)
doc_5459,too many values to unpack (expected 2)
doc_5460,too many values to unpack (expected 2)
doc_5461,too many values to unpack (expected 2)
doc_5462,too many values to unpack (expected 2)
doc_5463,too many values to unpack (expected 2)
doc_5464,too many values to unpack (expected 2)
doc_5465,too many values to unpack (expected 2)
doc_5466,too many values to unpack (expected 2)
doc_5467,too many values to unpack (expected 2)
doc_5468,too many values to unpack (expected 2)
doc_5469,too many values to unpack (expected 2)
doc_5470,too many values to unpack (expected 2)
doc_5471,too many values to unpack (expected 2)
doc_5472,too many values to unpack (expected 2)
doc_5473,too many values to unpack (expected 2)
doc_5474,too many values to unpack (expected 2)
doc_5475,too many values to unpack (expected 2)
doc_5476,too many values to unpack (expected 2)
doc_5477,too many values to unpack (expected 2)
doc_5478,too many values to unpack (expected 2)
doc_5479,too many values to unpack (expected 2)
doc_5480,too many values to unpack (expected 2)
doc_5481,too many values to unpack (expected 2)
doc_5482,too many values to unpack (expected 2)
doc_5483,too many values to unpack (expected 2)
doc_5484,too many values to unpack (expected 2)
doc_5485,too many values to unpack (expected 2)
doc_5486,too many values to unpack (expected 2)
doc_5487,too many values to unpack (expected 2)
doc_5488,too many values to unpack (expected 2)
doc_5489,too many values to unpack (expected 2)
doc_5490,too many values to unpack (expected 2)
doc_5491,too many values to unpack (expected 2)
doc_5492,too many values to unpack (expected 2)
doc_5493,too many values to unpack (expected 2)
doc_5494,too many values to unpack (expected 2)
doc_5495,too many values to unpack (expected 2)
doc_5496,too many values to unpack (expected 2)
doc_5497,too many values to unpack (expected 2)
doc_5498,too many values to unpack (expected 2)
doc_5499,too many values to unpack (expected 2)
doc_5500,too many values to unpack (expected 2)
doc_5501,too many values to unpack (expected 2)
doc_5502,too many values to unpack (expected 2)
doc_5503,too many values to unpack (expected 2)
doc_5504,too many values to unpack (expected 2)
doc_5505,too many values to unpack (expected 2)
doc_5506,too many values to unpack (expected 2)
doc_5507,too many values to unpack (expected 2)
doc_5508,too many values to unpack (expected 2)
doc_5509,too many values to unpack (expected 2)
doc_5510,too many values to unpack (expected 2)
doc_5511,too many values to unpack (expected 2)
doc_5512,too many values to unpack (expected 2)
doc_5513,too many values to unpack (expected 2)
doc_5514,too many values to unpack (expected 2)
doc_5515,too many values to unpack (expected 2)
doc_5516,too many values to unpack (expected 2)
doc_5517,too many values to unpack (expected 2)
doc_5518,too many values to unpack (expected 2)
doc_5519,too many values to unpack (expected 2)
doc_5520,too many values to unpack (expected 2)
doc_5521,too many values to unpack (expected 2)
doc_5522,too many values to unpack (expected 2)
doc_5523,too many values to unpack (expected 2)
doc_5524,too many values to unpack (expected 2)
doc_5525,too many values to unpack (expected 2)
doc_5526,too many values to unpack (expected 2)
doc_5527,too many values to unpack (expected 2)
doc_5528,too many values to unpack (expected 2)
doc_5529,too many values to unpack (expected 2)
doc_5530,too many values to unpack (expected 2)
doc_5531,too many values to unpack (expected 2)
doc_5532,too many values to unpack (expected 2)
doc_5533,too many values to unpack (expected 2)
doc_5534,too many values to unpack (expected 2)
doc_5535,too many values to unpack (expected 2)
doc_5536,too many values to unpack (expected 2)
doc_5537,too many values to unpack (expected 2)
doc_5538,too many values to unpack (expected 2)
doc_5539,too many values to unpack (expected 2)
doc_5540,too many values to unpack (expected 2)
doc_5541,too many values to unpack (expected 2)
doc_5542,too many values to unpack (expected 2)
doc_5543,too many values to unpack (expected 2)
doc_5544,too many values to unpack (expected 2)
doc_5545,too many values to unpack (expected 2)
doc_5546,too many values to unpack (expected 2)
doc_5547,too many values to unpack (expected 2)
doc_5548,too many values to unpack (expected 2)
doc_5549,too many values to unpack (expected 2)
doc_5550,too many values to unpack (expected 2)
doc_5551,too many values to unpack (expected 2)
doc_5552,too many values to unpack (expected 2)
doc_5553,too many values to unpack (expected 2)
doc_5554,too many values to unpack (expected 2)
doc_5555,too many values to unpack (expected 2)
doc_5556,too many values to unpack (expected 2)
doc_5557,too many values to unpack (expected 2)
doc_5558,too many values to unpack (expected 2)
doc_5559,too many values to unpack (expected 2)
doc_5560,too many values to unpack (expected 2)
doc_5561,too many values to unpack (expected 2)
doc_5562,too many values to unpack (expected 2)
doc_5563,too many values to unpack (expected 2)
doc_5564,too many values to unpack (expected 2)
doc_5565,too many values to unpack (expected 2)
doc_5566,too many values to unpack (expected 2)
doc_5567,too many values to unpack (expected 2)
doc_5568,too many values to unpack (expected 2)
doc_5569,too many values to unpack (expected 2)
doc_5570,too many values to unpack (expected 2)
doc_5571,too many values to unpack (expected 2)
doc_5572,too many values to unpack (expected 2)
doc_5573,too many values to unpack (expected 2)
doc_5574,too many values to unpack (expected 2)
doc_5575,too many values to unpack (expected 2)
doc_5576,too many values to unpack (expected 2)
doc_5577,too many values to unpack (expected 2)
doc_5578,too many values to unpack (expected 2)
doc_5579,too many values to unpack (expected 2)
doc_5580,too many values to unpack (expected 2)
doc_5581,too many values to unpack (expected 2)
doc_5582,too many values to unpack (expected 2)
doc_5583,too many values to unpack (expected 2)
doc_5584,too many values to unpack (expected 2)
doc_5585,too many values to unpack (expected 2)
doc_5586,too many values to unpack (expected 2)
doc_5587,too many values to unpack (expected 2)
doc_5588,too many values to unpack (expected 2)
doc_5589,too many values to unpack (expected 2)
doc_5590,too many values to unpack (expected 2)
doc_5591,too many values to unpack (expected 2)
doc_5592,too many values to unpack (expected 2)
doc_5593,too many values to unpack (expected 2)
doc_5594,too many values to unpack (expected 2)
doc_5595,too many values to unpack (expected 2)
doc_5596,too many values to unpack (expected 2)
doc_5597,too many values to unpack (expected 2)
doc_5598,too many values to unpack (expected 2)
doc_5599,too many values to unpack (expected 2)
doc_5600,too many values to unpack (expected 2)
doc_5601,too many values to unpack (expected 2)
doc_5602,too many values to unpack (expected 2)
doc_5603,too many values to unpack (expected 2)
doc_5604,too many values to unpack (expected 2)
doc_5605,too many values to unpack (expected 2)
doc_5606,too many values to unpack (expected 2)
doc_5607,too many values to unpack (expected 2)
doc_5608,too many values to unpack (expected 2)
doc_5609,too many values to unpack (expected 2)
doc_5610,too many values to unpack (expected 2)
doc_5611,too many values to unpack (expected 2)
doc_5612,too many values to unpack (expected 2)
doc_5613,too many values to unpack (expected 2)
doc_5614,too many values to unpack (expected 2)
doc_5615,too many values to unpack (expected 2)
doc_5616,too many values to unpack (expected 2)
doc_5617,too many values to unpack (expected 2)
doc_5618,too many values to unpack (expected 2)
doc_5619,too many values to unpack (expected 2)
doc_5620,too many values to unpack (expected 2)
doc_5621,too many values to unpack (expected 2)
doc_5622,too many values to unpack (expected 2)
doc_5623,too many values to unpack (expected 2)
doc_5624,too many values to unpack (expected 2)
doc_5625,too many values to unpack (expected 2)
doc_5626,too many values to unpack (expected 2)
doc_5627,too many values to unpack (expected 2)
doc_5628,too many values to unpack (expected 2)
doc_5629,too many values to unpack (expected 2)
doc_5630,too many values to unpack (expected 2)
doc_5631,too many values to unpack (expected 2)
doc_5632,too many values to unpack (expected 2)
doc_5633,too many values to unpack (expected 2)
doc_5634,too many values to unpack (expected 2)
doc_5635,too many values to unpack (expected 2)
doc_5636,too many values to unpack (expected 2)
doc_5637,too many values to unpack (expected 2)
doc_5638,too many values to unpack (expected 2)
doc_5639,too many values to unpack (expected 2)
doc_5640,too many values to unpack (expected 2)
doc_5641,too many values to unpack (expected 2)
doc_5642,too many values to unpack (expected 2)
doc_5643,too many values to unpack (expected 2)
doc_5644,too many values to unpack (expected 2)
doc_5645,too many values to unpack (expected 2)
doc_5646,too many values to unpack (expected 2)
doc_5647,too many values to unpack (expected 2)
doc_5648,too many values to unpack (expected 2)
doc_5649,too many values to unpack (expected 2)
doc_5650,too many values to unpack (expected 2)
doc_5651,too many values to unpack (expected 2)
doc_5652,too many values to unpack (expected 2)
doc_5653,too many values to unpack (expected 2)
doc_5654,too many values to unpack (expected 2)
doc_5655,too many values to unpack (expected 2)
doc_5656,too many values to unpack (expected 2)
doc_5657,too many values to unpack (expected 2)
doc_5658,too many values to unpack (expected 2)
doc_5659,too many values to unpack (expected 2)
doc_5660,too many values to unpack (expected 2)
doc_5661,too many values to unpack (expected 2)
doc_5662,too many values to unpack (expected 2)
doc_5663,too many values to unpack (expected 2)
doc_5664,too many values to unpack (expected 2)
doc_5665,too many values to unpack (expected 2)
doc_5666,too many values to unpack (expected 2)
doc_5667,too many values to unpack (expected 2)
doc_5668,too many values to unpack (expected 2)
doc_5669,too many values to unpack (expected 2)
doc_5670,too many values to unpack (expected 2)
doc_5671,too many values to unpack (expected 2)
doc_5672,too many values to unpack (expected 2)
doc_5673,too many values to unpack (expected 2)
doc_5674,too many values to unpack (expected 2)
doc_5675,too many values to unpack (expected 2)
doc_5676,too many values to unpack (expected 2)
doc_5677,too many values to unpack (expected 2)
doc_5678,too many values to unpack (expected 2)
doc_5679,too many values to unpack (expected 2)
doc_5680,too many values to unpack (expected 2)
doc_5681,too many values to unpack (expected 2)
doc_5682,too many values to unpack (expected 2)
doc_5683,too many values to unpack (expected 2)
doc_5684,too many values to unpack (expected 2)
doc_5685,too many values to unpack (expected 2)
doc_5686,too many values to unpack (expected 2)
doc_5687,too many values to unpack (expected 2)
doc_5688,too many values to unpack (expected 2)
doc_5689,too many values to unpack (expected 2)
doc_5690,too many values to unpack (expected 2)
doc_5691,too many values to unpack (expected 2)
doc_5692,too many values to unpack (expected 2)
doc_5693,too many values to unpack (expected 2)
doc_5694,too many values to unpack (expected 2)
doc_5695,too many values to unpack (expected 2)
doc_5696,too many values to unpack (expected 2)
doc_5697,too many values to unpack (expected 2)
doc_5698,too many values to unpack (expected 2)
doc_5699,too many values to unpack (expected 2)
doc_5700,too many values to unpack (expected 2)
doc_5701,too many values to unpack (expected 2)
doc_5702,too many values to unpack (expected 2)
doc_5703,too many values to unpack (expected 2)
doc_5704,too many values to unpack (expected 2)
doc_5705,too many values to unpack (expected 2)
doc_5706,too many values to unpack (expected 2)
doc_5707,too many values to unpack (expected 2)
doc_5708,too many values to unpack (expected 2)
doc_5709,too many values to unpack (expected 2)
doc_5710,too many values to unpack (expected 2)
doc_5711,too many values to unpack (expected 2)
doc_5712,too many values to unpack (expected 2)
doc_5713,too many values to unpack (expected 2)
doc_5714,too many values to unpack (expected 2)
doc_5715,too many values to unpack (expected 2)
doc_5716,too many values to unpack (expected 2)
doc_5717,too many values to unpack (expected 2)
doc_5718,too many values to unpack (expected 2)
doc_5719,too many values to unpack (expected 2)
doc_5720,too many values to unpack (expected 2)
doc_5721,too many values to unpack (expected 2)
doc_5722,too many values to unpack (expected 2)
doc_5723,too many values to unpack (expected 2)
doc_5724,too many values to unpack (expected 2)
doc_5725,too many values to unpack (expected 2)
doc_5726,too many values to unpack (expected 2)
doc_5727,too many values to unpack (expected 2)
doc_5728,too many values to unpack (expected 2)
doc_5729,too many values to unpack (expected 2)
doc_5730,too many values to unpack (expected 2)
doc_5731,too many values to unpack (expected 2)
doc_5732,too many values to unpack (expected 2)
doc_5733,too many values to unpack (expected 2)
doc_5734,too many values to unpack (expected 2)
doc_5735,too many values to unpack (expected 2)
doc_5736,too many values to unpack (expected 2)
doc_5737,too many values to unpack (expected 2)
doc_5738,too many values to unpack (expected 2)
doc_5739,too many values to unpack (expected 2)
doc_5740,too many values to unpack (expected 2)
doc_5741,too many values to unpack (expected 2)
doc_5742,too many values to unpack (expected 2)
doc_5743,too many values to unpack (expected 2)
doc_5744,too many values to unpack (expected 2)
doc_5745,too many values to unpack (expected 2)
doc_5746,too many values to unpack (expected 2)
doc_5747,too many values to unpack (expected 2)
doc_5748,too many values to unpack (expected 2)
doc_5749,too many values to unpack (expected 2)
doc_5750,too many values to unpack (expected 2)
doc_5751,too many values to unpack (expected 2)
doc_5752,too many values to unpack (expected 2)
doc_5753,too many values to unpack (expected 2)
doc_5754,too many values to unpack (expected 2)
doc_5755,too many values to unpack (expected 2)
doc_5756,too many values to unpack (expected 2)
doc_5757,too many values to unpack (expected 2)
doc_5758,too many values to unpack (expected 2)
doc_5759,too many values to unpack (expected 2)
doc_5760,too many values to unpack (expected 2)
doc_5761,too many values to unpack (expected 2)
doc_5762,too many values to unpack (expected 2)
doc_5763,too many values to unpack (expected 2)
doc_5764,too many values to unpack (expected 2)
doc_5765,too many values to unpack (expected 2)
doc_5766,too many values to unpack (expected 2)
doc_5767,too many values to unpack (expected 2)
doc_5768,too many values to unpack (expected 2)
doc_5769,too many values to unpack (expected 2)
doc_5770,too many values to unpack (expected 2)
doc_5771,too many values to unpack (expected 2)
doc_5772,too many values to unpack (expected 2)
doc_5773,too many values to unpack (expected 2)
doc_5774,too many values to unpack (expected 2)
doc_5775,too many values to unpack (expected 2)
doc_5776,too many values to unpack (expected 2)
doc_5777,too many values to unpack (expected 2)
doc_5778,too many values to unpack (expected 2)
doc_5779,too many values to unpack (expected 2)
doc_5780,too many values to unpack (expected 2)
doc_5781,too many values to unpack (expected 2)
doc_5782,too many values to unpack (expected 2)
doc_5783,too many values to unpack (expected 2)
doc_5784,too many values to unpack (expected 2)
doc_5785,too many values to unpack (expected 2)
doc_5786,too many values to unpack (expected 2)
doc_5787,too many values to unpack (expected 2)
doc_5788,too many values to unpack (expected 2)
doc_5789,too many values to unpack (expected 2)
doc_5790,too many values to unpack (expected 2)
doc_5791,too many values to unpack (expected 2)
doc_5792,too many values to unpack (expected 2)
doc_5793,too many values to unpack (expected 2)
doc_5794,too many values to unpack (expected 2)
doc_5795,too many values to unpack (expected 2)
doc_5796,too many values to unpack (expected 2)
doc_5797,too many values to unpack (expected 2)
doc_5798,too many values to unpack (expected 2)
doc_5799,too many values to unpack (expected 2)
doc_5800,too many values to unpack (expected 2)
doc_5801,too many values to unpack (expected 2)
doc_5802,too many values to unpack (expected 2)
doc_5803,too many values to unpack (expected 2)
doc_5804,too many values to unpack (expected 2)
doc_5805,too many values to unpack (expected 2)
doc_5806,too many values to unpack (expected 2)
doc_5807,too many values to unpack (expected 2)
doc_5808,too many values to unpack (expected 2)
doc_5809,too many values to unpack (expected 2)
doc_5810,too many values to unpack (expected 2)
doc_5811,too many values to unpack (expected 2)
doc_5812,too many values to unpack (expected 2)
doc_5813,too many values to unpack (expected 2)
doc_5814,too many values to unpack (expected 2)
doc_5815,too many values to unpack (expected 2)
doc_5816,too many values to unpack (expected 2)
doc_5817,too many values to unpack (expected 2)
doc_5818,too many values to unpack (expected 2)
doc_5819,too many values to unpack (expected 2)
doc_5820,too many values to unpack (expected 2)
doc_5821,too many values to unpack (expected 2)
doc_5822,too many values to unpack (expected 2)
doc_5823,too many values to unpack (expected 2)
doc_5824,too many values to unpack (expected 2)
doc_5825,too many values to unpack (expected 2)
doc_5826,too many values to unpack (expected 2)
doc_5827,too many values to unpack (expected 2)
doc_5828,too many values to unpack (expected 2)
doc_5829,too many values to unpack (expected 2)
doc_5830,too many values to unpack (expected 2)
doc_5831,too many values to unpack (expected 2)
doc_5832,too many values to unpack (expected 2)
doc_5833,too many values to unpack (expected 2)
doc_5834,too many values to unpack (expected 2)
doc_5835,too many values to unpack (expected 2)
doc_5836,too many values to unpack (expected 2)
doc_5837,too many values to unpack (expected 2)
doc_5838,too many values to unpack (expected 2)
doc_5839,too many values to unpack (expected 2)
doc_5840,too many values to unpack (expected 2)
doc_5841,too many values to unpack (expected 2)
doc_5842,too many values to unpack (expected 2)
doc_5843,too many values to unpack (expected 2)
doc_5844,too many values to unpack (expected 2)
doc_5845,too many values to unpack (expected 2)
doc_5846,too many values to unpack (expected 2)
doc_5847,too many values to unpack (expected 2)
doc_5848,too many values to unpack (expected 2)
doc_5849,too many values to unpack (expected 2)
doc_5850,too many values to unpack (expected 2)
doc_5851,too many values to unpack (expected 2)
doc_5852,too many values to unpack (expected 2)
doc_5853,too many values to unpack (expected 2)
doc_5854,too many values to unpack (expected 2)
doc_5855,too many values to unpack (expected 2)
doc_5856,too many values to unpack (expected 2)
doc_5857,too many values to unpack (expected 2)
doc_5858,too many values to unpack (expected 2)
doc_5859,too many values to unpack (expected 2)
doc_5860,too many values to unpack (expected 2)
doc_5861,too many values to unpack (expected 2)
doc_5862,too many values to unpack (expected 2)
doc_5863,too many values to unpack (expected 2)
doc_5864,too many values to unpack (expected 2)
doc_5865,too many values to unpack (expected 2)
doc_5866,too many values to unpack (expected 2)
doc_5867,too many values to unpack (expected 2)
doc_5868,too many values to unpack (expected 2)
doc_5869,too many values to unpack (expected 2)
doc_5870,too many values to unpack (expected 2)
doc_5871,too many values to unpack (expected 2)
doc_5872,too many values to unpack (expected 2)
doc_5873,too many values to unpack (expected 2)
doc_5874,too many values to unpack (expected 2)
doc_5875,too many values to unpack (expected 2)
doc_5876,too many values to unpack (expected 2)
doc_5877,too many values to unpack (expected 2)
doc_5878,too many values to unpack (expected 2)
doc_5879,too many values to unpack (expected 2)
doc_5880,too many values to unpack (expected 2)
doc_5881,too many values to unpack (expected 2)
doc_5882,too many values to unpack (expected 2)
doc_5883,too many values to unpack (expected 2)
doc_5884,too many values to unpack (expected 2)
doc_5885,too many values to unpack (expected 2)
doc_5886,too many values to unpack (expected 2)
doc_5887,too many values to unpack (expected 2)
doc_5888,too many values to unpack (expected 2)
doc_5889,too many values to unpack (expected 2)
doc_5890,too many values to unpack (expected 2)
doc_5891,too many values to unpack (expected 2)
doc_5892,too many values to unpack (expected 2)
doc_5893,too many values to unpack (expected 2)
doc_5894,too many values to unpack (expected 2)
doc_5895,too many values to unpack (expected 2)
doc_5896,too many values to unpack (expected 2)
doc_5897,too many values to unpack (expected 2)
doc_5898,too many values to unpack (expected 2)
doc_5899,too many values to unpack (expected 2)
doc_5900,too many values to unpack (expected 2)
doc_5901,too many values to unpack (expected 2)
doc_5902,too many values to unpack (expected 2)
doc_5903,too many values to unpack (expected 2)
doc_5904,too many values to unpack (expected 2)
doc_5905,too many values to unpack (expected 2)
doc_5906,too many values to unpack (expected 2)
doc_5907,too many values to unpack (expected 2)
doc_5908,too many values to unpack (expected 2)
doc_5909,too many values to unpack (expected 2)
doc_5910,too many values to unpack (expected 2)
doc_5911,too many values to unpack (expected 2)
doc_5912,too many values to unpack (expected 2)
doc_5913,too many values to unpack (expected 2)
doc_5914,too many values to unpack (expected 2)
doc_5915,too many values to unpack (expected 2)
doc_5916,too many values to unpack (expected 2)
doc_5917,too many values to unpack (expected 2)
doc_5918,too many values to unpack (expected 2)
doc_5919,too many values to unpack (expected 2)
doc_5920,too many values to unpack (expected 2)
doc_5921,too many values to unpack (expected 2)
doc_5922,too many values to unpack (expected 2)
doc_5923,too many values to unpack (expected 2)
doc_5924,too many values to unpack (expected 2)
doc_5925,too many values to unpack (expected 2)
doc_5926,too many values to unpack (expected 2)
doc_5927,too many values to unpack (expected 2)
doc_5928,too many values to unpack (expected 2)
doc_5929,too many values to unpack (expected 2)
doc_5930,too many values to unpack (expected 2)
doc_5931,too many values to unpack (expected 2)
doc_5932,too many values to unpack (expected 2)
doc_5933,too many values to unpack (expected 2)
doc_5934,too many values to unpack (expected 2)
doc_5935,too many values to unpack (expected 2)
doc_5936,too many values to unpack (expected 2)
doc_5937,too many values to unpack (expected 2)
doc_5938,too many values to unpack (expected 2)
doc_5939,too many values to unpack (expected 2)
doc_5940,too many values to unpack (expected 2)
doc_5941,too many values to unpack (expected 2)
doc_5942,too many values to unpack (expected 2)
doc_5943,too many values to unpack (expected 2)
doc_5944,too many values to unpack (expected 2)
doc_5945,too many values to unpack (expected 2)
doc_5946,too many values to unpack (expected 2)
doc_5947,too many values to unpack (expected 2)
doc_5948,too many values to unpack (expected 2)
doc_5949,too many values to unpack (expected 2)
doc_5950,too many values to unpack (expected 2)
doc_5951,too many values to unpack (expected 2)
doc_5952,too many values to unpack (expected 2)
doc_5953,too many values to unpack (expected 2)
doc_5954,too many values to unpack (expected 2)
doc_5955,too many values to unpack (expected 2)
doc_5956,too many values to unpack (expected 2)
doc_5957,too many values to unpack (expected 2)
doc_5958,too many values to unpack (expected 2)
doc_5959,too many values to unpack (expected 2)
doc_5960,too many values to unpack (expected 2)
doc_5961,too many values to unpack (expected 2)
doc_5962,too many values to unpack (expected 2)
doc_5963,too many values to unpack (expected 2)
doc_5964,too many values to unpack (expected 2)
doc_5965,too many values to unpack (expected 2)
doc_5966,too many values to unpack (expected 2)
doc_5967,too many values to unpack (expected 2)
doc_5968,too many values to unpack (expected 2)
doc_5969,too many values to unpack (expected 2)
doc_5970,too many values to unpack (expected 2)
doc_5971,too many values to unpack (expected 2)
doc_5972,too many values to unpack (expected 2)
doc_5973,too many values to unpack (expected 2)
doc_5974,too many values to unpack (expected 2)
doc_5975,too many values to unpack (expected 2)
doc_5976,too many values to unpack (expected 2)
doc_5977,too many values to unpack (expected 2)
doc_5978,too many values to unpack (expected 2)
doc_5979,too many values to unpack (expected 2)
doc_5980,too many values to unpack (expected 2)
doc_5981,too many values to unpack (expected 2)
doc_5982,too many values to unpack (expected 2)
doc_5983,too many values to unpack (expected 2)
doc_5984,too many values to unpack (expected 2)
doc_5985,too many values to unpack (expected 2)
doc_5986,too many values to unpack (expected 2)
doc_5987,too many values to unpack (expected 2)
doc_5988,too many values to unpack (expected 2)
doc_5989,too many values to unpack (expected 2)
doc_5990,too many values to unpack (expected 2)
doc_5991,too many values to unpack (expected 2)
doc_5992,too many values to unpack (expected 2)
doc_5993,too many values to unpack (expected 2)
doc_5994,too many values to unpack (expected 2)
doc_5995,too many values to unpack (expected 2)
doc_5996,too many values to unpack (expected 2)
doc_5997,too many values to unpack (expected 2)
doc_5998,too many values to unpack (expected 2)
doc_5999,too many values to unpack (expected 2)
doc_6000,too many values to unpack (expected 2)
doc_6001,too many values to unpack (expected 2)
doc_6002,too many values to unpack (expected 2)
doc_6003,too many values to unpack (expected 2)
doc_6004,too many values to unpack (expected 2)
doc_6005,too many values to unpack (expected 2)
doc_6006,too many values to unpack (expected 2)
doc_6007,too many values to unpack (expected 2)
doc_6008,too many values to unpack (expected 2)
doc_6009,too many values to unpack (expected 2)
doc_6010,too many values to unpack (expected 2)
doc_6011,too many values to unpack (expected 2)
doc_6012,too many values to unpack (expected 2)
doc_6013,too many values to unpack (expected 2)
doc_6014,too many values to unpack (expected 2)
doc_6015,too many values to unpack (expected 2)
doc_6016,too many values to unpack (expected 2)
doc_6017,too many values to unpack (expected 2)
doc_6018,too many values to unpack (expected 2)
doc_6019,too many values to unpack (expected 2)
doc_6020,too many values to unpack (expected 2)
doc_6021,too many values to unpack (expected 2)
doc_6022,too many values to unpack (expected 2)
doc_6023,too many values to unpack (expected 2)
doc_6024,too many values to unpack (expected 2)
doc_6025,too many values to unpack (expected 2)
doc_6026,too many values to unpack (expected 2)
doc_6027,too many values to unpack (expected 2)
doc_6028,too many values to unpack (expected 2)
doc_6029,too many values to unpack (expected 2)
doc_6030,too many values to unpack (expected 2)
doc_6031,too many values to unpack (expected 2)
doc_6032,too many values to unpack (expected 2)
doc_6033,too many values to unpack (expected 2)
doc_6034,too many values to unpack (expected 2)
doc_6035,too many values to unpack (expected 2)
doc_6036,too many values to unpack (expected 2)
doc_6037,too many values to unpack (expected 2)
doc_6038,too many values to unpack (expected 2)
doc_6039,too many values to unpack (expected 2)
doc_6040,too many values to unpack (expected 2)
doc_6041,too many values to unpack (expected 2)
doc_6042,too many values to unpack (expected 2)
doc_6043,too many values to unpack (expected 2)
doc_6044,too many values to unpack (expected 2)
doc_6045,too many values to unpack (expected 2)
doc_6046,too many values to unpack (expected 2)
doc_6047,too many values to unpack (expected 2)
doc_6048,too many values to unpack (expected 2)
doc_6049,too many values to unpack (expected 2)
doc_6050,too many values to unpack (expected 2)
doc_6051,too many values to unpack (expected 2)
doc_6052,too many values to unpack (expected 2)
doc_6053,too many values to unpack (expected 2)
doc_6054,too many values to unpack (expected 2)
doc_6055,too many values to unpack (expected 2)
doc_6056,too many values to unpack (expected 2)
doc_6057,too many values to unpack (expected 2)
doc_6058,too many values to unpack (expected 2)
doc_6059,too many values to unpack (expected 2)
doc_6060,too many values to unpack (expected 2)
doc_6061,too many values to unpack (expected 2)
doc_6062,too many values to unpack (expected 2)
doc_6063,too many values to unpack (expected 2)
doc_6064,too many values to unpack (expected 2)
doc_6065,too many values to unpack (expected 2)
doc_6066,too many values to unpack (expected 2)
doc_6067,too many values to unpack (expected 2)
doc_6068,too many values to unpack (expected 2)
doc_6069,too many values to unpack (expected 2)
doc_6070,too many values to unpack (expected 2)
doc_6071,too many values to unpack (expected 2)
doc_6072,too many values to unpack (expected 2)
doc_6073,too many values to unpack (expected 2)
doc_6074,too many values to unpack (expected 2)
doc_6075,too many values to unpack (expected 2)
doc_6076,too many values to unpack (expected 2)
doc_6077,too many values to unpack (expected 2)
doc_6078,too many values to unpack (expected 2)
doc_6079,too many values to unpack (expected 2)
doc_6080,too many values to unpack (expected 2)
doc_6081,too many values to unpack (expected 2)
doc_6082,too many values to unpack (expected 2)
doc_6083,too many values to unpack (expected 2)
doc_6084,too many values to unpack (expected 2)
doc_6085,too many values to unpack (expected 2)
doc_6086,too many values to unpack (expected 2)
doc_6087,too many values to unpack (expected 2)
doc_6088,too many values to unpack (expected 2)
doc_6089,too many values to unpack (expected 2)
doc_6090,too many values to unpack (expected 2)
doc_6091,too many values to unpack (expected 2)
doc_6092,too many values to unpack (expected 2)
doc_6093,too many values to unpack (expected 2)
doc_6094,too many values to unpack (expected 2)
doc_6095,too many values to unpack (expected 2)
doc_6096,too many values to unpack (expected 2)
doc_6097,too many values to unpack (expected 2)
doc_6098,too many values to unpack (expected 2)
doc_6099,too many values to unpack (expected 2)
doc_6100,too many values to unpack (expected 2)
doc_6101,too many values to unpack (expected 2)
doc_6102,too many values to unpack (expected 2)
doc_6103,too many values to unpack (expected 2)
doc_6104,too many values to unpack (expected 2)
doc_6105,too many values to unpack (expected 2)
doc_6106,too many values to unpack (expected 2)
doc_6107,too many values to unpack (expected 2)
doc_6108,too many values to unpack (expected 2)
doc_6109,too many values to unpack (expected 2)
doc_6110,too many values to unpack (expected 2)
doc_6111,too many values to unpack (expected 2)
doc_6112,too many values to unpack (expected 2)
doc_6113,too many values to unpack (expected 2)
doc_6114,too many values to unpack (expected 2)
doc_6115,too many values to unpack (expected 2)
doc_6116,too many values to unpack (expected 2)
doc_6117,too many values to unpack (expected 2)
doc_6118,too many values to unpack (expected 2)
doc_6119,too many values to unpack (expected 2)
doc_6120,too many values to unpack (expected 2)
doc_6121,too many values to unpack (expected 2)
doc_6122,too many values to unpack (expected 2)
doc_6123,too many values to unpack (expected 2)
doc_6124,too many values to unpack (expected 2)
doc_6125,too many values to unpack (expected 2)
doc_6126,too many values to unpack (expected 2)
doc_6127,too many values to unpack (expected 2)
doc_6128,too many values to unpack (expected 2)
doc_6129,too many values to unpack (expected 2)
doc_6130,too many values to unpack (expected 2)
doc_6131,too many values to unpack (expected 2)
doc_6132,too many values to unpack (expected 2)
doc_6133,too many values to unpack (expected 2)
doc_6134,too many values to unpack (expected 2)
doc_6135,too many values to unpack (expected 2)
doc_6136,too many values to unpack (expected 2)
doc_6137,too many values to unpack (expected 2)
doc_6138,too many values to unpack (expected 2)
doc_6139,too many values to unpack (expected 2)
doc_6140,too many values to unpack (expected 2)
doc_6141,too many values to unpack (expected 2)
doc_6142,too many values to unpack (expected 2)
doc_6143,too many values to unpack (expected 2)
doc_6144,too many values to unpack (expected 2)
doc_6145,too many values to unpack (expected 2)
doc_6146,too many values to unpack (expected 2)
doc_6147,too many values to unpack (expected 2)
doc_6148,too many values to unpack (expected 2)
doc_6149,too many values to unpack (expected 2)
doc_6150,too many values to unpack (expected 2)
doc_6151,too many values to unpack (expected 2)
doc_6152,too many values to unpack (expected 2)
doc_6153,too many values to unpack (expected 2)
doc_6154,too many values to unpack (expected 2)
doc_6155,too many values to unpack (expected 2)
doc_6156,too many values to unpack (expected 2)
doc_6157,too many values to unpack (expected 2)
doc_6158,too many values to unpack (expected 2)
doc_6159,too many values to unpack (expected 2)
doc_6160,too many values to unpack (expected 2)
doc_6161,too many values to unpack (expected 2)
doc_6162,too many values to unpack (expected 2)
doc_6163,too many values to unpack (expected 2)
doc_6164,too many values to unpack (expected 2)
doc_6165,too many values to unpack (expected 2)
doc_6166,too many values to unpack (expected 2)
doc_6167,too many values to unpack (expected 2)
doc_6168,too many values to unpack (expected 2)
doc_6169,too many values to unpack (expected 2)
doc_6170,too many values to unpack (expected 2)
doc_6171,too many values to unpack (expected 2)
doc_6172,too many values to unpack (expected 2)
doc_6173,too many values to unpack (expected 2)
doc_6174,too many values to unpack (expected 2)
doc_6175,too many values to unpack (expected 2)
doc_6176,too many values to unpack (expected 2)
doc_6177,too many values to unpack (expected 2)
doc_6178,too many values to unpack (expected 2)
doc_6179,too many values to unpack (expected 2)
doc_6180,too many values to unpack (expected 2)
doc_6181,too many values to unpack (expected 2)
doc_6182,too many values to unpack (expected 2)
doc_6183,too many values to unpack (expected 2)
doc_6184,too many values to unpack (expected 2)
doc_6185,too many values to unpack (expected 2)
doc_6186,too many values to unpack (expected 2)
doc_6187,too many values to unpack (expected 2)
doc_6188,too many values to unpack (expected 2)
doc_6189,too many values to unpack (expected 2)
doc_6190,too many values to unpack (expected 2)
doc_6191,too many values to unpack (expected 2)
doc_6192,too many values to unpack (expected 2)
doc_6193,too many values to unpack (expected 2)
doc_6194,too many values to unpack (expected 2)
doc_6195,too many values to unpack (expected 2)
doc_6196,too many values to unpack (expected 2)
doc_6197,too many values to unpack (expected 2)
doc_6198,too many values to unpack (expected 2)
doc_6199,too many values to unpack (expected 2)
doc_6200,too many values to unpack (expected 2)
doc_6201,too many values to unpack (expected 2)
doc_6202,too many values to unpack (expected 2)
doc_6203,too many values to unpack (expected 2)
doc_6204,too many values to unpack (expected 2)
doc_6205,too many values to unpack (expected 2)
doc_6206,too many values to unpack (expected 2)
doc_6207,too many values to unpack (expected 2)
doc_6208,too many values to unpack (expected 2)
doc_6209,too many values to unpack (expected 2)
doc_6210,too many values to unpack (expected 2)
doc_6211,too many values to unpack (expected 2)
doc_6212,too many values to unpack (expected 2)
doc_6213,too many values to unpack (expected 2)
doc_6214,too many values to unpack (expected 2)
doc_6215,too many values to unpack (expected 2)
doc_6216,too many values to unpack (expected 2)
doc_6217,too many values to unpack (expected 2)
doc_6218,too many values to unpack (expected 2)
doc_6219,too many values to unpack (expected 2)
doc_6220,too many values to unpack (expected 2)
doc_6221,too many values to unpack (expected 2)
doc_6222,too many values to unpack (expected 2)
doc_6223,too many values to unpack (expected 2)
doc_6224,too many values to unpack (expected 2)
doc_6225,too many values to unpack (expected 2)
doc_6226,too many values to unpack (expected 2)
doc_6227,too many values to unpack (expected 2)
doc_6228,too many values to unpack (expected 2)
doc_6229,too many values to unpack (expected 2)
doc_6230,too many values to unpack (expected 2)
doc_6231,too many values to unpack (expected 2)
doc_6232,too many values to unpack (expected 2)
doc_6233,too many values to unpack (expected 2)
doc_6234,too many values to unpack (expected 2)
doc_6235,too many values to unpack (expected 2)
doc_6236,too many values to unpack (expected 2)
doc_6237,too many values to unpack (expected 2)
doc_6238,too many values to unpack (expected 2)
doc_6239,too many values to unpack (expected 2)
doc_6240,too many values to unpack (expected 2)
doc_6241,too many values to unpack (expected 2)
doc_6242,too many values to unpack (expected 2)
doc_6243,too many values to unpack (expected 2)
doc_6244,too many values to unpack (expected 2)
doc_6245,too many values to unpack (expected 2)
doc_6246,too many values to unpack (expected 2)
doc_6247,too many values to unpack (expected 2)
doc_6248,too many values to unpack (expected 2)
doc_6249,too many values to unpack (expected 2)
doc_6250,too many values to unpack (expected 2)
doc_6251,too many values to unpack (expected 2)
doc_6252,too many values to unpack (expected 2)
doc_6253,too many values to unpack (expected 2)
doc_6254,too many values to unpack (expected 2)
doc_6255,too many values to unpack (expected 2)
doc_6256,too many values to unpack (expected 2)
doc_6257,too many values to unpack (expected 2)
doc_6258,too many values to unpack (expected 2)
doc_6259,too many values to unpack (expected 2)
doc_6260,too many values to unpack (expected 2)
doc_6261,too many values to unpack (expected 2)
doc_6262,too many values to unpack (expected 2)
doc_6263,too many values to unpack (expected 2)
doc_6264,too many values to unpack (expected 2)
doc_6265,too many values to unpack (expected 2)
doc_6266,too many values to unpack (expected 2)
doc_6267,too many values to unpack (expected 2)
doc_6268,too many values to unpack (expected 2)
doc_6269,too many values to unpack (expected 2)
doc_6270,too many values to unpack (expected 2)
doc_6271,too many values to unpack (expected 2)
doc_6272,too many values to unpack (expected 2)
doc_6273,too many values to unpack (expected 2)
doc_6274,too many values to unpack (expected 2)
doc_6275,too many values to unpack (expected 2)
doc_6276,too many values to unpack (expected 2)
doc_6277,too many values to unpack (expected 2)
doc_6278,too many values to unpack (expected 2)
doc_6279,too many values to unpack (expected 2)
doc_6280,too many values to unpack (expected 2)
doc_6281,too many values to unpack (expected 2)
doc_6282,too many values to unpack (expected 2)
doc_6283,too many values to unpack (expected 2)
doc_6284,too many values to unpack (expected 2)
doc_6285,too many values to unpack (expected 2)
doc_6286,too many values to unpack (expected 2)
doc_6287,too many values to unpack (expected 2)
doc_6288,too many values to unpack (expected 2)
doc_6289,too many values to unpack (expected 2)
doc_6290,too many values to unpack (expected 2)
doc_6291,too many values to unpack (expected 2)
doc_6292,too many values to unpack (expected 2)
doc_6293,too many values to unpack (expected 2)
doc_6294,too many values to unpack (expected 2)
doc_6295,too many values to unpack (expected 2)
doc_6296,too many values to unpack (expected 2)
doc_6297,too many values to unpack (expected 2)
doc_6298,too many values to unpack (expected 2)
doc_6299,too many values to unpack (expected 2)
doc_6300,too many values to unpack (expected 2)
doc_6301,too many values to unpack (expected 2)
doc_6302,too many values to unpack (expected 2)
doc_6303,too many values to unpack (expected 2)
doc_6304,too many values to unpack (expected 2)
doc_6305,too many values to unpack (expected 2)
doc_6306,too many values to unpack (expected 2)
doc_6307,too many values to unpack (expected 2)
doc_6308,too many values to unpack (expected 2)
doc_6309,too many values to unpack (expected 2)
doc_6310,too many values to unpack (expected 2)
doc_6311,too many values to unpack (expected 2)
doc_6312,too many values to unpack (expected 2)
doc_6313,too many values to unpack (expected 2)
doc_6314,too many values to unpack (expected 2)
doc_6315,too many values to unpack (expected 2)
doc_6316,too many values to unpack (expected 2)
doc_6317,too many values to unpack (expected 2)
doc_6318,too many values to unpack (expected 2)
doc_6319,too many values to unpack (expected 2)
doc_6320,too many values to unpack (expected 2)
doc_6321,too many values to unpack (expected 2)
doc_6322,too many values to unpack (expected 2)
doc_6323,too many values to unpack (expected 2)
doc_6324,too many values to unpack (expected 2)
doc_6325,too many values to unpack (expected 2)
doc_6326,too many values to unpack (expected 2)
doc_6327,too many values to unpack (expected 2)
doc_6328,too many values to unpack (expected 2)
doc_6329,too many values to unpack (expected 2)
doc_6330,too many values to unpack (expected 2)
doc_6331,too many values to unpack (expected 2)
doc_6332,too many values to unpack (expected 2)
doc_6333,too many values to unpack (expected 2)
doc_6334,too many values to unpack (expected 2)
doc_6335,too many values to unpack (expected 2)
doc_6336,too many values to unpack (expected 2)
doc_6337,too many values to unpack (expected 2)
doc_6338,too many values to unpack (expected 2)
doc_6339,too many values to unpack (expected 2)
doc_6340,too many values to unpack (expected 2)
doc_6341,too many values to unpack (expected 2)
doc_6342,too many values to unpack (expected 2)
doc_6343,too many values to unpack (expected 2)
doc_6344,too many values to unpack (expected 2)
doc_6345,too many values to unpack (expected 2)
doc_6346,too many values to unpack (expected 2)
doc_6347,too many values to unpack (expected 2)
doc_6348,too many values to unpack (expected 2)
doc_6349,too many values to unpack (expected 2)
doc_6350,too many values to unpack (expected 2)
doc_6351,too many values to unpack (expected 2)
doc_6352,too many values to unpack (expected 2)
doc_6353,too many values to unpack (expected 2)
doc_6354,too many values to unpack (expected 2)
doc_6355,too many values to unpack (expected 2)
doc_6356,too many values to unpack (expected 2)
doc_6357,too many values to unpack (expected 2)
doc_6358,too many values to unpack (expected 2)
doc_6359,too many values to unpack (expected 2)
doc_6360,too many values to unpack (expected 2)
doc_6361,too many values to unpack (expected 2)
doc_6362,too many values to unpack (expected 2)
doc_6363,too many values to unpack (expected 2)
doc_6364,too many values to unpack (expected 2)
doc_6365,too many values to unpack (expected 2)
doc_6366,too many values to unpack (expected 2)
doc_6367,too many values to unpack (expected 2)
doc_6368,too many values to unpack (expected 2)
doc_6369,too many values to unpack (expected 2)
doc_6370,too many values to unpack (expected 2)
doc_6371,too many values to unpack (expected 2)
doc_6372,too many values to unpack (expected 2)
doc_6373,too many values to unpack (expected 2)
doc_6374,too many values to unpack (expected 2)
doc_6375,too many values to unpack (expected 2)
doc_6376,too many values to unpack (expected 2)
doc_6377,too many values to unpack (expected 2)
doc_6378,too many values to unpack (expected 2)
doc_6379,too many values to unpack (expected 2)
doc_6380,too many values to unpack (expected 2)
doc_6381,too many values to unpack (expected 2)
doc_6382,too many values to unpack (expected 2)
doc_6383,too many values to unpack (expected 2)
doc_6384,too many values to unpack (expected 2)
doc_6385,too many values to unpack (expected 2)
doc_6386,too many values to unpack (expected 2)
doc_6387,too many values to unpack (expected 2)
doc_6388,too many values to unpack (expected 2)
doc_6389,too many values to unpack (expected 2)
doc_6390,too many values to unpack (expected 2)
doc_6391,too many values to unpack (expected 2)
doc_6392,too many values to unpack (expected 2)
doc_6393,too many values to unpack (expected 2)
doc_6394,too many values to unpack (expected 2)
doc_6395,too many values to unpack (expected 2)
doc_6396,too many values to unpack (expected 2)
doc_6397,too many values to unpack (expected 2)
doc_6398,too many values to unpack (expected 2)
doc_6399,too many values to unpack (expected 2)
doc_6400,too many values to unpack (expected 2)
doc_6401,too many values to unpack (expected 2)
doc_6402,too many values to unpack (expected 2)
doc_6403,too many values to unpack (expected 2)
doc_6404,too many values to unpack (expected 2)
doc_6405,too many values to unpack (expected 2)
doc_6406,too many values to unpack (expected 2)
doc_6407,too many values to unpack (expected 2)
doc_6408,too many values to unpack (expected 2)
doc_6409,too many values to unpack (expected 2)
doc_6410,too many values to unpack (expected 2)
doc_6411,too many values to unpack (expected 2)
doc_6412,too many values to unpack (expected 2)
doc_6413,too many values to unpack (expected 2)
doc_6414,too many values to unpack (expected 2)
doc_6415,too many values to unpack (expected 2)
doc_6416,too many values to unpack (expected 2)
doc_6417,too many values to unpack (expected 2)
doc_6418,too many values to unpack (expected 2)
doc_6419,too many values to unpack (expected 2)
doc_6420,too many values to unpack (expected 2)
doc_6421,too many values to unpack (expected 2)
doc_6422,too many values to unpack (expected 2)
doc_6423,too many values to unpack (expected 2)
doc_6424,too many values to unpack (expected 2)
doc_6425,too many values to unpack (expected 2)
doc_6426,too many values to unpack (expected 2)
doc_6427,too many values to unpack (expected 2)
doc_6428,too many values to unpack (expected 2)
doc_6429,too many values to unpack (expected 2)
doc_6430,too many values to unpack (expected 2)
doc_6431,too many values to unpack (expected 2)
doc_6432,too many values to unpack (expected 2)
doc_6433,too many values to unpack (expected 2)
doc_6434,too many values to unpack (expected 2)
doc_6435,too many values to unpack (expected 2)
doc_6436,too many values to unpack (expected 2)
doc_6437,too many values to unpack (expected 2)
doc_6438,too many values to unpack (expected 2)
doc_6439,too many values to unpack (expected 2)
doc_6440,too many values to unpack (expected 2)
doc_6441,too many values to unpack (expected 2)
doc_6442,too many values to unpack (expected 2)
doc_6443,too many values to unpack (expected 2)
doc_6444,too many values to unpack (expected 2)
doc_6445,too many values to unpack (expected 2)
doc_6446,too many values to unpack (expected 2)
doc_6447,too many values to unpack (expected 2)
doc_6448,too many values to unpack (expected 2)
doc_6449,too many values to unpack (expected 2)
doc_6450,too many values to unpack (expected 2)
doc_6451,too many values to unpack (expected 2)
doc_6452,too many values to unpack (expected 2)
doc_6453,too many values to unpack (expected 2)
doc_6454,too many values to unpack (expected 2)
doc_6455,too many values to unpack (expected 2)
doc_6456,too many values to unpack (expected 2)
doc_6457,too many values to unpack (expected 2)
doc_6458,too many values to unpack (expected 2)
doc_6459,too many values to unpack (expected 2)
doc_6460,too many values to unpack (expected 2)
doc_6461,too many values to unpack (expected 2)
doc_6462,too many values to unpack (expected 2)
doc_6463,too many values to unpack (expected 2)
doc_6464,too many values to unpack (expected 2)
doc_6465,too many values to unpack (expected 2)
doc_6466,too many values to unpack (expected 2)
doc_6467,too many values to unpack (expected 2)
doc_6468,too many values to unpack (expected 2)
doc_6469,too many values to unpack (expected 2)
doc_6470,too many values to unpack (expected 2)
doc_6471,too many values to unpack (expected 2)
doc_6472,too many values to unpack (expected 2)
doc_6473,too many values to unpack (expected 2)
doc_6474,too many values to unpack (expected 2)
doc_6475,too many values to unpack (expected 2)
doc_6476,too many values to unpack (expected 2)
doc_6477,too many values to unpack (expected 2)
doc_6478,too many values to unpack (expected 2)
doc_6479,too many values to unpack (expected 2)
doc_6480,too many values to unpack (expected 2)
doc_6481,too many values to unpack (expected 2)
doc_6482,too many values to unpack (expected 2)
doc_6483,too many values to unpack (expected 2)
doc_6484,too many values to unpack (expected 2)
doc_6485,too many values to unpack (expected 2)
doc_6486,too many values to unpack (expected 2)
doc_6487,too many values to unpack (expected 2)
doc_6488,too many values to unpack (expected 2)
doc_6489,too many values to unpack (expected 2)
doc_6490,too many values to unpack (expected 2)
doc_6491,too many values to unpack (expected 2)
doc_6492,too many values to unpack (expected 2)
doc_6493,too many values to unpack (expected 2)
doc_6494,too many values to unpack (expected 2)
doc_6495,too many values to unpack (expected 2)
doc_6496,too many values to unpack (expected 2)
doc_6497,too many values to unpack (expected 2)
doc_6498,too many values to unpack (expected 2)
doc_6499,too many values to unpack (expected 2)
doc_6500,too many values to unpack (expected 2)
doc_6501,too many values to unpack (expected 2)
doc_6502,too many values to unpack (expected 2)
doc_6503,too many values to unpack (expected 2)
doc_6504,too many values to unpack (expected 2)
doc_6505,too many values to unpack (expected 2)
doc_6506,too many values to unpack (expected 2)
doc_6507,too many values to unpack (expected 2)
doc_6508,too many values to unpack (expected 2)
doc_6509,too many values to unpack (expected 2)
doc_6510,too many values to unpack (expected 2)
doc_6511,too many values to unpack (expected 2)
doc_6512,too many values to unpack (expected 2)
doc_6513,too many values to unpack (expected 2)
doc_6514,too many values to unpack (expected 2)
doc_6515,too many values to unpack (expected 2)
doc_6516,too many values to unpack (expected 2)
doc_6517,too many values to unpack (expected 2)
doc_6518,too many values to unpack (expected 2)
doc_6519,too many values to unpack (expected 2)
doc_6520,too many values to unpack (expected 2)
doc_6521,too many values to unpack (expected 2)
doc_6522,too many values to unpack (expected 2)
doc_6523,too many values to unpack (expected 2)
doc_6524,too many values to unpack (expected 2)
doc_6525,too many values to unpack (expected 2)
doc_6526,too many values to unpack (expected 2)
doc_6527,too many values to unpack (expected 2)
doc_6528,too many values to unpack (expected 2)
doc_6529,too many values to unpack (expected 2)
doc_6530,too many values to unpack (expected 2)
doc_6531,too many values to unpack (expected 2)
doc_6532,too many values to unpack (expected 2)
doc_6533,too many values to unpack (expected 2)
doc_6534,too many values to unpack (expected 2)
doc_6535,too many values to unpack (expected 2)
doc_6536,too many values to unpack (expected 2)
doc_6537,too many values to unpack (expected 2)
doc_6538,too many values to unpack (expected 2)
doc_6539,too many values to unpack (expected 2)
doc_6540,too many values to unpack (expected 2)
doc_6541,too many values to unpack (expected 2)
doc_6542,too many values to unpack (expected 2)
doc_6543,too many values to unpack (expected 2)
doc_6544,too many values to unpack (expected 2)
doc_6545,too many values to unpack (expected 2)
doc_6546,too many values to unpack (expected 2)
doc_6547,too many values to unpack (expected 2)
doc_6548,too many values to unpack (expected 2)
doc_6549,too many values to unpack (expected 2)
doc_6550,too many values to unpack (expected 2)
doc_6551,too many values to unpack (expected 2)
doc_6552,too many values to unpack (expected 2)
doc_6553,too many values to unpack (expected 2)
doc_6554,too many values to unpack (expected 2)
doc_6555,too many values to unpack (expected 2)
doc_6556,too many values to unpack (expected 2)
doc_6557,too many values to unpack (expected 2)
doc_6558,too many values to unpack (expected 2)
doc_6559,too many values to unpack (expected 2)
doc_6560,too many values to unpack (expected 2)
doc_6561,too many values to unpack (expected 2)
doc_6562,too many values to unpack (expected 2)
doc_6563,too many values to unpack (expected 2)
doc_6564,too many values to unpack (expected 2)
doc_6565,too many values to unpack (expected 2)
doc_6566,too many values to unpack (expected 2)
doc_6567,too many values to unpack (expected 2)
doc_6568,too many values to unpack (expected 2)
doc_6569,too many values to unpack (expected 2)
doc_6570,too many values to unpack (expected 2)
doc_6571,too many values to unpack (expected 2)
doc_6572,too many values to unpack (expected 2)
doc_6573,too many values to unpack (expected 2)
doc_6574,too many values to unpack (expected 2)
doc_6575,too many values to unpack (expected 2)
doc_6576,too many values to unpack (expected 2)
doc_6577,too many values to unpack (expected 2)
doc_6578,too many values to unpack (expected 2)
doc_6579,too many values to unpack (expected 2)
doc_6580,too many values to unpack (expected 2)
doc_6581,too many values to unpack (expected 2)
doc_6582,too many values to unpack (expected 2)
doc_6583,too many values to unpack (expected 2)
doc_6584,too many values to unpack (expected 2)
doc_6585,too many values to unpack (expected 2)
doc_6586,too many values to unpack (expected 2)
doc_6587,too many values to unpack (expected 2)
doc_6588,too many values to unpack (expected 2)
doc_6589,too many values to unpack (expected 2)
doc_6590,too many values to unpack (expected 2)
doc_6591,too many values to unpack (expected 2)
doc_6592,too many values to unpack (expected 2)
doc_6593,too many values to unpack (expected 2)
doc_6594,too many values to unpack (expected 2)
doc_6595,too many values to unpack (expected 2)
doc_6596,too many values to unpack (expected 2)
doc_6597,too many values to unpack (expected 2)
doc_6598,too many values to unpack (expected 2)
doc_6599,too many values to unpack (expected 2)
doc_6600,too many values to unpack (expected 2)
doc_6601,too many values to unpack (expected 2)
doc_6602,too many values to unpack (expected 2)
doc_6603,too many values to unpack (expected 2)
doc_6604,too many values to unpack (expected 2)
doc_6605,too many values to unpack (expected 2)
doc_6606,too many values to unpack (expected 2)
doc_6607,too many values to unpack (expected 2)
doc_6608,too many values to unpack (expected 2)
doc_6609,too many values to unpack (expected 2)
doc_6610,too many values to unpack (expected 2)
doc_6611,too many values to unpack (expected 2)
doc_6612,too many values to unpack (expected 2)
doc_6613,too many values to unpack (expected 2)
doc_6614,too many values to unpack (expected 2)
doc_6615,too many values to unpack (expected 2)
doc_6616,too many values to unpack (expected 2)
doc_6617,too many values to unpack (expected 2)
doc_6618,too many values to unpack (expected 2)
doc_6619,too many values to unpack (expected 2)
doc_6620,too many values to unpack (expected 2)
doc_6621,too many values to unpack (expected 2)
doc_6622,too many values to unpack (expected 2)
doc_6623,too many values to unpack (expected 2)
doc_6624,too many values to unpack (expected 2)
doc_6625,too many values to unpack (expected 2)
doc_6626,too many values to unpack (expected 2)
doc_6627,too many values to unpack (expected 2)
doc_6628,too many values to unpack (expected 2)
doc_6629,too many values to unpack (expected 2)
doc_6630,too many values to unpack (expected 2)
doc_6631,too many values to unpack (expected 2)
doc_6632,too many values to unpack (expected 2)
doc_6633,too many values to unpack (expected 2)
doc_6634,too many values to unpack (expected 2)
doc_6635,too many values to unpack (expected 2)
doc_6636,too many values to unpack (expected 2)
doc_6637,too many values to unpack (expected 2)
doc_6638,too many values to unpack (expected 2)
doc_6639,too many values to unpack (expected 2)
doc_6640,too many values to unpack (expected 2)
doc_6641,too many values to unpack (expected 2)
doc_6642,too many values to unpack (expected 2)
doc_6643,too many values to unpack (expected 2)
doc_6644,too many values to unpack (expected 2)
doc_6645,too many values to unpack (expected 2)
doc_6646,too many values to unpack (expected 2)
doc_6647,too many values to unpack (expected 2)
doc_6648,too many values to unpack (expected 2)
doc_6649,too many values to unpack (expected 2)
doc_6650,too many values to unpack (expected 2)
doc_6651,too many values to unpack (expected 2)
doc_6652,too many values to unpack (expected 2)
doc_6653,too many values to unpack (expected 2)
doc_6654,too many values to unpack (expected 2)
doc_6655,too many values to unpack (expected 2)
doc_6656,too many values to unpack (expected 2)
doc_6657,too many values to unpack (expected 2)
doc_6658,too many values to unpack (expected 2)
doc_6659,too many values to unpack (expected 2)
doc_6660,too many values to unpack (expected 2)
doc_6661,too many values to unpack (expected 2)
doc_6662,too many values to unpack (expected 2)
doc_6663,too many values to unpack (expected 2)
doc_6664,too many values to unpack (expected 2)
doc_6665,too many values to unpack (expected 2)
doc_6666,too many values to unpack (expected 2)
doc_6667,too many values to unpack (expected 2)
doc_6668,too many values to unpack (expected 2)
doc_6669,too many values to unpack (expected 2)
doc_6670,too many values to unpack (expected 2)
doc_6671,too many values to unpack (expected 2)
doc_6672,too many values to unpack (expected 2)
doc_6673,too many values to unpack (expected 2)
doc_6674,too many values to unpack (expected 2)
doc_6675,too many values to unpack (expected 2)
doc_6676,too many values to unpack (expected 2)
doc_6677,too many values to unpack (expected 2)
doc_6678,too many values to unpack (expected 2)
doc_6679,too many values to unpack (expected 2)
doc_6680,too many values to unpack (expected 2)
doc_6681,too many values to unpack (expected 2)
doc_6682,too many values to unpack (expected 2)
doc_6683,too many values to unpack (expected 2)
doc_6684,too many values to unpack (expected 2)
doc_6685,too many values to unpack (expected 2)
doc_6686,too many values to unpack (expected 2)
doc_6687,too many values to unpack (expected 2)
doc_6688,too many values to unpack (expected 2)
doc_6689,too many values to unpack (expected 2)
doc_6690,too many values to unpack (expected 2)
doc_6691,too many values to unpack (expected 2)
doc_6692,too many values to unpack (expected 2)
doc_6693,too many values to unpack (expected 2)
doc_6694,too many values to unpack (expected 2)
doc_6695,too many values to unpack (expected 2)
doc_6696,too many values to unpack (expected 2)
doc_6697,too many values to unpack (expected 2)
doc_6698,too many values to unpack (expected 2)
doc_6699,too many values to unpack (expected 2)
doc_6700,too many values to unpack (expected 2)
doc_6701,too many values to unpack (expected 2)
doc_6702,too many values to unpack (expected 2)
doc_6703,too many values to unpack (expected 2)
doc_6704,too many values to unpack (expected 2)
doc_6705,too many values to unpack (expected 2)
doc_6706,too many values to unpack (expected 2)
doc_6707,too many values to unpack (expected 2)
doc_6708,too many values to unpack (expected 2)
doc_6709,too many values to unpack (expected 2)
doc_6710,too many values to unpack (expected 2)
doc_6711,too many values to unpack (expected 2)
doc_6712,too many values to unpack (expected 2)
doc_6713,too many values to unpack (expected 2)
doc_6714,too many values to unpack (expected 2)
doc_6715,too many values to unpack (expected 2)
doc_6716,too many values to unpack (expected 2)
doc_6717,too many values to unpack (expected 2)
doc_6718,too many values to unpack (expected 2)
doc_6719,too many values to unpack (expected 2)
doc_6720,too many values to unpack (expected 2)
doc_6721,too many values to unpack (expected 2)
doc_6722,too many values to unpack (expected 2)
doc_6723,too many values to unpack (expected 2)
doc_6724,too many values to unpack (expected 2)
doc_6725,too many values to unpack (expected 2)
doc_6726,too many values to unpack (expected 2)
doc_6727,too many values to unpack (expected 2)
doc_6728,too many values to unpack (expected 2)
doc_6729,too many values to unpack (expected 2)
doc_6730,too many values to unpack (expected 2)
doc_6731,too many values to unpack (expected 2)
doc_6732,too many values to unpack (expected 2)
doc_6733,too many values to unpack (expected 2)
doc_6734,too many values to unpack (expected 2)
doc_6735,too many values to unpack (expected 2)
doc_6736,too many values to unpack (expected 2)
doc_6737,too many values to unpack (expected 2)
doc_6738,too many values to unpack (expected 2)
doc_6739,too many values to unpack (expected 2)
doc_6740,too many values to unpack (expected 2)
doc_6741,too many values to unpack (expected 2)
doc_6742,too many values to unpack (expected 2)
doc_6743,too many values to unpack (expected 2)
doc_6744,too many values to unpack (expected 2)
doc_6745,too many values to unpack (expected 2)
doc_6746,too many values to unpack (expected 2)
doc_6747,too many values to unpack (expected 2)
doc_6748,too many values to unpack (expected 2)
doc_6749,too many values to unpack (expected 2)
doc_6750,too many values to unpack (expected 2)
doc_6751,too many values to unpack (expected 2)
doc_6752,too many values to unpack (expected 2)
doc_6753,too many values to unpack (expected 2)
doc_6754,too many values to unpack (expected 2)
doc_6755,too many values to unpack (expected 2)
doc_6756,too many values to unpack (expected 2)
doc_6757,too many values to unpack (expected 2)
doc_6758,too many values to unpack (expected 2)
doc_6759,too many values to unpack (expected 2)
doc_6760,too many values to unpack (expected 2)
doc_6761,too many values to unpack (expected 2)
doc_6762,too many values to unpack (expected 2)
doc_6763,too many values to unpack (expected 2)
doc_6764,too many values to unpack (expected 2)
doc_6765,too many values to unpack (expected 2)
doc_6766,too many values to unpack (expected 2)
doc_6767,too many values to unpack (expected 2)
doc_6768,too many values to unpack (expected 2)
doc_6769,too many values to unpack (expected 2)
doc_6770,too many values to unpack (expected 2)
doc_6771,too many values to unpack (expected 2)
doc_6772,too many values to unpack (expected 2)
doc_6773,too many values to unpack (expected 2)
doc_6774,too many values to unpack (expected 2)
doc_6775,too many values to unpack (expected 2)
doc_6776,too many values to unpack (expected 2)
doc_6777,too many values to unpack (expected 2)
doc_6778,too many values to unpack (expected 2)
doc_6779,too many values to unpack (expected 2)
doc_6780,too many values to unpack (expected 2)
doc_6781,too many values to unpack (expected 2)
doc_6782,too many values to unpack (expected 2)
doc_6783,too many values to unpack (expected 2)
doc_6784,too many values to unpack (expected 2)
doc_6785,too many values to unpack (expected 2)
doc_6786,too many values to unpack (expected 2)
doc_6787,too many values to unpack (expected 2)
doc_6788,too many values to unpack (expected 2)
doc_6789,too many values to unpack (expected 2)
doc_6790,too many values to unpack (expected 2)
doc_6791,too many values to unpack (expected 2)
doc_6792,too many values to unpack (expected 2)
doc_6793,too many values to unpack (expected 2)
doc_6794,too many values to unpack (expected 2)
doc_6795,too many values to unpack (expected 2)
doc_6796,too many values to unpack (expected 2)
doc_6797,too many values to unpack (expected 2)
doc_6798,too many values to unpack (expected 2)
doc_6799,too many values to unpack (expected 2)
doc_6800,too many values to unpack (expected 2)
doc_6801,too many values to unpack (expected 2)
doc_6802,too many values to unpack (expected 2)
doc_6803,too many values to unpack (expected 2)
doc_6804,too many values to unpack (expected 2)
doc_6805,too many values to unpack (expected 2)
doc_6806,too many values to unpack (expected 2)
doc_6807,too many values to unpack (expected 2)
doc_6808,too many values to unpack (expected 2)
doc_6809,too many values to unpack (expected 2)
doc_6810,too many values to unpack (expected 2)
doc_6811,too many values to unpack (expected 2)
doc_6812,too many values to unpack (expected 2)
doc_6813,too many values to unpack (expected 2)
doc_6814,too many values to unpack (expected 2)
doc_6815,too many values to unpack (expected 2)
doc_6816,too many values to unpack (expected 2)
doc_6817,too many values to unpack (expected 2)
doc_6818,too many values to unpack (expected 2)
doc_6819,too many values to unpack (expected 2)
doc_6820,too many values to unpack (expected 2)
doc_6821,too many values to unpack (expected 2)
doc_6822,too many values to unpack (expected 2)
doc_6823,too many values to unpack (expected 2)
doc_6824,too many values to unpack (expected 2)
doc_6825,too many values to unpack (expected 2)
doc_6826,too many values to unpack (expected 2)
doc_6827,too many values to unpack (expected 2)
doc_6828,too many values to unpack (expected 2)
doc_6829,too many values to unpack (expected 2)
doc_6830,too many values to unpack (expected 2)
doc_6831,too many values to unpack (expected 2)
doc_6832,too many values to unpack (expected 2)
doc_6833,too many values to unpack (expected 2)
doc_6834,too many values to unpack (expected 2)
doc_6835,too many values to unpack (expected 2)
doc_6836,too many values to unpack (expected 2)
doc_6837,too many values to unpack (expected 2)
doc_6838,too many values to unpack (expected 2)
doc_6839,too many values to unpack (expected 2)
doc_6840,too many values to unpack (expected 2)
doc_6841,too many values to unpack (expected 2)
doc_6842,too many values to unpack (expected 2)
doc_6843,too many values to unpack (expected 2)
doc_6844,too many values to unpack (expected 2)
doc_6845,too many values to unpack (expected 2)
doc_6846,too many values to unpack (expected 2)
doc_6847,too many values to unpack (expected 2)
doc_6848,too many values to unpack (expected 2)
doc_6849,too many values to unpack (expected 2)
doc_6850,too many values to unpack (expected 2)
doc_6851,too many values to unpack (expected 2)
doc_6852,too many values to unpack (expected 2)
doc_6853,too many values to unpack (expected 2)
doc_6854,too many values to unpack (expected 2)
doc_6855,too many values to unpack (expected 2)
doc_6856,too many values to unpack (expected 2)
doc_6857,too many values to unpack (expected 2)
doc_6858,too many values to unpack (expected 2)
doc_6859,too many values to unpack (expected 2)
doc_6860,too many values to unpack (expected 2)
doc_6861,too many values to unpack (expected 2)
doc_6862,too many values to unpack (expected 2)
doc_6863,too many values to unpack (expected 2)
doc_6864,too many values to unpack (expected 2)
doc_6865,too many values to unpack (expected 2)
doc_6866,too many values to unpack (expected 2)
doc_6867,too many values to unpack (expected 2)
doc_6868,too many values to unpack (expected 2)
doc_6869,too many values to unpack (expected 2)
doc_6870,too many values to unpack (expected 2)
doc_6871,too many values to unpack (expected 2)
doc_6872,too many values to unpack (expected 2)
doc_6873,too many values to unpack (expected 2)
doc_6874,too many values to unpack (expected 2)
doc_6875,too many values to unpack (expected 2)
doc_6876,too many values to unpack (expected 2)
doc_6877,too many values to unpack (expected 2)
doc_6878,too many values to unpack (expected 2)
doc_6879,too many values to unpack (expected 2)
doc_6880,too many values to unpack (expected 2)
doc_6881,too many values to unpack (expected 2)
doc_6882,too many values to unpack (expected 2)
doc_6883,too many values to unpack (expected 2)
doc_6884,too many values to unpack (expected 2)
doc_6885,too many values to unpack (expected 2)
doc_6886,too many values to unpack (expected 2)
doc_6887,too many values to unpack (expected 2)
doc_6888,too many values to unpack (expected 2)
doc_6889,too many values to unpack (expected 2)
doc_6890,too many values to unpack (expected 2)
doc_6891,too many values to unpack (expected 2)
doc_6892,too many values to unpack (expected 2)
doc_6893,too many values to unpack (expected 2)
doc_6894,too many values to unpack (expected 2)
doc_6895,too many values to unpack (expected 2)
doc_6896,too many values to unpack (expected 2)
doc_6897,too many values to unpack (expected 2)
doc_6898,too many values to unpack (expected 2)
doc_6899,too many values to unpack (expected 2)
doc_6900,too many values to unpack (expected 2)
doc_6901,too many values to unpack (expected 2)
doc_6902,too many values to unpack (expected 2)
doc_6903,too many values to unpack (expected 2)
doc_6904,too many values to unpack (expected 2)
doc_6905,too many values to unpack (expected 2)
doc_6906,too many values to unpack (expected 2)
doc_6907,too many values to unpack (expected 2)
doc_6908,too many values to unpack (expected 2)
doc_6909,too many values to unpack (expected 2)
doc_6910,too many values to unpack (expected 2)
doc_6911,too many values to unpack (expected 2)
doc_6912,too many values to unpack (expected 2)
doc_6913,too many values to unpack (expected 2)
doc_6914,too many values to unpack (expected 2)
doc_6915,too many values to unpack (expected 2)
doc_6916,too many values to unpack (expected 2)
doc_6917,too many values to unpack (expected 2)
doc_6918,too many values to unpack (expected 2)
doc_6919,too many values to unpack (expected 2)
doc_6920,too many values to unpack (expected 2)
doc_6921,too many values to unpack (expected 2)
doc_6922,too many values to unpack (expected 2)
doc_6923,too many values to unpack (expected 2)
doc_6924,too many values to unpack (expected 2)
doc_6925,too many values to unpack (expected 2)
doc_6926,too many values to unpack (expected 2)
doc_6927,too many values to unpack (expected 2)
doc_6928,too many values to unpack (expected 2)
doc_6929,too many values to unpack (expected 2)
doc_6930,too many values to unpack (expected 2)
doc_6931,too many values to unpack (expected 2)
doc_6932,too many values to unpack (expected 2)
doc_6933,too many values to unpack (expected 2)
doc_6934,too many values to unpack (expected 2)
doc_6935,too many values to unpack (expected 2)
doc_6936,too many values to unpack (expected 2)
doc_6937,too many values to unpack (expected 2)
doc_6938,too many values to unpack (expected 2)
doc_6939,too many values to unpack (expected 2)
doc_6940,too many values to unpack (expected 2)
doc_6941,too many values to unpack (expected 2)
doc_6942,too many values to unpack (expected 2)
doc_6943,too many values to unpack (expected 2)
doc_6944,too many values to unpack (expected 2)
doc_6945,too many values to unpack (expected 2)
doc_6946,too many values to unpack (expected 2)
doc_6947,too many values to unpack (expected 2)
doc_6948,too many values to unpack (expected 2)
doc_6949,too many values to unpack (expected 2)
doc_6950,too many values to unpack (expected 2)
doc_6951,too many values to unpack (expected 2)
doc_6952,too many values to unpack (expected 2)
doc_6953,too many values to unpack (expected 2)
doc_6954,too many values to unpack (expected 2)
doc_6955,too many values to unpack (expected 2)
doc_6956,too many values to unpack (expected 2)
doc_6957,too many values to unpack (expected 2)
doc_6958,too many values to unpack (expected 2)
doc_6959,too many values to unpack (expected 2)
doc_6960,too many values to unpack (expected 2)
doc_6961,too many values to unpack (expected 2)
doc_6962,too many values to unpack (expected 2)
doc_6963,too many values to unpack (expected 2)
doc_6964,too many values to unpack (expected 2)
doc_6965,too many values to unpack (expected 2)
doc_6966,too many values to unpack (expected 2)
doc_6967,too many values to unpack (expected 2)
doc_6968,too many values to unpack (expected 2)
doc_6969,too many values to unpack (expected 2)
doc_6970,too many values to unpack (expected 2)
doc_6971,too many values to unpack (expected 2)
doc_6972,too many values to unpack (expected 2)
doc_6973,too many values to unpack (expected 2)
doc_6974,too many values to unpack (expected 2)
doc_6975,too many values to unpack (expected 2)
doc_6976,too many values to unpack (expected 2)
doc_6977,too many values to unpack (expected 2)
doc_6978,too many values to unpack (expected 2)
doc_6979,too many values to unpack (expected 2)
doc_6980,too many values to unpack (expected 2)
doc_6981,too many values to unpack (expected 2)
doc_6982,too many values to unpack (expected 2)
doc_6983,too many values to unpack (expected 2)
doc_6984,too many values to unpack (expected 2)
doc_6985,too many values to unpack (expected 2)
doc_6986,too many values to unpack (expected 2)
doc_6987,too many values to unpack (expected 2)
doc_6988,too many values to unpack (expected 2)
doc_6989,too many values to unpack (expected 2)
doc_6990,too many values to unpack (expected 2)
doc_6991,too many values to unpack (expected 2)
doc_6992,too many values to unpack (expected 2)
doc_6993,too many values to unpack (expected 2)
doc_6994,too many values to unpack (expected 2)
doc_6995,too many values to unpack (expected 2)
doc_6996,too many values to unpack (expected 2)
doc_6997,too many values to unpack (expected 2)
doc_6998,too many values to unpack (expected 2)
doc_6999,too many values to unpack (expected 2)
doc_7000,too many values to unpack (expected 2)
doc_7001,too many values to unpack (expected 2)
doc_7002,too many values to unpack (expected 2)
doc_7003,too many values to unpack (expected 2)
doc_7004,too many values to unpack (expected 2)
doc_7005,too many values to unpack (expected 2)
doc_7006,too many values to unpack (expected 2)
doc_7007,too many values to unpack (expected 2)
doc_7008,too many values to unpack (expected 2)
doc_7009,too many values to unpack (expected 2)
doc_7010,too many values to unpack (expected 2)
doc_7011,too many values to unpack (expected 2)
doc_7012,too many values to unpack (expected 2)
doc_7013,too many values to unpack (expected 2)
doc_7014,too many values to unpack (expected 2)
doc_7015,too many values to unpack (expected 2)
doc_7016,too many values to unpack (expected 2)
doc_7017,too many values to unpack (expected 2)
doc_7018,too many values to unpack (expected 2)
doc_7019,too many values to unpack (expected 2)
doc_7020,too many values to unpack (expected 2)
doc_7021,too many values to unpack (expected 2)
doc_7022,too many values to unpack (expected 2)
doc_7023,too many values to unpack (expected 2)
doc_7024,too many values to unpack (expected 2)
doc_7025,too many values to unpack (expected 2)
doc_7026,too many values to unpack (expected 2)
doc_7027,too many values to unpack (expected 2)
doc_7028,too many values to unpack (expected 2)
doc_7029,too many values to unpack (expected 2)
doc_7030,too many values to unpack (expected 2)
doc_7031,too many values to unpack (expected 2)
doc_7032,too many values to unpack (expected 2)
doc_7033,too many values to unpack (expected 2)
doc_7034,too many values to unpack (expected 2)
doc_7035,too many values to unpack (expected 2)
doc_7036,too many values to unpack (expected 2)
doc_7037,too many values to unpack (expected 2)
doc_7038,too many values to unpack (expected 2)
doc_7039,too many values to unpack (expected 2)
doc_7040,too many values to unpack (expected 2)
doc_7041,too many values to unpack (expected 2)
doc_7042,too many values to unpack (expected 2)
doc_7043,too many values to unpack (expected 2)
doc_7044,too many values to unpack (expected 2)
doc_7045,too many values to unpack (expected 2)
doc_7046,too many values to unpack (expected 2)
doc_7047,too many values to unpack (expected 2)
doc_7048,too many values to unpack (expected 2)
doc_7049,too many values to unpack (expected 2)
doc_7050,too many values to unpack (expected 2)
doc_7051,too many values to unpack (expected 2)
doc_7052,too many values to unpack (expected 2)
doc_7053,too many values to unpack (expected 2)
doc_7054,too many values to unpack (expected 2)
doc_7055,too many values to unpack (expected 2)
doc_7056,too many values to unpack (expected 2)
doc_7057,too many values to unpack (expected 2)
doc_7058,too many values to unpack (expected 2)
doc_7059,too many values to unpack (expected 2)
doc_7060,too many values to unpack (expected 2)
doc_7061,too many values to unpack (expected 2)
doc_7062,too many values to unpack (expected 2)
doc_7063,too many values to unpack (expected 2)
doc_7064,too many values to unpack (expected 2)
doc_7065,too many values to unpack (expected 2)
doc_7066,too many values to unpack (expected 2)
doc_7067,too many values to unpack (expected 2)
doc_7068,too many values to unpack (expected 2)
doc_7069,too many values to unpack (expected 2)
doc_7070,too many values to unpack (expected 2)
doc_7071,too many values to unpack (expected 2)
doc_7072,too many values to unpack (expected 2)
doc_7073,too many values to unpack (expected 2)
doc_7074,too many values to unpack (expected 2)
doc_7075,too many values to unpack (expected 2)
doc_7076,too many values to unpack (expected 2)
doc_7077,too many values to unpack (expected 2)
doc_7078,too many values to unpack (expected 2)
doc_7079,too many values to unpack (expected 2)
doc_7080,too many values to unpack (expected 2)
doc_7081,too many values to unpack (expected 2)
doc_7082,too many values to unpack (expected 2)
doc_7083,too many values to unpack (expected 2)
doc_7084,too many values to unpack (expected 2)
doc_7085,too many values to unpack (expected 2)
doc_7086,too many values to unpack (expected 2)
doc_7087,too many values to unpack (expected 2)
doc_7088,too many values to unpack (expected 2)
doc_7089,too many values to unpack (expected 2)
doc_7090,too many values to unpack (expected 2)
doc_7091,too many values to unpack (expected 2)
doc_7092,too many values to unpack (expected 2)
doc_7093,too many values to unpack (expected 2)
doc_7094,too many values to unpack (expected 2)
doc_7095,too many values to unpack (expected 2)
doc_7096,too many values to unpack (expected 2)
doc_7097,too many values to unpack (expected 2)
doc_7098,too many values to unpack (expected 2)
doc_7099,too many values to unpack (expected 2)
doc_7100,too many values to unpack (expected 2)
doc_7101,too many values to unpack (expected 2)
doc_7102,too many values to unpack (expected 2)
doc_7103,too many values to unpack (expected 2)
doc_7104,too many values to unpack (expected 2)
doc_7105,too many values to unpack (expected 2)
doc_7106,too many values to unpack (expected 2)
doc_7107,too many values to unpack (expected 2)
doc_7108,too many values to unpack (expected 2)
doc_7109,too many values to unpack (expected 2)
doc_7110,too many values to unpack (expected 2)
doc_7111,too many values to unpack (expected 2)
doc_7112,too many values to unpack (expected 2)
doc_7113,too many values to unpack (expected 2)
doc_7114,too many values to unpack (expected 2)
doc_7115,too many values to unpack (expected 2)
doc_7116,too many values to unpack (expected 2)
doc_7117,too many values to unpack (expected 2)
doc_7118,too many values to unpack (expected 2)
doc_7119,too many values to unpack (expected 2)
doc_7120,too many values to unpack (expected 2)
doc_7121,too many values to unpack (expected 2)
doc_7122,too many values to unpack (expected 2)
doc_7123,too many values to unpack (expected 2)
doc_7124,too many values to unpack (expected 2)
doc_7125,too many values to unpack (expected 2)
doc_7126,too many values to unpack (expected 2)
doc_7127,too many values to unpack (expected 2)
doc_7128,too many values to unpack (expected 2)
doc_7129,too many values to unpack (expected 2)
doc_7130,too many values to unpack (expected 2)
doc_7131,too many values to unpack (expected 2)
doc_7132,too many values to unpack (expected 2)
doc_7133,too many values to unpack (expected 2)
doc_7134,too many values to unpack (expected 2)
doc_7135,too many values to unpack (expected 2)
doc_7136,too many values to unpack (expected 2)
doc_7137,too many values to unpack (expected 2)
doc_7138,too many values to unpack (expected 2)
doc_7139,too many values to unpack (expected 2)
doc_7140,too many values to unpack (expected 2)
doc_7141,too many values to unpack (expected 2)
doc_7142,too many values to unpack (expected 2)
doc_7143,too many values to unpack (expected 2)
doc_7144,too many values to unpack (expected 2)
doc_7145,too many values to unpack (expected 2)
doc_7146,too many values to unpack (expected 2)
doc_7147,too many values to unpack (expected 2)
doc_7148,too many values to unpack (expected 2)
doc_7149,too many values to unpack (expected 2)
doc_7150,too many values to unpack (expected 2)
doc_7151,too many values to unpack (expected 2)
doc_7152,too many values to unpack (expected 2)
doc_7153,too many values to unpack (expected 2)
doc_7154,too many values to unpack (expected 2)
doc_7155,too many values to unpack (expected 2)
doc_7156,too many values to unpack (expected 2)
doc_7157,too many values to unpack (expected 2)
doc_7158,too many values to unpack (expected 2)
doc_7159,too many values to unpack (expected 2)
doc_7160,too many values to unpack (expected 2)
doc_7161,too many values to unpack (expected 2)
doc_7162,too many values to unpack (expected 2)
doc_7163,too many values to unpack (expected 2)
doc_7164,too many values to unpack (expected 2)
doc_7165,too many values to unpack (expected 2)
doc_7166,too many values to unpack (expected 2)
doc_7167,too many values to unpack (expected 2)
doc_7168,too many values to unpack (expected 2)
doc_7169,too many values to unpack (expected 2)
doc_7170,too many values to unpack (expected 2)
doc_7171,too many values to unpack (expected 2)
doc_7172,too many values to unpack (expected 2)
doc_7173,too many values to unpack (expected 2)
doc_7174,too many values to unpack (expected 2)
doc_7175,too many values to unpack (expected 2)
doc_7176,too many values to unpack (expected 2)
doc_7177,too many values to unpack (expected 2)
doc_7178,too many values to unpack (expected 2)
doc_7179,too many values to unpack (expected 2)
doc_7180,too many values to unpack (expected 2)
doc_7181,too many values to unpack (expected 2)
doc_7182,too many values to unpack (expected 2)
doc_7183,too many values to unpack (expected 2)
doc_7184,too many values to unpack (expected 2)
doc_7185,too many values to unpack (expected 2)
doc_7186,too many values to unpack (expected 2)
doc_7187,too many values to unpack (expected 2)
doc_7188,too many values to unpack (expected 2)
doc_7189,too many values to unpack (expected 2)
doc_7190,too many values to unpack (expected 2)
doc_7191,too many values to unpack (expected 2)
doc_7192,too many values to unpack (expected 2)
doc_7193,too many values to unpack (expected 2)
doc_7194,too many values to unpack (expected 2)
doc_7195,too many values to unpack (expected 2)
doc_7196,too many values to unpack (expected 2)
doc_7197,too many values to unpack (expected 2)
doc_7198,too many values to unpack (expected 2)
doc_7199,too many values to unpack (expected 2)
doc_7200,too many values to unpack (expected 2)
doc_7201,too many values to unpack (expected 2)
doc_7202,too many values to unpack (expected 2)
doc_7203,too many values to unpack (expected 2)
doc_7204,too many values to unpack (expected 2)
doc_7205,too many values to unpack (expected 2)
doc_7206,too many values to unpack (expected 2)
doc_7207,too many values to unpack (expected 2)
doc_7208,too many values to unpack (expected 2)
doc_7209,too many values to unpack (expected 2)
doc_7210,too many values to unpack (expected 2)
doc_7211,too many values to unpack (expected 2)
doc_7212,too many values to unpack (expected 2)
doc_7213,too many values to unpack (expected 2)
doc_7214,too many values to unpack (expected 2)
doc_7215,too many values to unpack (expected 2)
doc_7216,too many values to unpack (expected 2)
doc_7217,too many values to unpack (expected 2)
doc_7218,too many values to unpack (expected 2)
doc_7219,too many values to unpack (expected 2)
doc_7220,too many values to unpack (expected 2)
doc_7221,too many values to unpack (expected 2)
doc_7222,too many values to unpack (expected 2)
doc_7223,too many values to unpack (expected 2)
doc_7224,too many values to unpack (expected 2)
doc_7225,too many values to unpack (expected 2)
doc_7226,too many values to unpack (expected 2)
doc_7227,too many values to unpack (expected 2)
doc_7228,too many values to unpack (expected 2)
doc_7229,too many values to unpack (expected 2)
doc_7230,too many values to unpack (expected 2)
doc_7231,too many values to unpack (expected 2)
doc_7232,too many values to unpack (expected 2)
doc_7233,too many values to unpack (expected 2)
doc_7234,too many values to unpack (expected 2)
doc_7235,too many values to unpack (expected 2)
doc_7236,too many values to unpack (expected 2)
doc_7237,too many values to unpack (expected 2)
doc_7238,too many values to unpack (expected 2)
doc_7239,too many values to unpack (expected 2)
doc_7240,too many values to unpack (expected 2)
doc_7241,too many values to unpack (expected 2)
doc_7242,too many values to unpack (expected 2)
doc_7243,too many values to unpack (expected 2)
doc_7244,too many values to unpack (expected 2)
doc_7245,too many values to unpack (expected 2)
doc_7246,too many values to unpack (expected 2)
doc_7247,too many values to unpack (expected 2)
doc_7248,too many values to unpack (expected 2)
doc_7249,too many values to unpack (expected 2)
doc_7250,too many values to unpack (expected 2)
doc_7251,too many values to unpack (expected 2)
doc_7252,too many values to unpack (expected 2)
doc_7253,too many values to unpack (expected 2)
doc_7254,too many values to unpack (expected 2)
doc_7255,too many values to unpack (expected 2)
doc_7256,too many values to unpack (expected 2)
doc_7257,too many values to unpack (expected 2)
doc_7258,too many values to unpack (expected 2)
doc_7259,too many values to unpack (expected 2)
doc_7260,too many values to unpack (expected 2)
doc_7261,too many values to unpack (expected 2)
doc_7262,too many values to unpack (expected 2)
doc_7263,too many values to unpack (expected 2)
doc_7264,too many values to unpack (expected 2)
doc_7265,too many values to unpack (expected 2)
doc_7266,too many values to unpack (expected 2)
doc_7267,too many values to unpack (expected 2)
doc_7268,too many values to unpack (expected 2)
doc_7269,too many values to unpack (expected 2)
doc_7270,too many values to unpack (expected 2)
doc_7271,too many values to unpack (expected 2)
doc_7272,too many values to unpack (expected 2)
doc_7273,too many values to unpack (expected 2)
doc_7274,too many values to unpack (expected 2)
doc_7275,too many values to unpack (expected 2)
doc_7276,too many values to unpack (expected 2)
doc_7277,too many values to unpack (expected 2)
doc_7278,too many values to unpack (expected 2)
doc_7279,too many values to unpack (expected 2)
doc_7280,too many values to unpack (expected 2)
doc_7281,too many values to unpack (expected 2)
doc_7282,too many values to unpack (expected 2)
doc_7283,too many values to unpack (expected 2)
doc_7284,too many values to unpack (expected 2)
doc_7285,too many values to unpack (expected 2)
doc_7286,too many values to unpack (expected 2)
doc_7287,too many values to unpack (expected 2)
doc_7288,too many values to unpack (expected 2)
doc_7289,too many values to unpack (expected 2)
doc_7290,too many values to unpack (expected 2)
doc_7291,too many values to unpack (expected 2)
doc_7292,too many values to unpack (expected 2)
doc_7293,too many values to unpack (expected 2)
doc_7294,too many values to unpack (expected 2)
doc_7295,too many values to unpack (expected 2)
doc_7296,too many values to unpack (expected 2)
doc_7297,too many values to unpack (expected 2)
doc_7298,too many values to unpack (expected 2)
doc_7299,too many values to unpack (expected 2)
doc_7300,too many values to unpack (expected 2)
doc_7301,too many values to unpack (expected 2)
doc_7302,too many values to unpack (expected 2)
doc_7303,too many values to unpack (expected 2)
doc_7304,too many values to unpack (expected 2)
doc_7305,too many values to unpack (expected 2)
doc_7306,too many values to unpack (expected 2)
doc_7307,too many values to unpack (expected 2)
doc_7308,too many values to unpack (expected 2)
doc_7309,too many values to unpack (expected 2)
doc_7310,too many values to unpack (expected 2)
doc_7311,too many values to unpack (expected 2)
doc_7312,too many values to unpack (expected 2)
doc_7313,too many values to unpack (expected 2)
doc_7314,too many values to unpack (expected 2)
doc_7315,too many values to unpack (expected 2)
doc_7316,too many values to unpack (expected 2)
doc_7317,too many values to unpack (expected 2)
doc_7318,too many values to unpack (expected 2)
doc_7319,too many values to unpack (expected 2)
doc_7320,too many values to unpack (expected 2)
doc_7321,too many values to unpack (expected 2)
doc_7322,too many values to unpack (expected 2)
doc_7323,too many values to unpack (expected 2)
doc_7324,too many values to unpack (expected 2)
doc_7325,too many values to unpack (expected 2)
doc_7326,too many values to unpack (expected 2)
doc_7327,too many values to unpack (expected 2)
doc_7328,too many values to unpack (expected 2)
doc_7329,too many values to unpack (expected 2)
doc_7330,too many values to unpack (expected 2)
doc_7331,too many values to unpack (expected 2)
doc_7332,too many values to unpack (expected 2)
doc_7333,too many values to unpack (expected 2)
doc_7334,too many values to unpack (expected 2)
doc_7335,too many values to unpack (expected 2)
doc_7336,too many values to unpack (expected 2)
doc_7337,too many values to unpack (expected 2)
doc_7338,too many values to unpack (expected 2)
doc_7339,too many values to unpack (expected 2)
doc_7340,too many values to unpack (expected 2)
doc_7341,too many values to unpack (expected 2)
doc_7342,too many values to unpack (expected 2)
doc_7343,too many values to unpack (expected 2)
doc_7344,too many values to unpack (expected 2)
doc_7345,too many values to unpack (expected 2)
doc_7346,too many values to unpack (expected 2)
doc_7347,too many values to unpack (expected 2)
doc_7348,too many values to unpack (expected 2)
doc_7349,too many values to unpack (expected 2)
doc_7350,too many values to unpack (expected 2)
doc_7351,too many values to unpack (expected 2)
doc_7352,too many values to unpack (expected 2)
doc_7353,too many values to unpack (expected 2)
doc_7354,too many values to unpack (expected 2)
doc_7355,too many values to unpack (expected 2)
doc_7356,too many values to unpack (expected 2)
doc_7357,too many values to unpack (expected 2)
doc_7358,too many values to unpack (expected 2)
doc_7359,too many values to unpack (expected 2)
doc_7360,too many values to unpack (expected 2)
doc_7361,too many values to unpack (expected 2)
doc_7362,too many values to unpack (expected 2)
doc_7363,too many values to unpack (expected 2)
doc_7364,too many values to unpack (expected 2)
doc_7365,too many values to unpack (expected 2)
doc_7366,too many values to unpack (expected 2)
doc_7367,too many values to unpack (expected 2)
doc_7368,too many values to unpack (expected 2)
doc_7369,too many values to unpack (expected 2)
doc_7370,too many values to unpack (expected 2)
doc_7371,too many values to unpack (expected 2)
doc_7372,too many values to unpack (expected 2)
doc_7373,too many values to unpack (expected 2)
doc_7374,too many values to unpack (expected 2)
doc_7375,too many values to unpack (expected 2)
doc_7376,too many values to unpack (expected 2)
doc_7377,too many values to unpack (expected 2)
doc_7378,too many values to unpack (expected 2)
doc_7379,too many values to unpack (expected 2)
doc_7380,too many values to unpack (expected 2)
doc_7381,too many values to unpack (expected 2)
doc_7382,too many values to unpack (expected 2)
doc_7383,too many values to unpack (expected 2)
doc_7384,too many values to unpack (expected 2)
doc_7385,too many values to unpack (expected 2)
doc_7386,too many values to unpack (expected 2)
doc_7387,too many values to unpack (expected 2)
doc_7388,too many values to unpack (expected 2)
doc_7389,too many values to unpack (expected 2)
doc_7390,too many values to unpack (expected 2)
doc_7391,too many values to unpack (expected 2)
doc_7392,too many values to unpack (expected 2)
doc_7393,too many values to unpack (expected 2)
doc_7394,too many values to unpack (expected 2)
doc_7395,too many values to unpack (expected 2)
doc_7396,too many values to unpack (expected 2)
doc_7397,too many values to unpack (expected 2)
doc_7398,too many values to unpack (expected 2)
doc_7399,too many values to unpack (expected 2)
doc_7400,too many values to unpack (expected 2)
doc_7401,too many values to unpack (expected 2)
doc_7402,too many values to unpack (expected 2)
doc_7403,too many values to unpack (expected 2)
doc_7404,too many values to unpack (expected 2)
doc_7405,too many values to unpack (expected 2)
doc_7406,too many values to unpack (expected 2)
doc_7407,too many values to unpack (expected 2)
doc_7408,too many values to unpack (expected 2)
doc_7409,too many values to unpack (expected 2)
doc_7410,too many values to unpack (expected 2)
doc_7411,too many values to unpack (expected 2)
doc_7412,too many values to unpack (expected 2)
doc_7413,too many values to unpack (expected 2)
doc_7414,too many values to unpack (expected 2)
doc_7415,too many values to unpack (expected 2)
doc_7416,too many values to unpack (expected 2)
doc_7417,too many values to unpack (expected 2)
doc_7418,too many values to unpack (expected 2)
doc_7419,too many values to unpack (expected 2)
doc_7420,too many values to unpack (expected 2)
doc_7421,too many values to unpack (expected 2)
doc_7422,too many values to unpack (expected 2)
doc_7423,too many values to unpack (expected 2)
doc_7424,too many values to unpack (expected 2)
doc_7425,too many values to unpack (expected 2)
doc_7426,too many values to unpack (expected 2)
doc_7427,too many values to unpack (expected 2)
doc_7428,too many values to unpack (expected 2)
doc_7429,too many values to unpack (expected 2)
doc_7430,too many values to unpack (expected 2)
doc_7431,too many values to unpack (expected 2)
doc_7432,too many values to unpack (expected 2)
doc_7433,too many values to unpack (expected 2)
doc_7434,too many values to unpack (expected 2)
doc_7435,too many values to unpack (expected 2)
doc_7436,too many values to unpack (expected 2)
doc_7437,too many values to unpack (expected 2)
doc_7438,too many values to unpack (expected 2)
doc_7439,too many values to unpack (expected 2)
doc_7440,too many values to unpack (expected 2)
doc_7441,too many values to unpack (expected 2)
doc_7442,too many values to unpack (expected 2)
doc_7443,too many values to unpack (expected 2)
doc_7444,too many values to unpack (expected 2)
doc_7445,too many values to unpack (expected 2)
doc_7446,too many values to unpack (expected 2)
doc_7447,too many values to unpack (expected 2)
doc_7448,too many values to unpack (expected 2)
doc_7449,too many values to unpack (expected 2)
doc_7450,too many values to unpack (expected 2)
doc_7451,too many values to unpack (expected 2)
doc_7452,too many values to unpack (expected 2)
doc_7453,too many values to unpack (expected 2)
doc_7454,too many values to unpack (expected 2)
doc_7455,too many values to unpack (expected 2)
doc_7456,too many values to unpack (expected 2)
doc_7457,too many values to unpack (expected 2)
doc_7458,too many values to unpack (expected 2)
doc_7459,too many values to unpack (expected 2)
doc_7460,too many values to unpack (expected 2)
doc_7461,too many values to unpack (expected 2)
doc_7462,too many values to unpack (expected 2)
doc_7463,too many values to unpack (expected 2)
doc_7464,too many values to unpack (expected 2)
doc_7465,too many values to unpack (expected 2)
doc_7466,too many values to unpack (expected 2)
doc_7467,too many values to unpack (expected 2)
doc_7468,too many values to unpack (expected 2)
doc_7469,too many values to unpack (expected 2)
doc_7470,too many values to unpack (expected 2)
doc_7471,too many values to unpack (expected 2)
doc_7472,too many values to unpack (expected 2)
doc_7473,too many values to unpack (expected 2)
doc_7474,too many values to unpack (expected 2)
doc_7475,too many values to unpack (expected 2)
doc_7476,too many values to unpack (expected 2)
doc_7477,too many values to unpack (expected 2)
doc_7478,too many values to unpack (expected 2)
doc_7479,too many values to unpack (expected 2)
doc_7480,too many values to unpack (expected 2)
doc_7481,too many values to unpack (expected 2)
doc_7482,too many values to unpack (expected 2)
doc_7483,too many values to unpack (expected 2)
doc_7484,too many values to unpack (expected 2)
doc_7485,too many values to unpack (expected 2)
doc_7486,too many values to unpack (expected 2)
doc_7487,too many values to unpack (expected 2)
doc_7488,too many values to unpack (expected 2)
doc_7489,too many values to unpack (expected 2)
doc_7490,too many values to unpack (expected 2)
doc_7491,too many values to unpack (expected 2)
doc_7492,too many values to unpack (expected 2)
doc_7493,too many values to unpack (expected 2)
doc_7494,too many values to unpack (expected 2)
doc_7495,too many values to unpack (expected 2)
doc_7496,too many values to unpack (expected 2)
doc_7497,too many values to unpack (expected 2)
doc_7498,too many values to unpack (expected 2)
doc_7499,too many values to unpack (expected 2)
doc_7500,too many values to unpack (expected 2)
doc_7501,too many values to unpack (expected 2)
doc_7502,too many values to unpack (expected 2)
doc_7503,too many values to unpack (expected 2)
doc_7504,too many values to unpack (expected 2)
doc_7505,too many values to unpack (expected 2)
doc_7506,too many values to unpack (expected 2)
doc_7507,too many values to unpack (expected 2)
doc_7508,too many values to unpack (expected 2)
doc_7509,too many values to unpack (expected 2)
doc_7510,too many values to unpack (expected 2)
doc_7511,too many values to unpack (expected 2)
doc_7512,too many values to unpack (expected 2)
doc_7513,too many values to unpack (expected 2)
doc_7514,too many values to unpack (expected 2)
doc_7515,too many values to unpack (expected 2)
doc_7516,too many values to unpack (expected 2)
doc_7517,too many values to unpack (expected 2)
doc_7518,too many values to unpack (expected 2)
doc_7519,too many values to unpack (expected 2)
doc_7520,too many values to unpack (expected 2)
doc_7521,too many values to unpack (expected 2)
doc_7522,too many values to unpack (expected 2)
doc_7523,too many values to unpack (expected 2)
doc_7524,too many values to unpack (expected 2)
doc_7525,too many values to unpack (expected 2)
doc_7526,too many values to unpack (expected 2)
doc_7527,too many values to unpack (expected 2)
doc_7528,too many values to unpack (expected 2)
doc_7529,too many values to unpack (expected 2)
doc_7530,too many values to unpack (expected 2)
doc_7531,too many values to unpack (expected 2)
doc_7532,too many values to unpack (expected 2)
doc_7533,too many values to unpack (expected 2)
doc_7534,too many values to unpack (expected 2)
doc_7535,too many values to unpack (expected 2)
doc_7536,too many values to unpack (expected 2)
doc_7537,too many values to unpack (expected 2)
doc_7538,too many values to unpack (expected 2)
doc_7539,too many values to unpack (expected 2)
doc_7540,too many values to unpack (expected 2)
doc_7541,too many values to unpack (expected 2)
doc_7542,too many values to unpack (expected 2)
doc_7543,too many values to unpack (expected 2)
doc_7544,too many values to unpack (expected 2)
doc_7545,too many values to unpack (expected 2)
doc_7546,too many values to unpack (expected 2)
doc_7547,too many values to unpack (expected 2)
doc_7548,too many values to unpack (expected 2)
doc_7549,too many values to unpack (expected 2)
doc_7550,too many values to unpack (expected 2)
doc_7551,too many values to unpack (expected 2)
doc_7552,too many values to unpack (expected 2)
doc_7553,too many values to unpack (expected 2)
doc_7554,too many values to unpack (expected 2)
doc_7555,too many values to unpack (expected 2)
doc_7556,too many values to unpack (expected 2)
doc_7557,too many values to unpack (expected 2)
doc_7558,too many values to unpack (expected 2)
doc_7559,too many values to unpack (expected 2)
doc_7560,too many values to unpack (expected 2)
doc_7561,too many values to unpack (expected 2)
doc_7562,too many values to unpack (expected 2)
doc_7563,too many values to unpack (expected 2)
doc_7564,too many values to unpack (expected 2)
doc_7565,too many values to unpack (expected 2)
doc_7566,too many values to unpack (expected 2)
doc_7567,too many values to unpack (expected 2)
doc_7568,too many values to unpack (expected 2)
doc_7569,too many values to unpack (expected 2)
doc_7570,too many values to unpack (expected 2)
doc_7571,too many values to unpack (expected 2)
doc_7572,too many values to unpack (expected 2)
doc_7573,too many values to unpack (expected 2)
doc_7574,too many values to unpack (expected 2)
doc_7575,too many values to unpack (expected 2)
doc_7576,too many values to unpack (expected 2)
doc_7577,too many values to unpack (expected 2)
doc_7578,too many values to unpack (expected 2)
doc_7579,too many values to unpack (expected 2)
doc_7580,too many values to unpack (expected 2)
doc_7581,too many values to unpack (expected 2)
doc_7582,too many values to unpack (expected 2)
doc_7583,too many values to unpack (expected 2)
doc_7584,too many values to unpack (expected 2)
doc_7585,too many values to unpack (expected 2)
doc_7586,too many values to unpack (expected 2)
doc_7587,too many values to unpack (expected 2)
doc_7588,too many values to unpack (expected 2)
doc_7589,too many values to unpack (expected 2)
doc_7590,too many values to unpack (expected 2)
doc_7591,too many values to unpack (expected 2)
doc_7592,too many values to unpack (expected 2)
doc_7593,too many values to unpack (expected 2)
doc_7594,too many values to unpack (expected 2)
doc_7595,too many values to unpack (expected 2)
doc_7596,too many values to unpack (expected 2)
doc_7597,too many values to unpack (expected 2)
doc_7598,too many values to unpack (expected 2)
doc_7599,too many values to unpack (expected 2)
doc_7600,too many values to unpack (expected 2)
doc_7601,too many values to unpack (expected 2)
doc_7602,too many values to unpack (expected 2)
doc_7603,too many values to unpack (expected 2)
doc_7604,too many values to unpack (expected 2)
doc_7605,too many values to unpack (expected 2)
doc_7606,too many values to unpack (expected 2)
doc_7607,too many values to unpack (expected 2)
doc_7608,too many values to unpack (expected 2)
doc_7609,too many values to unpack (expected 2)
doc_7610,too many values to unpack (expected 2)
doc_7611,too many values to unpack (expected 2)
doc_7612,too many values to unpack (expected 2)
doc_7613,too many values to unpack (expected 2)
doc_7614,too many values to unpack (expected 2)
doc_7615,too many values to unpack (expected 2)
doc_7616,too many values to unpack (expected 2)
doc_7617,too many values to unpack (expected 2)
doc_7618,too many values to unpack (expected 2)
doc_7619,too many values to unpack (expected 2)
doc_7620,too many values to unpack (expected 2)
doc_7621,too many values to unpack (expected 2)
doc_7622,too many values to unpack (expected 2)
doc_7623,too many values to unpack (expected 2)
doc_7624,too many values to unpack (expected 2)
doc_7625,too many values to unpack (expected 2)
doc_7626,too many values to unpack (expected 2)
doc_7627,too many values to unpack (expected 2)
doc_7628,too many values to unpack (expected 2)
doc_7629,too many values to unpack (expected 2)
doc_7630,too many values to unpack (expected 2)
doc_7631,too many values to unpack (expected 2)
doc_7632,too many values to unpack (expected 2)
doc_7633,too many values to unpack (expected 2)
doc_7634,too many values to unpack (expected 2)
doc_7635,too many values to unpack (expected 2)
doc_7636,too many values to unpack (expected 2)
doc_7637,too many values to unpack (expected 2)
doc_7638,too many values to unpack (expected 2)
doc_7639,too many values to unpack (expected 2)
doc_7640,too many values to unpack (expected 2)
doc_7641,too many values to unpack (expected 2)
doc_7642,too many values to unpack (expected 2)
doc_7643,too many values to unpack (expected 2)
doc_7644,too many values to unpack (expected 2)
doc_7645,too many values to unpack (expected 2)
doc_7646,too many values to unpack (expected 2)
doc_7647,too many values to unpack (expected 2)
doc_7648,too many values to unpack (expected 2)
doc_7649,too many values to unpack (expected 2)
doc_7650,too many values to unpack (expected 2)
doc_7651,too many values to unpack (expected 2)
doc_7652,too many values to unpack (expected 2)
doc_7653,too many values to unpack (expected 2)
doc_7654,too many values to unpack (expected 2)
doc_7655,too many values to unpack (expected 2)
doc_7656,too many values to unpack (expected 2)
doc_7657,too many values to unpack (expected 2)
doc_7658,too many values to unpack (expected 2)
doc_7659,too many values to unpack (expected 2)
doc_7660,too many values to unpack (expected 2)
doc_7661,too many values to unpack (expected 2)
doc_7662,too many values to unpack (expected 2)
doc_7663,too many values to unpack (expected 2)
doc_7664,too many values to unpack (expected 2)
doc_7665,too many values to unpack (expected 2)
doc_7666,too many values to unpack (expected 2)
doc_7667,too many values to unpack (expected 2)
doc_7668,too many values to unpack (expected 2)
doc_7669,too many values to unpack (expected 2)
doc_7670,too many values to unpack (expected 2)
doc_7671,too many values to unpack (expected 2)
doc_7672,too many values to unpack (expected 2)
doc_7673,too many values to unpack (expected 2)
doc_7674,too many values to unpack (expected 2)
doc_7675,too many values to unpack (expected 2)
doc_7676,too many values to unpack (expected 2)
doc_7677,too many values to unpack (expected 2)
doc_7678,too many values to unpack (expected 2)
doc_7679,too many values to unpack (expected 2)
doc_7680,too many values to unpack (expected 2)
doc_7681,too many values to unpack (expected 2)
doc_7682,too many values to unpack (expected 2)
doc_7683,too many values to unpack (expected 2)
doc_7684,too many values to unpack (expected 2)
doc_7685,too many values to unpack (expected 2)
doc_7686,too many values to unpack (expected 2)
doc_7687,too many values to unpack (expected 2)
doc_7688,too many values to unpack (expected 2)
doc_7689,too many values to unpack (expected 2)
doc_7690,too many values to unpack (expected 2)
doc_7691,too many values to unpack (expected 2)
doc_7692,too many values to unpack (expected 2)
doc_7693,too many values to unpack (expected 2)
doc_7694,too many values to unpack (expected 2)
doc_7695,too many values to unpack (expected 2)
doc_7696,too many values to unpack (expected 2)
doc_7697,too many values to unpack (expected 2)
doc_7698,too many values to unpack (expected 2)
doc_7699,too many values to unpack (expected 2)
doc_7700,too many values to unpack (expected 2)
doc_7701,too many values to unpack (expected 2)
doc_7702,too many values to unpack (expected 2)
doc_7703,too many values to unpack (expected 2)
doc_7704,too many values to unpack (expected 2)
doc_7705,too many values to unpack (expected 2)
doc_7706,too many values to unpack (expected 2)
doc_7707,too many values to unpack (expected 2)
doc_7708,too many values to unpack (expected 2)
doc_7709,too many values to unpack (expected 2)
doc_7710,too many values to unpack (expected 2)
doc_7711,too many values to unpack (expected 2)
doc_7712,too many values to unpack (expected 2)
doc_7713,too many values to unpack (expected 2)
doc_7714,too many values to unpack (expected 2)
doc_7715,too many values to unpack (expected 2)
doc_7716,too many values to unpack (expected 2)
doc_7717,too many values to unpack (expected 2)
doc_7718,too many values to unpack (expected 2)
doc_7719,too many values to unpack (expected 2)
doc_7720,too many values to unpack (expected 2)
doc_7721,too many values to unpack (expected 2)
doc_7722,too many values to unpack (expected 2)
doc_7723,too many values to unpack (expected 2)
doc_7724,too many values to unpack (expected 2)
doc_7725,too many values to unpack (expected 2)
doc_7726,too many values to unpack (expected 2)
doc_7727,too many values to unpack (expected 2)
doc_7728,too many values to unpack (expected 2)
doc_7729,too many values to unpack (expected 2)
doc_7730,too many values to unpack (expected 2)
doc_7731,too many values to unpack (expected 2)
doc_7732,too many values to unpack (expected 2)
doc_7733,too many values to unpack (expected 2)
doc_7734,too many values to unpack (expected 2)
doc_7735,too many values to unpack (expected 2)
doc_7736,too many values to unpack (expected 2)
doc_7737,too many values to unpack (expected 2)
doc_7738,too many values to unpack (expected 2)
doc_7739,too many values to unpack (expected 2)
doc_7740,too many values to unpack (expected 2)
doc_7741,too many values to unpack (expected 2)
doc_7742,too many values to unpack (expected 2)
doc_7743,too many values to unpack (expected 2)
doc_7744,too many values to unpack (expected 2)
doc_7745,too many values to unpack (expected 2)
doc_7746,too many values to unpack (expected 2)
doc_7747,too many values to unpack (expected 2)
doc_7748,too many values to unpack (expected 2)
doc_7749,too many values to unpack (expected 2)
doc_7750,too many values to unpack (expected 2)
doc_7751,too many values to unpack (expected 2)
doc_7752,too many values to unpack (expected 2)
doc_7753,too many values to unpack (expected 2)
doc_7754,too many values to unpack (expected 2)
doc_7755,too many values to unpack (expected 2)
doc_7756,too many values to unpack (expected 2)
doc_7757,too many values to unpack (expected 2)
doc_7758,too many values to unpack (expected 2)
doc_7759,too many values to unpack (expected 2)
doc_7760,too many values to unpack (expected 2)
doc_7761,too many values to unpack (expected 2)
doc_7762,too many values to unpack (expected 2)
doc_7763,too many values to unpack (expected 2)
doc_7764,too many values to unpack (expected 2)
doc_7765,too many values to unpack (expected 2)
doc_7766,too many values to unpack (expected 2)
doc_7767,too many values to unpack (expected 2)
doc_7768,too many values to unpack (expected 2)
doc_7769,too many values to unpack (expected 2)
doc_7770,too many values to unpack (expected 2)
doc_7771,too many values to unpack (expected 2)
doc_7772,too many values to unpack (expected 2)
doc_7773,too many values to unpack (expected 2)
doc_7774,too many values to unpack (expected 2)
doc_7775,too many values to unpack (expected 2)
doc_7776,too many values to unpack (expected 2)
doc_7777,too many values to unpack (expected 2)
doc_7778,too many values to unpack (expected 2)
doc_7779,too many values to unpack (expected 2)
doc_7780,too many values to unpack (expected 2)
doc_7781,too many values to unpack (expected 2)
doc_7782,too many values to unpack (expected 2)
doc_7783,too many values to unpack (expected 2)
doc_7784,too many values to unpack (expected 2)
doc_7785,too many values to unpack (expected 2)
doc_7786,too many values to unpack (expected 2)
doc_7787,too many values to unpack (expected 2)
doc_7788,too many values to unpack (expected 2)
doc_7789,too many values to unpack (expected 2)
doc_7790,too many values to unpack (expected 2)
doc_7791,too many values to unpack (expected 2)
doc_7792,too many values to unpack (expected 2)
doc_7793,too many values to unpack (expected 2)
doc_7794,too many values to unpack (expected 2)
doc_7795,too many values to unpack (expected 2)
doc_7796,too many values to unpack (expected 2)
doc_7797,too many values to unpack (expected 2)
doc_7798,too many values to unpack (expected 2)
doc_7799,too many values to unpack (expected 2)
doc_7800,too many values to unpack (expected 2)
doc_7801,too many values to unpack (expected 2)
doc_7802,too many values to unpack (expected 2)
doc_7803,too many values to unpack (expected 2)
doc_7804,too many values to unpack (expected 2)
doc_7805,too many values to unpack (expected 2)
doc_7806,too many values to unpack (expected 2)
doc_7807,too many values to unpack (expected 2)
doc_7808,too many values to unpack (expected 2)
doc_7809,too many values to unpack (expected 2)
doc_7810,too many values to unpack (expected 2)
doc_7811,too many values to unpack (expected 2)
doc_7812,too many values to unpack (expected 2)
doc_7813,too many values to unpack (expected 2)
doc_7814,too many values to unpack (expected 2)
doc_7815,too many values to unpack (expected 2)
doc_7816,too many values to unpack (expected 2)
doc_7817,too many values to unpack (expected 2)
doc_7818,too many values to unpack (expected 2)
doc_7819,too many values to unpack (expected 2)
doc_7820,too many values to unpack (expected 2)
doc_7821,too many values to unpack (expected 2)
doc_7822,too many values to unpack (expected 2)
doc_7823,too many values to unpack (expected 2)
doc_7824,too many values to unpack (expected 2)
doc_7825,too many values to unpack (expected 2)
doc_7826,too many values to unpack (expected 2)
doc_7827,too many values to unpack (expected 2)
doc_7828,too many values to unpack (expected 2)
doc_7829,too many values to unpack (expected 2)
doc_7830,too many values to unpack (expected 2)
doc_7831,too many values to unpack (expected 2)
doc_7832,too many values to unpack (expected 2)
doc_7833,too many values to unpack (expected 2)
doc_7834,too many values to unpack (expected 2)
doc_7835,too many values to unpack (expected 2)
doc_7836,too many values to unpack (expected 2)
doc_7837,too many values to unpack (expected 2)
doc_7838,too many values to unpack (expected 2)
doc_7839,too many values to unpack (expected 2)
doc_7840,too many values to unpack (expected 2)
doc_7841,too many values to unpack (expected 2)
doc_7842,too many values to unpack (expected 2)
doc_7843,too many values to unpack (expected 2)
doc_7844,too many values to unpack (expected 2)
doc_7845,too many values to unpack (expected 2)
doc_7846,too many values to unpack (expected 2)
doc_7847,too many values to unpack (expected 2)
doc_7848,too many values to unpack (expected 2)
doc_7849,too many values to unpack (expected 2)
doc_7850,too many values to unpack (expected 2)
doc_7851,too many values to unpack (expected 2)
doc_7852,too many values to unpack (expected 2)
doc_7853,too many values to unpack (expected 2)
doc_7854,too many values to unpack (expected 2)
doc_7855,too many values to unpack (expected 2)
doc_7856,too many values to unpack (expected 2)
doc_7857,too many values to unpack (expected 2)
doc_7858,too many values to unpack (expected 2)
doc_7859,too many values to unpack (expected 2)
doc_7860,too many values to unpack (expected 2)
doc_7861,too many values to unpack (expected 2)
doc_7862,too many values to unpack (expected 2)
doc_7863,too many values to unpack (expected 2)
doc_7864,too many values to unpack (expected 2)
doc_7865,too many values to unpack (expected 2)
doc_7866,too many values to unpack (expected 2)
doc_7867,too many values to unpack (expected 2)
doc_7868,too many values to unpack (expected 2)
doc_7869,too many values to unpack (expected 2)
doc_7870,too many values to unpack (expected 2)
doc_7871,too many values to unpack (expected 2)
doc_7872,too many values to unpack (expected 2)
doc_7873,too many values to unpack (expected 2)
doc_7874,too many values to unpack (expected 2)
doc_7875,too many values to unpack (expected 2)
doc_7876,too many values to unpack (expected 2)
doc_7877,too many values to unpack (expected 2)
doc_7878,too many values to unpack (expected 2)
doc_7879,too many values to unpack (expected 2)
doc_7880,too many values to unpack (expected 2)
doc_7881,too many values to unpack (expected 2)
doc_7882,too many values to unpack (expected 2)
doc_7883,too many values to unpack (expected 2)
doc_7884,too many values to unpack (expected 2)
doc_7885,too many values to unpack (expected 2)
doc_7886,too many values to unpack (expected 2)
doc_7887,too many values to unpack (expected 2)
doc_7888,too many values to unpack (expected 2)
doc_7889,too many values to unpack (expected 2)
doc_7890,too many values to unpack (expected 2)
doc_7891,too many values to unpack (expected 2)
doc_7892,too many values to unpack (expected 2)
doc_7893,too many values to unpack (expected 2)
doc_7894,too many values to unpack (expected 2)
doc_7895,too many values to unpack (expected 2)
doc_7896,too many values to unpack (expected 2)
doc_7897,too many values to unpack (expected 2)
doc_7898,too many values to unpack (expected 2)
doc_7899,too many values to unpack (expected 2)
doc_7900,too many values to unpack (expected 2)
doc_7901,too many values to unpack (expected 2)
doc_7902,too many values to unpack (expected 2)
doc_7903,too many values to unpack (expected 2)
doc_7904,too many values to unpack (expected 2)
doc_7905,too many values to unpack (expected 2)
doc_7906,too many values to unpack (expected 2)
doc_7907,too many values to unpack (expected 2)
doc_7908,too many values to unpack (expected 2)
doc_7909,too many values to unpack (expected 2)
doc_7910,too many values to unpack (expected 2)
doc_7911,too many values to unpack (expected 2)
doc_7912,too many values to unpack (expected 2)
doc_7913,too many values to unpack (expected 2)
doc_7914,too many values to unpack (expected 2)
doc_7915,too many values to unpack (expected 2)
doc_7916,too many values to unpack (expected 2)
doc_7917,too many values to unpack (expected 2)
doc_7918,too many values to unpack (expected 2)
doc_7919,too many values to unpack (expected 2)
doc_7920,too many values to unpack (expected 2)
doc_7921,too many values to unpack (expected 2)
doc_7922,too many values to unpack (expected 2)
doc_7923,too many values to unpack (expected 2)
doc_7924,too many values to unpack (expected 2)
doc_7925,too many values to unpack (expected 2)
doc_7926,too many values to unpack (expected 2)
doc_7927,too many values to unpack (expected 2)
doc_7928,too many values to unpack (expected 2)
doc_7929,too many values to unpack (expected 2)
doc_7930,too many values to unpack (expected 2)
doc_7931,too many values to unpack (expected 2)
doc_7932,too many values to unpack (expected 2)
doc_7933,too many values to unpack (expected 2)
doc_7934,too many values to unpack (expected 2)
doc_7935,too many values to unpack (expected 2)
doc_7936,too many values to unpack (expected 2)
doc_7937,too many values to unpack (expected 2)
doc_7938,too many values to unpack (expected 2)
doc_7939,too many values to unpack (expected 2)
doc_7940,too many values to unpack (expected 2)
doc_7941,too many values to unpack (expected 2)
doc_7942,too many values to unpack (expected 2)
doc_7943,too many values to unpack (expected 2)
doc_7944,too many values to unpack (expected 2)
doc_7945,too many values to unpack (expected 2)
doc_7946,too many values to unpack (expected 2)
doc_7947,too many values to unpack (expected 2)
doc_7948,too many values to unpack (expected 2)
doc_7949,too many values to unpack (expected 2)
doc_7950,too many values to unpack (expected 2)
doc_7951,too many values to unpack (expected 2)
doc_7952,too many values to unpack (expected 2)
doc_7953,too many values to unpack (expected 2)
doc_7954,too many values to unpack (expected 2)
doc_7955,too many values to unpack (expected 2)
doc_7956,too many values to unpack (expected 2)
doc_7957,too many values to unpack (expected 2)
doc_7958,too many values to unpack (expected 2)
doc_7959,too many values to unpack (expected 2)
doc_7960,too many values to unpack (expected 2)
doc_7961,too many values to unpack (expected 2)
doc_7962,too many values to unpack (expected 2)
doc_7963,too many values to unpack (expected 2)
doc_7964,too many values to unpack (expected 2)
doc_7965,too many values to unpack (expected 2)
doc_7966,too many values to unpack (expected 2)
doc_7967,too many values to unpack (expected 2)
doc_7968,too many values to unpack (expected 2)
doc_7969,too many values to unpack (expected 2)
doc_7970,too many values to unpack (expected 2)
doc_7971,too many values to unpack (expected 2)
doc_7972,too many values to unpack (expected 2)
doc_7973,too many values to unpack (expected 2)
doc_7974,too many values to unpack (expected 2)
doc_7975,too many values to unpack (expected 2)
doc_7976,too many values to unpack (expected 2)
doc_7977,too many values to unpack (expected 2)
doc_7978,too many values to unpack (expected 2)
doc_7979,too many values to unpack (expected 2)
doc_7980,too many values to unpack (expected 2)
doc_7981,too many values to unpack (expected 2)
doc_7982,too many values to unpack (expected 2)
doc_7983,too many values to unpack (expected 2)
doc_7984,too many values to unpack (expected 2)
doc_7985,too many values to unpack (expected 2)
doc_7986,too many values to unpack (expected 2)
doc_7987,too many values to unpack (expected 2)
doc_7988,too many values to unpack (expected 2)
doc_7989,too many values to unpack (expected 2)
doc_7990,too many values to unpack (expected 2)
doc_7991,too many values to unpack (expected 2)
doc_7992,too many values to unpack (expected 2)
doc_7993,too many values to unpack (expected 2)
doc_7994,too many values to unpack (expected 2)
doc_7995,too many values to unpack (expected 2)
doc_7996,too many values to unpack (expected 2)
doc_7997,too many values to unpack (expected 2)
doc_7998,too many values to unpack (expected 2)
doc_7999,too many values to unpack (expected 2)
doc_8000,too many values to unpack (expected 2)
doc_8001,too many values to unpack (expected 2)
doc_8002,too many values to unpack (expected 2)
doc_8003,too many values to unpack (expected 2)
doc_8004,too many values to unpack (expected 2)
doc_8005,too many values to unpack (expected 2)
doc_8006,too many values to unpack (expected 2)
doc_8007,too many values to unpack (expected 2)
doc_8008,too many values to unpack (expected 2)
doc_8009,too many values to unpack (expected 2)
doc_8010,too many values to unpack (expected 2)
doc_8011,too many values to unpack (expected 2)
doc_8012,too many values to unpack (expected 2)
doc_8013,too many values to unpack (expected 2)
doc_8014,too many values to unpack (expected 2)
doc_8015,too many values to unpack (expected 2)
doc_8016,too many values to unpack (expected 2)
doc_8017,too many values to unpack (expected 2)
doc_8018,too many values to unpack (expected 2)
doc_8019,too many values to unpack (expected 2)
doc_8020,too many values to unpack (expected 2)
doc_8021,too many values to unpack (expected 2)
doc_8022,too many values to unpack (expected 2)
doc_8023,too many values to unpack (expected 2)
doc_8024,too many values to unpack (expected 2)
doc_8025,too many values to unpack (expected 2)
doc_8026,too many values to unpack (expected 2)
doc_8027,too many values to unpack (expected 2)
doc_8028,too many values to unpack (expected 2)
doc_8029,too many values to unpack (expected 2)
doc_8030,too many values to unpack (expected 2)
doc_8031,too many values to unpack (expected 2)
doc_8032,too many values to unpack (expected 2)
doc_8033,too many values to unpack (expected 2)
doc_8034,too many values to unpack (expected 2)
doc_8035,too many values to unpack (expected 2)
doc_8036,too many values to unpack (expected 2)
doc_8037,too many values to unpack (expected 2)
doc_8038,too many values to unpack (expected 2)
doc_8039,too many values to unpack (expected 2)
doc_8040,too many values to unpack (expected 2)
doc_8041,too many values to unpack (expected 2)
doc_8042,too many values to unpack (expected 2)
doc_8043,too many values to unpack (expected 2)
doc_8044,too many values to unpack (expected 2)
doc_8045,too many values to unpack (expected 2)
doc_8046,too many values to unpack (expected 2)
doc_8047,too many values to unpack (expected 2)
doc_8048,too many values to unpack (expected 2)
doc_8049,too many values to unpack (expected 2)
doc_8050,too many values to unpack (expected 2)
doc_8051,too many values to unpack (expected 2)
doc_8052,too many values to unpack (expected 2)
doc_8053,too many values to unpack (expected 2)
doc_8054,too many values to unpack (expected 2)
doc_8055,too many values to unpack (expected 2)
doc_8056,too many values to unpack (expected 2)
doc_8057,too many values to unpack (expected 2)
doc_8058,too many values to unpack (expected 2)
doc_8059,too many values to unpack (expected 2)
doc_8060,too many values to unpack (expected 2)
doc_8061,too many values to unpack (expected 2)
doc_8062,too many values to unpack (expected 2)
doc_8063,too many values to unpack (expected 2)
doc_8064,too many values to unpack (expected 2)
doc_8065,too many values to unpack (expected 2)
doc_8066,too many values to unpack (expected 2)
doc_8067,too many values to unpack (expected 2)
doc_8068,too many values to unpack (expected 2)
doc_8069,too many values to unpack (expected 2)
doc_8070,too many values to unpack (expected 2)
doc_8071,too many values to unpack (expected 2)
doc_8072,too many values to unpack (expected 2)
doc_8073,too many values to unpack (expected 2)
doc_8074,too many values to unpack (expected 2)
doc_8075,too many values to unpack (expected 2)
doc_8076,too many values to unpack (expected 2)
doc_8077,too many values to unpack (expected 2)
doc_8078,too many values to unpack (expected 2)
doc_8079,too many values to unpack (expected 2)
doc_8080,too many values to unpack (expected 2)
doc_8081,too many values to unpack (expected 2)
doc_8082,too many values to unpack (expected 2)
doc_8083,too many values to unpack (expected 2)
doc_8084,too many values to unpack (expected 2)
doc_8085,too many values to unpack (expected 2)
doc_8086,too many values to unpack (expected 2)
doc_8087,too many values to unpack (expected 2)
doc_8088,too many values to unpack (expected 2)
doc_8089,too many values to unpack (expected 2)
doc_8090,too many values to unpack (expected 2)
doc_8091,too many values to unpack (expected 2)
doc_8092,too many values to unpack (expected 2)
doc_8093,too many values to unpack (expected 2)
doc_8094,too many values to unpack (expected 2)
doc_8095,too many values to unpack (expected 2)
doc_8096,too many values to unpack (expected 2)
doc_8097,too many values to unpack (expected 2)
doc_8098,too many values to unpack (expected 2)
doc_8099,too many values to unpack (expected 2)
doc_8100,too many values to unpack (expected 2)
doc_8101,too many values to unpack (expected 2)
doc_8102,too many values to unpack (expected 2)
doc_8103,too many values to unpack (expected 2)
doc_8104,too many values to unpack (expected 2)
doc_8105,too many values to unpack (expected 2)
doc_8106,too many values to unpack (expected 2)
doc_8107,too many values to unpack (expected 2)
doc_8108,too many values to unpack (expected 2)
doc_8109,too many values to unpack (expected 2)
doc_8110,too many values to unpack (expected 2)
doc_8111,too many values to unpack (expected 2)
doc_8112,too many values to unpack (expected 2)
doc_8113,too many values to unpack (expected 2)
doc_8114,too many values to unpack (expected 2)
doc_8115,too many values to unpack (expected 2)
doc_8116,too many values to unpack (expected 2)
doc_8117,too many values to unpack (expected 2)
doc_8118,too many values to unpack (expected 2)
doc_8119,too many values to unpack (expected 2)
doc_8120,too many values to unpack (expected 2)
doc_8121,too many values to unpack (expected 2)
doc_8122,too many values to unpack (expected 2)
doc_8123,too many values to unpack (expected 2)
doc_8124,too many values to unpack (expected 2)
doc_8125,too many values to unpack (expected 2)
doc_8126,too many values to unpack (expected 2)
doc_8127,too many values to unpack (expected 2)
doc_8128,too many values to unpack (expected 2)
doc_8129,too many values to unpack (expected 2)
doc_8130,too many values to unpack (expected 2)
doc_8131,too many values to unpack (expected 2)
doc_8132,too many values to unpack (expected 2)
doc_8133,too many values to unpack (expected 2)
doc_8134,too many values to unpack (expected 2)
doc_8135,too many values to unpack (expected 2)
doc_8136,too many values to unpack (expected 2)
doc_8137,too many values to unpack (expected 2)
doc_8138,too many values to unpack (expected 2)
doc_8139,too many values to unpack (expected 2)
doc_8140,too many values to unpack (expected 2)
doc_8141,too many values to unpack (expected 2)
doc_8142,too many values to unpack (expected 2)
doc_8143,too many values to unpack (expected 2)
doc_8144,too many values to unpack (expected 2)
doc_8145,too many values to unpack (expected 2)
doc_8146,too many values to unpack (expected 2)
doc_8147,too many values to unpack (expected 2)
doc_8148,too many values to unpack (expected 2)
doc_8149,too many values to unpack (expected 2)
doc_8150,too many values to unpack (expected 2)
doc_8151,too many values to unpack (expected 2)
doc_8152,too many values to unpack (expected 2)
doc_8153,too many values to unpack (expected 2)
doc_8154,too many values to unpack (expected 2)
doc_8155,too many values to unpack (expected 2)
doc_8156,too many values to unpack (expected 2)
doc_8157,too many values to unpack (expected 2)
doc_8158,too many values to unpack (expected 2)
doc_8159,too many values to unpack (expected 2)
doc_8160,too many values to unpack (expected 2)
doc_8161,too many values to unpack (expected 2)
doc_8162,too many values to unpack (expected 2)
doc_8163,too many values to unpack (expected 2)
doc_8164,too many values to unpack (expected 2)
doc_8165,too many values to unpack (expected 2)
doc_8166,too many values to unpack (expected 2)
doc_8167,too many values to unpack (expected 2)
doc_8168,too many values to unpack (expected 2)
doc_8169,too many values to unpack (expected 2)
doc_8170,too many values to unpack (expected 2)
doc_8171,too many values to unpack (expected 2)
doc_8172,too many values to unpack (expected 2)
doc_8173,too many values to unpack (expected 2)
doc_8174,too many values to unpack (expected 2)
doc_8175,too many values to unpack (expected 2)
doc_8176,too many values to unpack (expected 2)
doc_8177,too many values to unpack (expected 2)
doc_8178,too many values to unpack (expected 2)
doc_8179,too many values to unpack (expected 2)
doc_8180,too many values to unpack (expected 2)
doc_8181,too many values to unpack (expected 2)
doc_8182,too many values to unpack (expected 2)
doc_8183,too many values to unpack (expected 2)
doc_8184,too many values to unpack (expected 2)
doc_8185,too many values to unpack (expected 2)
doc_8186,too many values to unpack (expected 2)
doc_8187,too many values to unpack (expected 2)
doc_8188,too many values to unpack (expected 2)
doc_8189,too many values to unpack (expected 2)
doc_8190,too many values to unpack (expected 2)
doc_8191,too many values to unpack (expected 2)
doc_8192,too many values to unpack (expected 2)
doc_8193,too many values to unpack (expected 2)
doc_8194,too many values to unpack (expected 2)
doc_8195,too many values to unpack (expected 2)
doc_8196,too many values to unpack (expected 2)
doc_8197,too many values to unpack (expected 2)
doc_8198,too many values to unpack (expected 2)
doc_8199,too many values to unpack (expected 2)
doc_8200,too many values to unpack (expected 2)
doc_8201,too many values to unpack (expected 2)
doc_8202,too many values to unpack (expected 2)
doc_8203,too many values to unpack (expected 2)
doc_8204,too many values to unpack (expected 2)
doc_8205,too many values to unpack (expected 2)
doc_8206,too many values to unpack (expected 2)
doc_8207,too many values to unpack (expected 2)
doc_8208,too many values to unpack (expected 2)
doc_8209,too many values to unpack (expected 2)
doc_8210,too many values to unpack (expected 2)
doc_8211,too many values to unpack (expected 2)
doc_8212,too many values to unpack (expected 2)
doc_8213,too many values to unpack (expected 2)
doc_8214,too many values to unpack (expected 2)
doc_8215,too many values to unpack (expected 2)
doc_8216,too many values to unpack (expected 2)
doc_8217,too many values to unpack (expected 2)
doc_8218,too many values to unpack (expected 2)
doc_8219,too many values to unpack (expected 2)
doc_8220,too many values to unpack (expected 2)
doc_8221,too many values to unpack (expected 2)
doc_8222,too many values to unpack (expected 2)
doc_8223,too many values to unpack (expected 2)
doc_8224,too many values to unpack (expected 2)
doc_8225,too many values to unpack (expected 2)
doc_8226,too many values to unpack (expected 2)
doc_8227,too many values to unpack (expected 2)
doc_8228,too many values to unpack (expected 2)
doc_8229,too many values to unpack (expected 2)
doc_8230,too many values to unpack (expected 2)
doc_8231,too many values to unpack (expected 2)
doc_8232,too many values to unpack (expected 2)
doc_8233,too many values to unpack (expected 2)
doc_8234,too many values to unpack (expected 2)
doc_8235,too many values to unpack (expected 2)
doc_8236,too many values to unpack (expected 2)
doc_8237,too many values to unpack (expected 2)
doc_8238,too many values to unpack (expected 2)
doc_8239,too many values to unpack (expected 2)
doc_8240,too many values to unpack (expected 2)
doc_8241,too many values to unpack (expected 2)
doc_8242,too many values to unpack (expected 2)
doc_8243,too many values to unpack (expected 2)
doc_8244,too many values to unpack (expected 2)
doc_8245,too many values to unpack (expected 2)
doc_8246,too many values to unpack (expected 2)
doc_8247,too many values to unpack (expected 2)
doc_8248,too many values to unpack (expected 2)
doc_8249,too many values to unpack (expected 2)
doc_8250,too many values to unpack (expected 2)
doc_8251,too many values to unpack (expected 2)
doc_8252,too many values to unpack (expected 2)
doc_8253,too many values to unpack (expected 2)
doc_8254,too many values to unpack (expected 2)
doc_8255,too many values to unpack (expected 2)
doc_8256,too many values to unpack (expected 2)
doc_8257,too many values to unpack (expected 2)
doc_8258,too many values to unpack (expected 2)
doc_8259,too many values to unpack (expected 2)
doc_8260,too many values to unpack (expected 2)
doc_8261,too many values to unpack (expected 2)
doc_8262,too many values to unpack (expected 2)
doc_8263,too many values to unpack (expected 2)
doc_8264,too many values to unpack (expected 2)
doc_8265,too many values to unpack (expected 2)
doc_8266,too many values to unpack (expected 2)
doc_8267,too many values to unpack (expected 2)
doc_8268,too many values to unpack (expected 2)
doc_8269,too many values to unpack (expected 2)
doc_8270,too many values to unpack (expected 2)
doc_8271,too many values to unpack (expected 2)
doc_8272,too many values to unpack (expected 2)
doc_8273,too many values to unpack (expected 2)
doc_8274,too many values to unpack (expected 2)
doc_8275,too many values to unpack (expected 2)
doc_8276,too many values to unpack (expected 2)
doc_8277,too many values to unpack (expected 2)
doc_8278,too many values to unpack (expected 2)
doc_8279,too many values to unpack (expected 2)
doc_8280,too many values to unpack (expected 2)
doc_8281,too many values to unpack (expected 2)
doc_8282,too many values to unpack (expected 2)
doc_8283,too many values to unpack (expected 2)
doc_8284,too many values to unpack (expected 2)
doc_8285,too many values to unpack (expected 2)
doc_8286,too many values to unpack (expected 2)
doc_8287,too many values to unpack (expected 2)
doc_8288,too many values to unpack (expected 2)
doc_8289,too many values to unpack (expected 2)
doc_8290,too many values to unpack (expected 2)
doc_8291,too many values to unpack (expected 2)
doc_8292,too many values to unpack (expected 2)
doc_8293,too many values to unpack (expected 2)
doc_8294,too many values to unpack (expected 2)
doc_8295,too many values to unpack (expected 2)
doc_8296,too many values to unpack (expected 2)
doc_8297,too many values to unpack (expected 2)
doc_8298,too many values to unpack (expected 2)
doc_8299,too many values to unpack (expected 2)
doc_8300,too many values to unpack (expected 2)
doc_8301,too many values to unpack (expected 2)
doc_8302,too many values to unpack (expected 2)
doc_8303,too many values to unpack (expected 2)
doc_8304,too many values to unpack (expected 2)
doc_8305,too many values to unpack (expected 2)
doc_8306,too many values to unpack (expected 2)
doc_8307,too many values to unpack (expected 2)
doc_8308,too many values to unpack (expected 2)
doc_8309,too many values to unpack (expected 2)
doc_8310,too many values to unpack (expected 2)
doc_8311,too many values to unpack (expected 2)
doc_8312,too many values to unpack (expected 2)
doc_8313,too many values to unpack (expected 2)
doc_8314,too many values to unpack (expected 2)
doc_8315,too many values to unpack (expected 2)
doc_8316,too many values to unpack (expected 2)
doc_8317,too many values to unpack (expected 2)
doc_8318,too many values to unpack (expected 2)
doc_8319,too many values to unpack (expected 2)
doc_8320,too many values to unpack (expected 2)
doc_8321,too many values to unpack (expected 2)
doc_8322,too many values to unpack (expected 2)
doc_8323,too many values to unpack (expected 2)
doc_8324,too many values to unpack (expected 2)
doc_8325,too many values to unpack (expected 2)
doc_8326,too many values to unpack (expected 2)
doc_8327,too many values to unpack (expected 2)
doc_8328,too many values to unpack (expected 2)
doc_8329,too many values to unpack (expected 2)
doc_8330,too many values to unpack (expected 2)
doc_8331,too many values to unpack (expected 2)
doc_8332,too many values to unpack (expected 2)
doc_8333,too many values to unpack (expected 2)
doc_8334,too many values to unpack (expected 2)
doc_8335,too many values to unpack (expected 2)
doc_8336,too many values to unpack (expected 2)
doc_8337,too many values to unpack (expected 2)
doc_8338,too many values to unpack (expected 2)
doc_8339,too many values to unpack (expected 2)
doc_8340,too many values to unpack (expected 2)
doc_8341,too many values to unpack (expected 2)
doc_8342,too many values to unpack (expected 2)
doc_8343,too many values to unpack (expected 2)
doc_8344,too many values to unpack (expected 2)
doc_8345,too many values to unpack (expected 2)
doc_8346,too many values to unpack (expected 2)
doc_8347,too many values to unpack (expected 2)
doc_8348,too many values to unpack (expected 2)
doc_8349,too many values to unpack (expected 2)
doc_8350,too many values to unpack (expected 2)
doc_8351,too many values to unpack (expected 2)
doc_8352,too many values to unpack (expected 2)
doc_8353,too many values to unpack (expected 2)
doc_8354,too many values to unpack (expected 2)
doc_8355,too many values to unpack (expected 2)
doc_8356,too many values to unpack (expected 2)
doc_8357,too many values to unpack (expected 2)
doc_8358,too many values to unpack (expected 2)
doc_8359,too many values to unpack (expected 2)
doc_8360,too many values to unpack (expected 2)
doc_8361,too many values to unpack (expected 2)
doc_8362,too many values to unpack (expected 2)
doc_8363,too many values to unpack (expected 2)
doc_8364,too many values to unpack (expected 2)
doc_8365,too many values to unpack (expected 2)
doc_8366,too many values to unpack (expected 2)
doc_8367,too many values to unpack (expected 2)
doc_8368,too many values to unpack (expected 2)
doc_8369,too many values to unpack (expected 2)
doc_8370,too many values to unpack (expected 2)
doc_8371,too many values to unpack (expected 2)
doc_8372,too many values to unpack (expected 2)
doc_8373,too many values to unpack (expected 2)
doc_8374,too many values to unpack (expected 2)
doc_8375,too many values to unpack (expected 2)
doc_8376,too many values to unpack (expected 2)
doc_8377,too many values to unpack (expected 2)
doc_8378,too many values to unpack (expected 2)
doc_8379,too many values to unpack (expected 2)
doc_8380,too many values to unpack (expected 2)
doc_8381,too many values to unpack (expected 2)
doc_8382,too many values to unpack (expected 2)
doc_8383,too many values to unpack (expected 2)
doc_8384,too many values to unpack (expected 2)
doc_8385,too many values to unpack (expected 2)
doc_8386,too many values to unpack (expected 2)
doc_8387,too many values to unpack (expected 2)
doc_8388,too many values to unpack (expected 2)
doc_8389,too many values to unpack (expected 2)
doc_8390,too many values to unpack (expected 2)
doc_8391,too many values to unpack (expected 2)
doc_8392,too many values to unpack (expected 2)
doc_8393,too many values to unpack (expected 2)
doc_8394,too many values to unpack (expected 2)
doc_8395,too many values to unpack (expected 2)
doc_8396,too many values to unpack (expected 2)
doc_8397,too many values to unpack (expected 2)
doc_8398,too many values to unpack (expected 2)
doc_8399,too many values to unpack (expected 2)
doc_8400,too many values to unpack (expected 2)
doc_8401,too many values to unpack (expected 2)
doc_8402,too many values to unpack (expected 2)
doc_8403,too many values to unpack (expected 2)
doc_8404,too many values to unpack (expected 2)
doc_8405,too many values to unpack (expected 2)
doc_8406,too many values to unpack (expected 2)
doc_8407,too many values to unpack (expected 2)
doc_8408,too many values to unpack (expected 2)
doc_8409,too many values to unpack (expected 2)
doc_8410,too many values to unpack (expected 2)
doc_8411,too many values to unpack (expected 2)
doc_8412,too many values to unpack (expected 2)
doc_8413,too many values to unpack (expected 2)
doc_8414,too many values to unpack (expected 2)
doc_8415,too many values to unpack (expected 2)
doc_8416,too many values to unpack (expected 2)
doc_8417,too many values to unpack (expected 2)
doc_8418,too many values to unpack (expected 2)
doc_8419,too many values to unpack (expected 2)
doc_8420,too many values to unpack (expected 2)
doc_8421,too many values to unpack (expected 2)
doc_8422,too many values to unpack (expected 2)
doc_8423,too many values to unpack (expected 2)
doc_8424,too many values to unpack (expected 2)
doc_8425,too many values to unpack (expected 2)
doc_8426,too many values to unpack (expected 2)
doc_8427,too many values to unpack (expected 2)
doc_8428,too many values to unpack (expected 2)
doc_8429,too many values to unpack (expected 2)
doc_8430,too many values to unpack (expected 2)
doc_8431,too many values to unpack (expected 2)
doc_8432,too many values to unpack (expected 2)
doc_8433,too many values to unpack (expected 2)
doc_8434,too many values to unpack (expected 2)
doc_8435,too many values to unpack (expected 2)
doc_8436,too many values to unpack (expected 2)
doc_8437,too many values to unpack (expected 2)
doc_8438,too many values to unpack (expected 2)
doc_8439,too many values to unpack (expected 2)
doc_8440,too many values to unpack (expected 2)
doc_8441,too many values to unpack (expected 2)
doc_8442,too many values to unpack (expected 2)
doc_8443,too many values to unpack (expected 2)
doc_8444,too many values to unpack (expected 2)
doc_8445,too many values to unpack (expected 2)
doc_8446,too many values to unpack (expected 2)
doc_8447,too many values to unpack (expected 2)
doc_8448,too many values to unpack (expected 2)
doc_8449,too many values to unpack (expected 2)
doc_8450,too many values to unpack (expected 2)
doc_8451,too many values to unpack (expected 2)
doc_8452,too many values to unpack (expected 2)
doc_8453,too many values to unpack (expected 2)
doc_8454,too many values to unpack (expected 2)
doc_8455,too many values to unpack (expected 2)
doc_8456,too many values to unpack (expected 2)
doc_8457,too many values to unpack (expected 2)
doc_8458,too many values to unpack (expected 2)
doc_8459,too many values to unpack (expected 2)
doc_8460,too many values to unpack (expected 2)
doc_8461,too many values to unpack (expected 2)
doc_8462,too many values to unpack (expected 2)
doc_8463,too many values to unpack (expected 2)
doc_8464,too many values to unpack (expected 2)
doc_8465,too many values to unpack (expected 2)
doc_8466,too many values to unpack (expected 2)
doc_8467,too many values to unpack (expected 2)
doc_8468,too many values to unpack (expected 2)
doc_8469,too many values to unpack (expected 2)
doc_8470,too many values to unpack (expected 2)
doc_8471,too many values to unpack (expected 2)
doc_8472,too many values to unpack (expected 2)
doc_8473,too many values to unpack (expected 2)
doc_8474,too many values to unpack (expected 2)
doc_8475,too many values to unpack (expected 2)
doc_8476,too many values to unpack (expected 2)
doc_8477,too many values to unpack (expected 2)
doc_8478,too many values to unpack (expected 2)
doc_8479,too many values to unpack (expected 2)
doc_8480,too many values to unpack (expected 2)
doc_8481,too many values to unpack (expected 2)
doc_8482,too many values to unpack (expected 2)
doc_8483,too many values to unpack (expected 2)
doc_8484,too many values to unpack (expected 2)
doc_8485,too many values to unpack (expected 2)
doc_8486,too many values to unpack (expected 2)
doc_8487,too many values to unpack (expected 2)
doc_8488,too many values to unpack (expected 2)
doc_8489,too many values to unpack (expected 2)
doc_8490,too many values to unpack (expected 2)
doc_8491,too many values to unpack (expected 2)
doc_8492,too many values to unpack (expected 2)
doc_8493,too many values to unpack (expected 2)
doc_8494,too many values to unpack (expected 2)
doc_8495,too many values to unpack (expected 2)
doc_8496,too many values to unpack (expected 2)
doc_8497,too many values to unpack (expected 2)
doc_8498,too many values to unpack (expected 2)
doc_8499,too many values to unpack (expected 2)
doc_8500,too many values to unpack (expected 2)
doc_8501,too many values to unpack (expected 2)
doc_8502,too many values to unpack (expected 2)
doc_8503,too many values to unpack (expected 2)
doc_8504,too many values to unpack (expected 2)
doc_8505,too many values to unpack (expected 2)
doc_8506,too many values to unpack (expected 2)
doc_8507,too many values to unpack (expected 2)
doc_8508,too many values to unpack (expected 2)
doc_8509,too many values to unpack (expected 2)
doc_8510,too many values to unpack (expected 2)
doc_8511,too many values to unpack (expected 2)
doc_8512,too many values to unpack (expected 2)
doc_8513,too many values to unpack (expected 2)
doc_8514,too many values to unpack (expected 2)
doc_8515,too many values to unpack (expected 2)
doc_8516,too many values to unpack (expected 2)
doc_8517,too many values to unpack (expected 2)
doc_8518,too many values to unpack (expected 2)
doc_8519,too many values to unpack (expected 2)
doc_8520,too many values to unpack (expected 2)
doc_8521,too many values to unpack (expected 2)
doc_8522,too many values to unpack (expected 2)
doc_8523,too many values to unpack (expected 2)
doc_8524,too many values to unpack (expected 2)
doc_8525,too many values to unpack (expected 2)
doc_8526,too many values to unpack (expected 2)
doc_8527,too many values to unpack (expected 2)
doc_8528,too many values to unpack (expected 2)
doc_8529,too many values to unpack (expected 2)
doc_8530,too many values to unpack (expected 2)
doc_8531,too many values to unpack (expected 2)
doc_8532,too many values to unpack (expected 2)
doc_8533,too many values to unpack (expected 2)
doc_8534,too many values to unpack (expected 2)
doc_8535,too many values to unpack (expected 2)
doc_8536,too many values to unpack (expected 2)
doc_8537,too many values to unpack (expected 2)
doc_8538,too many values to unpack (expected 2)
doc_8539,too many values to unpack (expected 2)
doc_8540,too many values to unpack (expected 2)
doc_8541,too many values to unpack (expected 2)
doc_8542,too many values to unpack (expected 2)
doc_8543,too many values to unpack (expected 2)
doc_8544,too many values to unpack (expected 2)
doc_8545,too many values to unpack (expected 2)
doc_8546,too many values to unpack (expected 2)
doc_8547,too many values to unpack (expected 2)
doc_8548,too many values to unpack (expected 2)
doc_8549,too many values to unpack (expected 2)
doc_8550,too many values to unpack (expected 2)
doc_8551,too many values to unpack (expected 2)
doc_8552,too many values to unpack (expected 2)
doc_8553,too many values to unpack (expected 2)
doc_8554,too many values to unpack (expected 2)
doc_8555,too many values to unpack (expected 2)
doc_8556,too many values to unpack (expected 2)
doc_8557,too many values to unpack (expected 2)
doc_8558,too many values to unpack (expected 2)
doc_8559,too many values to unpack (expected 2)
doc_8560,too many values to unpack (expected 2)
doc_8561,too many values to unpack (expected 2)
doc_8562,too many values to unpack (expected 2)
doc_8563,too many values to unpack (expected 2)
doc_8564,too many values to unpack (expected 2)
doc_8565,too many values to unpack (expected 2)
doc_8566,too many values to unpack (expected 2)
doc_8567,too many values to unpack (expected 2)
doc_8568,too many values to unpack (expected 2)
doc_8569,too many values to unpack (expected 2)
doc_8570,too many values to unpack (expected 2)
doc_8571,too many values to unpack (expected 2)
doc_8572,too many values to unpack (expected 2)
doc_8573,too many values to unpack (expected 2)
doc_8574,too many values to unpack (expected 2)
doc_8575,too many values to unpack (expected 2)
doc_8576,too many values to unpack (expected 2)
doc_8577,too many values to unpack (expected 2)
doc_8578,too many values to unpack (expected 2)
doc_8579,too many values to unpack (expected 2)
doc_8580,too many values to unpack (expected 2)
doc_8581,too many values to unpack (expected 2)
doc_8582,too many values to unpack (expected 2)
doc_8583,too many values to unpack (expected 2)
doc_8584,too many values to unpack (expected 2)
doc_8585,too many values to unpack (expected 2)
doc_8586,too many values to unpack (expected 2)
doc_8587,too many values to unpack (expected 2)
doc_8588,too many values to unpack (expected 2)
doc_8589,too many values to unpack (expected 2)
doc_8590,too many values to unpack (expected 2)
doc_8591,too many values to unpack (expected 2)
doc_8592,too many values to unpack (expected 2)
doc_8593,too many values to unpack (expected 2)
doc_8594,too many values to unpack (expected 2)
doc_8595,too many values to unpack (expected 2)
doc_8596,too many values to unpack (expected 2)
doc_8597,too many values to unpack (expected 2)
doc_8598,too many values to unpack (expected 2)
doc_8599,too many values to unpack (expected 2)
doc_8600,too many values to unpack (expected 2)
doc_8601,too many values to unpack (expected 2)
doc_8602,too many values to unpack (expected 2)
doc_8603,too many values to unpack (expected 2)
doc_8604,too many values to unpack (expected 2)
doc_8605,too many values to unpack (expected 2)
doc_8606,too many values to unpack (expected 2)
doc_8607,too many values to unpack (expected 2)
doc_8608,too many values to unpack (expected 2)
doc_8609,too many values to unpack (expected 2)
doc_8610,too many values to unpack (expected 2)
doc_8611,too many values to unpack (expected 2)
doc_8612,too many values to unpack (expected 2)
doc_8613,too many values to unpack (expected 2)
doc_8614,too many values to unpack (expected 2)
doc_8615,too many values to unpack (expected 2)
doc_8616,too many values to unpack (expected 2)
doc_8617,too many values to unpack (expected 2)
doc_8618,too many values to unpack (expected 2)
doc_8619,too many values to unpack (expected 2)
doc_8620,too many values to unpack (expected 2)
doc_8621,too many values to unpack (expected 2)
doc_8622,too many values to unpack (expected 2)
doc_8623,too many values to unpack (expected 2)
doc_8624,too many values to unpack (expected 2)
doc_8625,too many values to unpack (expected 2)
doc_8626,too many values to unpack (expected 2)
doc_8627,too many values to unpack (expected 2)
doc_8628,too many values to unpack (expected 2)
doc_8629,too many values to unpack (expected 2)
doc_8630,too many values to unpack (expected 2)
doc_8631,too many values to unpack (expected 2)
doc_8632,too many values to unpack (expected 2)
doc_8633,too many values to unpack (expected 2)
doc_8634,too many values to unpack (expected 2)
doc_8635,too many values to unpack (expected 2)
doc_8636,too many values to unpack (expected 2)
doc_8637,too many values to unpack (expected 2)
doc_8638,too many values to unpack (expected 2)
doc_8639,too many values to unpack (expected 2)
doc_8640,too many values to unpack (expected 2)
doc_8641,too many values to unpack (expected 2)
doc_8642,too many values to unpack (expected 2)
doc_8643,too many values to unpack (expected 2)
doc_8644,too many values to unpack (expected 2)
doc_8645,too many values to unpack (expected 2)
doc_8646,too many values to unpack (expected 2)
doc_8647,too many values to unpack (expected 2)
doc_8648,too many values to unpack (expected 2)
doc_8649,too many values to unpack (expected 2)
doc_8650,too many values to unpack (expected 2)
doc_8651,too many values to unpack (expected 2)
doc_8652,too many values to unpack (expected 2)
doc_8653,too many values to unpack (expected 2)
doc_8654,too many values to unpack (expected 2)
doc_8655,too many values to unpack (expected 2)
doc_8656,too many values to unpack (expected 2)
doc_8657,too many values to unpack (expected 2)
doc_8658,too many values to unpack (expected 2)
doc_8659,too many values to unpack (expected 2)
doc_8660,too many values to unpack (expected 2)
doc_8661,too many values to unpack (expected 2)
doc_8662,too many values to unpack (expected 2)
doc_8663,too many values to unpack (expected 2)
doc_8664,too many values to unpack (expected 2)
doc_8665,too many values to unpack (expected 2)
doc_8666,too many values to unpack (expected 2)
doc_8667,too many values to unpack (expected 2)
doc_8668,too many values to unpack (expected 2)
doc_8669,too many values to unpack (expected 2)
doc_8670,too many values to unpack (expected 2)
doc_8671,too many values to unpack (expected 2)
doc_8672,too many values to unpack (expected 2)
doc_8673,too many values to unpack (expected 2)
doc_8674,too many values to unpack (expected 2)
doc_8675,too many values to unpack (expected 2)
doc_8676,too many values to unpack (expected 2)
doc_8677,too many values to unpack (expected 2)
doc_8678,too many values to unpack (expected 2)
doc_8679,too many values to unpack (expected 2)
doc_8680,too many values to unpack (expected 2)
doc_8681,too many values to unpack (expected 2)
doc_8682,too many values to unpack (expected 2)
doc_8683,too many values to unpack (expected 2)
doc_8684,too many values to unpack (expected 2)
doc_8685,too many values to unpack (expected 2)
doc_8686,too many values to unpack (expected 2)
doc_8687,too many values to unpack (expected 2)
doc_8688,too many values to unpack (expected 2)
doc_8689,too many values to unpack (expected 2)
doc_8690,too many values to unpack (expected 2)
doc_8691,too many values to unpack (expected 2)
doc_8692,too many values to unpack (expected 2)
doc_8693,too many values to unpack (expected 2)
doc_8694,too many values to unpack (expected 2)
doc_8695,too many values to unpack (expected 2)
doc_8696,too many values to unpack (expected 2)
doc_8697,too many values to unpack (expected 2)
doc_8698,too many values to unpack (expected 2)
doc_8699,too many values to unpack (expected 2)
doc_8700,too many values to unpack (expected 2)
doc_8701,too many values to unpack (expected 2)
doc_8702,too many values to unpack (expected 2)
doc_8703,too many values to unpack (expected 2)
doc_8704,too many values to unpack (expected 2)
doc_8705,too many values to unpack (expected 2)
doc_8706,too many values to unpack (expected 2)
doc_8707,too many values to unpack (expected 2)
doc_8708,too many values to unpack (expected 2)
doc_8709,too many values to unpack (expected 2)
doc_8710,too many values to unpack (expected 2)
doc_8711,too many values to unpack (expected 2)
doc_8712,too many values to unpack (expected 2)
doc_8713,too many values to unpack (expected 2)
doc_8714,too many values to unpack (expected 2)
doc_8715,too many values to unpack (expected 2)
doc_8716,too many values to unpack (expected 2)
doc_8717,too many values to unpack (expected 2)
doc_8718,too many values to unpack (expected 2)
doc_8719,too many values to unpack (expected 2)
doc_8720,too many values to unpack (expected 2)
doc_8721,too many values to unpack (expected 2)
doc_8722,too many values to unpack (expected 2)
doc_8723,too many values to unpack (expected 2)
doc_8724,too many values to unpack (expected 2)
doc_8725,too many values to unpack (expected 2)
doc_8726,too many values to unpack (expected 2)
doc_8727,too many values to unpack (expected 2)
doc_8728,too many values to unpack (expected 2)
doc_8729,too many values to unpack (expected 2)
doc_8730,too many values to unpack (expected 2)
doc_8731,too many values to unpack (expected 2)
doc_8732,too many values to unpack (expected 2)
doc_8733,too many values to unpack (expected 2)
doc_8734,too many values to unpack (expected 2)
doc_8735,too many values to unpack (expected 2)
doc_8736,too many values to unpack (expected 2)
doc_8737,too many values to unpack (expected 2)
doc_8738,too many values to unpack (expected 2)
doc_8739,too many values to unpack (expected 2)
doc_8740,too many values to unpack (expected 2)
doc_8741,too many values to unpack (expected 2)
doc_8742,too many values to unpack (expected 2)
doc_8743,too many values to unpack (expected 2)
doc_8744,too many values to unpack (expected 2)
doc_8745,too many values to unpack (expected 2)
doc_8746,too many values to unpack (expected 2)
doc_8747,too many values to unpack (expected 2)
doc_8748,too many values to unpack (expected 2)
doc_8749,too many values to unpack (expected 2)
doc_8750,too many values to unpack (expected 2)
doc_8751,too many values to unpack (expected 2)
doc_8752,too many values to unpack (expected 2)
doc_8753,too many values to unpack (expected 2)
doc_8754,too many values to unpack (expected 2)
doc_8755,too many values to unpack (expected 2)
doc_8756,too many values to unpack (expected 2)
doc_8757,too many values to unpack (expected 2)
doc_8758,too many values to unpack (expected 2)
doc_8759,too many values to unpack (expected 2)
doc_8760,too many values to unpack (expected 2)
doc_8761,too many values to unpack (expected 2)
doc_8762,too many values to unpack (expected 2)
doc_8763,too many values to unpack (expected 2)
doc_8764,too many values to unpack (expected 2)
doc_8765,too many values to unpack (expected 2)
doc_8766,too many values to unpack (expected 2)
doc_8767,too many values to unpack (expected 2)
doc_8768,too many values to unpack (expected 2)
doc_8769,too many values to unpack (expected 2)
doc_8770,too many values to unpack (expected 2)
doc_8771,too many values to unpack (expected 2)
doc_8772,too many values to unpack (expected 2)
doc_8773,too many values to unpack (expected 2)
doc_8774,too many values to unpack (expected 2)
doc_8775,too many values to unpack (expected 2)
doc_8776,too many values to unpack (expected 2)
doc_8777,too many values to unpack (expected 2)
doc_8778,too many values to unpack (expected 2)
doc_8779,too many values to unpack (expected 2)
doc_8780,too many values to unpack (expected 2)
doc_8781,too many values to unpack (expected 2)
doc_8782,too many values to unpack (expected 2)
doc_8783,too many values to unpack (expected 2)
doc_8784,too many values to unpack (expected 2)
doc_8785,too many values to unpack (expected 2)
doc_8786,too many values to unpack (expected 2)
doc_8787,too many values to unpack (expected 2)
doc_8788,too many values to unpack (expected 2)
doc_8789,too many values to unpack (expected 2)
doc_8790,too many values to unpack (expected 2)
doc_8791,too many values to unpack (expected 2)
doc_8792,too many values to unpack (expected 2)
doc_8793,too many values to unpack (expected 2)
doc_8794,too many values to unpack (expected 2)
doc_8795,too many values to unpack (expected 2)
doc_8796,too many values to unpack (expected 2)
doc_8797,too many values to unpack (expected 2)
doc_8798,too many values to unpack (expected 2)
doc_8799,too many values to unpack (expected 2)
doc_8800,too many values to unpack (expected 2)
doc_8801,too many values to unpack (expected 2)
doc_8802,too many values to unpack (expected 2)
doc_8803,too many values to unpack (expected 2)
doc_8804,too many values to unpack (expected 2)
doc_8805,too many values to unpack (expected 2)
doc_8806,too many values to unpack (expected 2)
doc_8807,too many values to unpack (expected 2)
doc_8808,too many values to unpack (expected 2)
doc_8809,too many values to unpack (expected 2)
doc_8810,too many values to unpack (expected 2)
doc_8811,too many values to unpack (expected 2)
doc_8812,too many values to unpack (expected 2)
doc_8813,too many values to unpack (expected 2)
doc_8814,too many values to unpack (expected 2)
doc_8815,too many values to unpack (expected 2)
doc_8816,too many values to unpack (expected 2)
doc_8817,too many values to unpack (expected 2)
doc_8818,too many values to unpack (expected 2)
doc_8819,too many values to unpack (expected 2)
doc_8820,too many values to unpack (expected 2)
doc_8821,too many values to unpack (expected 2)
doc_8822,too many values to unpack (expected 2)
doc_8823,too many values to unpack (expected 2)
doc_8824,too many values to unpack (expected 2)
doc_8825,too many values to unpack (expected 2)
doc_8826,too many values to unpack (expected 2)
doc_8827,too many values to unpack (expected 2)
doc_8828,too many values to unpack (expected 2)
doc_8829,too many values to unpack (expected 2)
doc_8830,too many values to unpack (expected 2)
doc_8831,too many values to unpack (expected 2)
doc_8832,too many values to unpack (expected 2)
doc_8833,too many values to unpack (expected 2)
doc_8834,too many values to unpack (expected 2)
doc_8835,too many values to unpack (expected 2)
doc_8836,too many values to unpack (expected 2)
doc_8837,too many values to unpack (expected 2)
doc_8838,too many values to unpack (expected 2)
doc_8839,too many values to unpack (expected 2)
doc_8840,too many values to unpack (expected 2)
doc_8841,too many values to unpack (expected 2)
doc_8842,too many values to unpack (expected 2)
doc_8843,too many values to unpack (expected 2)
doc_8844,too many values to unpack (expected 2)
doc_8845,too many values to unpack (expected 2)
doc_8846,too many values to unpack (expected 2)
doc_8847,too many values to unpack (expected 2)
doc_8848,too many values to unpack (expected 2)
doc_8849,too many values to unpack (expected 2)
doc_8850,too many values to unpack (expected 2)
doc_8851,too many values to unpack (expected 2)
doc_8852,too many values to unpack (expected 2)
doc_8853,too many values to unpack (expected 2)
doc_8854,too many values to unpack (expected 2)
doc_8855,too many values to unpack (expected 2)
doc_8856,too many values to unpack (expected 2)
doc_8857,too many values to unpack (expected 2)
doc_8858,too many values to unpack (expected 2)
doc_8859,too many values to unpack (expected 2)
doc_8860,too many values to unpack (expected 2)
doc_8861,too many values to unpack (expected 2)
doc_8862,too many values to unpack (expected 2)
doc_8863,too many values to unpack (expected 2)
doc_8864,too many values to unpack (expected 2)
doc_8865,too many values to unpack (expected 2)
doc_8866,too many values to unpack (expected 2)
doc_8867,too many values to unpack (expected 2)
doc_8868,too many values to unpack (expected 2)
doc_8869,too many values to unpack (expected 2)
doc_8870,too many values to unpack (expected 2)
doc_8871,too many values to unpack (expected 2)
doc_8872,too many values to unpack (expected 2)
doc_8873,too many values to unpack (expected 2)
doc_8874,too many values to unpack (expected 2)
doc_8875,too many values to unpack (expected 2)
doc_8876,too many values to unpack (expected 2)
doc_8877,too many values to unpack (expected 2)
doc_8878,too many values to unpack (expected 2)
doc_8879,too many values to unpack (expected 2)
doc_8880,too many values to unpack (expected 2)
doc_8881,too many values to unpack (expected 2)
doc_8882,too many values to unpack (expected 2)
doc_8883,too many values to unpack (expected 2)
doc_8884,too many values to unpack (expected 2)
doc_8885,too many values to unpack (expected 2)
doc_8886,too many values to unpack (expected 2)
doc_8887,too many values to unpack (expected 2)
doc_8888,too many values to unpack (expected 2)
doc_8889,too many values to unpack (expected 2)
doc_8890,too many values to unpack (expected 2)
doc_8891,too many values to unpack (expected 2)
doc_8892,too many values to unpack (expected 2)
doc_8893,too many values to unpack (expected 2)
doc_8894,too many values to unpack (expected 2)
doc_8895,too many values to unpack (expected 2)
doc_8896,too many values to unpack (expected 2)
doc_8897,too many values to unpack (expected 2)
doc_8898,too many values to unpack (expected 2)
doc_8899,too many values to unpack (expected 2)
doc_8900,too many values to unpack (expected 2)
doc_8901,too many values to unpack (expected 2)
doc_8902,too many values to unpack (expected 2)
doc_8903,too many values to unpack (expected 2)
doc_8904,too many values to unpack (expected 2)
doc_8905,too many values to unpack (expected 2)
doc_8906,too many values to unpack (expected 2)
doc_8907,too many values to unpack (expected 2)
doc_8908,too many values to unpack (expected 2)
doc_8909,too many values to unpack (expected 2)
doc_8910,too many values to unpack (expected 2)
doc_8911,too many values to unpack (expected 2)
doc_8912,too many values to unpack (expected 2)
doc_8913,too many values to unpack (expected 2)
doc_8914,too many values to unpack (expected 2)
doc_8915,too many values to unpack (expected 2)
doc_8916,too many values to unpack (expected 2)
doc_8917,too many values to unpack (expected 2)
doc_8918,too many values to unpack (expected 2)
doc_8919,too many values to unpack (expected 2)
doc_8920,too many values to unpack (expected 2)
doc_8921,too many values to unpack (expected 2)
doc_8922,too many values to unpack (expected 2)
doc_8923,too many values to unpack (expected 2)
doc_8924,too many values to unpack (expected 2)
doc_8925,too many values to unpack (expected 2)
doc_8926,too many values to unpack (expected 2)
doc_8927,too many values to unpack (expected 2)
doc_8928,too many values to unpack (expected 2)
doc_8929,too many values to unpack (expected 2)
doc_8930,too many values to unpack (expected 2)
doc_8931,too many values to unpack (expected 2)
doc_8932,too many values to unpack (expected 2)
doc_8933,too many values to unpack (expected 2)
doc_8934,too many values to unpack (expected 2)
doc_8935,too many values to unpack (expected 2)
doc_8936,too many values to unpack (expected 2)
doc_8937,too many values to unpack (expected 2)
doc_8938,too many values to unpack (expected 2)
doc_8939,too many values to unpack (expected 2)
doc_8940,too many values to unpack (expected 2)
doc_8941,too many values to unpack (expected 2)
doc_8942,too many values to unpack (expected 2)
doc_8943,too many values to unpack (expected 2)
doc_8944,too many values to unpack (expected 2)
doc_8945,too many values to unpack (expected 2)
doc_8946,too many values to unpack (expected 2)
doc_8947,too many values to unpack (expected 2)
doc_8948,too many values to unpack (expected 2)
doc_8949,too many values to unpack (expected 2)
doc_8950,too many values to unpack (expected 2)
doc_8951,too many values to unpack (expected 2)
doc_8952,too many values to unpack (expected 2)
doc_8953,too many values to unpack (expected 2)
doc_8954,too many values to unpack (expected 2)
doc_8955,too many values to unpack (expected 2)
doc_8956,too many values to unpack (expected 2)
doc_8957,too many values to unpack (expected 2)
doc_8958,too many values to unpack (expected 2)
doc_8959,too many values to unpack (expected 2)
doc_8960,too many values to unpack (expected 2)
doc_8961,too many values to unpack (expected 2)
doc_8962,too many values to unpack (expected 2)
doc_8963,too many values to unpack (expected 2)
doc_8964,too many values to unpack (expected 2)
doc_8965,too many values to unpack (expected 2)
doc_8966,too many values to unpack (expected 2)
doc_8967,too many values to unpack (expected 2)
doc_8968,too many values to unpack (expected 2)
doc_8969,too many values to unpack (expected 2)
doc_8970,too many values to unpack (expected 2)
doc_8971,too many values to unpack (expected 2)
doc_8972,too many values to unpack (expected 2)
doc_8973,too many values to unpack (expected 2)
doc_8974,too many values to unpack (expected 2)
doc_8975,too many values to unpack (expected 2)
doc_8976,too many values to unpack (expected 2)
doc_8977,too many values to unpack (expected 2)
doc_8978,too many values to unpack (expected 2)
doc_8979,too many values to unpack (expected 2)
doc_8980,too many values to unpack (expected 2)
doc_8981,too many values to unpack (expected 2)
doc_8982,too many values to unpack (expected 2)
doc_8983,too many values to unpack (expected 2)
doc_8984,too many values to unpack (expected 2)
doc_8985,too many values to unpack (expected 2)
doc_8986,too many values to unpack (expected 2)
doc_8987,too many values to unpack (expected 2)
doc_8988,too many values to unpack (expected 2)
doc_8989,too many values to unpack (expected 2)
doc_8990,too many values to unpack (expected 2)
doc_8991,too many values to unpack (expected 2)
doc_8992,too many values to unpack (expected 2)
doc_8993,too many values to unpack (expected 2)
doc_8994,too many values to unpack (expected 2)
doc_8995,too many values to unpack (expected 2)
doc_8996,too many values to unpack (expected 2)
doc_8997,too many values to unpack (expected 2)
doc_8998,too many values to unpack (expected 2)
doc_8999,too many values to unpack (expected 2)
doc_9000,too many values to unpack (expected 2)
doc_9001,too many values to unpack (expected 2)
doc_9002,too many values to unpack (expected 2)
doc_9003,too many values to unpack (expected 2)
doc_9004,too many values to unpack (expected 2)
doc_9005,too many values to unpack (expected 2)
doc_9006,too many values to unpack (expected 2)
doc_9007,too many values to unpack (expected 2)
doc_9008,too many values to unpack (expected 2)
doc_9009,too many values to unpack (expected 2)
doc_9010,too many values to unpack (expected 2)
doc_9011,too many values to unpack (expected 2)
doc_9012,too many values to unpack (expected 2)
doc_9013,too many values to unpack (expected 2)
doc_9014,too many values to unpack (expected 2)
doc_9015,too many values to unpack (expected 2)
doc_9016,too many values to unpack (expected 2)
doc_9017,too many values to unpack (expected 2)
doc_9018,too many values to unpack (expected 2)
doc_9019,too many values to unpack (expected 2)
doc_9020,too many values to unpack (expected 2)
doc_9021,too many values to unpack (expected 2)
doc_9022,too many values to unpack (expected 2)
doc_9023,too many values to unpack (expected 2)
doc_9024,too many values to unpack (expected 2)
doc_9025,too many values to unpack (expected 2)
doc_9026,too many values to unpack (expected 2)
doc_9027,too many values to unpack (expected 2)
doc_9028,too many values to unpack (expected 2)
doc_9029,too many values to unpack (expected 2)
doc_9030,too many values to unpack (expected 2)
doc_9031,too many values to unpack (expected 2)
doc_9032,too many values to unpack (expected 2)
doc_9033,too many values to unpack (expected 2)
doc_9034,too many values to unpack (expected 2)
doc_9035,too many values to unpack (expected 2)
doc_9036,too many values to unpack (expected 2)
doc_9037,too many values to unpack (expected 2)
doc_9038,too many values to unpack (expected 2)
doc_9039,too many values to unpack (expected 2)
doc_9040,too many values to unpack (expected 2)
doc_9041,too many values to unpack (expected 2)
doc_9042,too many values to unpack (expected 2)
doc_9043,too many values to unpack (expected 2)
doc_9044,too many values to unpack (expected 2)
doc_9045,too many values to unpack (expected 2)
doc_9046,too many values to unpack (expected 2)
doc_9047,too many values to unpack (expected 2)
doc_9048,too many values to unpack (expected 2)
doc_9049,too many values to unpack (expected 2)
doc_9050,too many values to unpack (expected 2)
doc_9051,too many values to unpack (expected 2)
doc_9052,too many values to unpack (expected 2)
doc_9053,too many values to unpack (expected 2)
doc_9054,too many values to unpack (expected 2)
doc_9055,too many values to unpack (expected 2)
doc_9056,too many values to unpack (expected 2)
doc_9057,too many values to unpack (expected 2)
doc_9058,too many values to unpack (expected 2)
doc_9059,too many values to unpack (expected 2)
doc_9060,too many values to unpack (expected 2)
doc_9061,too many values to unpack (expected 2)
doc_9062,too many values to unpack (expected 2)
doc_9063,too many values to unpack (expected 2)
doc_9064,too many values to unpack (expected 2)
doc_9065,too many values to unpack (expected 2)
doc_9066,too many values to unpack (expected 2)
doc_9067,too many values to unpack (expected 2)
doc_9068,too many values to unpack (expected 2)
doc_9069,too many values to unpack (expected 2)
doc_9070,too many values to unpack (expected 2)
doc_9071,too many values to unpack (expected 2)
doc_9072,too many values to unpack (expected 2)
doc_9073,too many values to unpack (expected 2)
doc_9074,too many values to unpack (expected 2)
doc_9075,too many values to unpack (expected 2)
doc_9076,too many values to unpack (expected 2)
doc_9077,too many values to unpack (expected 2)
doc_9078,too many values to unpack (expected 2)
doc_9079,too many values to unpack (expected 2)
doc_9080,too many values to unpack (expected 2)
doc_9081,too many values to unpack (expected 2)
doc_9082,too many values to unpack (expected 2)
doc_9083,too many values to unpack (expected 2)
doc_9084,too many values to unpack (expected 2)
doc_9085,too many values to unpack (expected 2)
doc_9086,too many values to unpack (expected 2)
doc_9087,too many values to unpack (expected 2)
doc_9088,too many values to unpack (expected 2)
doc_9089,too many values to unpack (expected 2)
doc_9090,too many values to unpack (expected 2)
doc_9091,too many values to unpack (expected 2)
doc_9092,too many values to unpack (expected 2)
doc_9093,too many values to unpack (expected 2)
doc_9094,too many values to unpack (expected 2)
doc_9095,too many values to unpack (expected 2)
doc_9096,too many values to unpack (expected 2)
doc_9097,too many values to unpack (expected 2)
doc_9098,too many values to unpack (expected 2)
doc_9099,too many values to unpack (expected 2)
doc_9100,too many values to unpack (expected 2)
doc_9101,too many values to unpack (expected 2)
doc_9102,too many values to unpack (expected 2)
doc_9103,too many values to unpack (expected 2)
doc_9104,too many values to unpack (expected 2)
doc_9105,too many values to unpack (expected 2)
doc_9106,too many values to unpack (expected 2)
doc_9107,too many values to unpack (expected 2)
doc_9108,too many values to unpack (expected 2)
doc_9109,too many values to unpack (expected 2)
doc_9110,too many values to unpack (expected 2)
doc_9111,too many values to unpack (expected 2)
doc_9112,too many values to unpack (expected 2)
doc_9113,too many values to unpack (expected 2)
doc_9114,too many values to unpack (expected 2)
doc_9115,too many values to unpack (expected 2)
doc_9116,too many values to unpack (expected 2)
doc_9117,too many values to unpack (expected 2)
doc_9118,too many values to unpack (expected 2)
doc_9120,too many values to unpack (expected 2)
doc_9121,too many values to unpack (expected 2)
doc_9122,too many values to unpack (expected 2)
doc_9123,too many values to unpack (expected 2)
doc_9124,too many values to unpack (expected 2)
doc_9125,too many values to unpack (expected 2)
doc_9126,too many values to unpack (expected 2)
doc_9127,too many values to unpack (expected 2)
doc_9128,too many values to unpack (expected 2)
doc_9129,too many values to unpack (expected 2)
doc_9130,too many values to unpack (expected 2)
doc_9131,too many values to unpack (expected 2)
doc_9132,too many values to unpack (expected 2)
doc_9133,too many values to unpack (expected 2)
doc_9134,too many values to unpack (expected 2)
doc_9135,too many values to unpack (expected 2)
doc_9136,too many values to unpack (expected 2)
doc_9137,too many values to unpack (expected 2)
doc_9138,too many values to unpack (expected 2)
doc_9139,too many values to unpack (expected 2)
doc_9140,too many values to unpack (expected 2)
doc_9141,too many values to unpack (expected 2)
doc_9142,too many values to unpack (expected 2)
doc_9143,too many values to unpack (expected 2)
doc_9144,too many values to unpack (expected 2)
doc_9145,too many values to unpack (expected 2)
doc_9146,too many values to unpack (expected 2)
doc_9147,too many values to unpack (expected 2)
doc_9148,too many values to unpack (expected 2)
doc_9149,too many values to unpack (expected 2)
doc_9150,too many values to unpack (expected 2)
doc_9151,too many values to unpack (expected 2)
doc_9152,too many values to unpack (expected 2)
doc_9153,too many values to unpack (expected 2)
doc_9154,too many values to unpack (expected 2)
doc_9155,too many values to unpack (expected 2)
doc_9156,too many values to unpack (expected 2)
doc_9157,too many values to unpack (expected 2)
doc_9158,too many values to unpack (expected 2)
doc_9159,too many values to unpack (expected 2)
doc_9160,too many values to unpack (expected 2)
doc_9161,too many values to unpack (expected 2)
doc_9162,too many values to unpack (expected 2)
doc_9163,too many values to unpack (expected 2)
doc_9164,too many values to unpack (expected 2)
doc_9165,too many values to unpack (expected 2)
doc_9166,too many values to unpack (expected 2)
doc_9167,too many values to unpack (expected 2)
doc_9168,too many values to unpack (expected 2)
doc_9169,too many values to unpack (expected 2)
doc_9170,too many values to unpack (expected 2)
doc_9171,too many values to unpack (expected 2)
doc_9172,too many values to unpack (expected 2)
doc_9173,too many values to unpack (expected 2)
doc_9174,too many values to unpack (expected 2)
doc_9175,too many values to unpack (expected 2)
doc_9176,too many values to unpack (expected 2)
doc_9177,too many values to unpack (expected 2)
doc_9178,too many values to unpack (expected 2)
doc_9179,too many values to unpack (expected 2)
doc_9180,too many values to unpack (expected 2)
doc_9181,too many values to unpack (expected 2)
doc_9182,too many values to unpack (expected 2)
doc_9183,too many values to unpack (expected 2)
doc_9184,too many values to unpack (expected 2)
doc_9185,too many values to unpack (expected 2)
doc_9186,too many values to unpack (expected 2)
doc_9187,too many values to unpack (expected 2)
doc_9188,too many values to unpack (expected 2)
doc_9189,too many values to unpack (expected 2)
doc_9190,too many values to unpack (expected 2)
doc_9191,too many values to unpack (expected 2)
doc_9192,too many values to unpack (expected 2)
doc_9193,too many values to unpack (expected 2)
doc_9194,too many values to unpack (expected 2)
doc_9195,too many values to unpack (expected 2)
doc_9196,too many values to unpack (expected 2)
doc_9197,too many values to unpack (expected 2)
doc_9198,too many values to unpack (expected 2)
doc_9199,too many values to unpack (expected 2)
doc_9200,too many values to unpack (expected 2)
doc_9201,too many values to unpack (expected 2)
doc_9202,too many values to unpack (expected 2)
doc_9203,too many values to unpack (expected 2)
doc_9204,too many values to unpack (expected 2)
doc_9205,too many values to unpack (expected 2)
doc_9206,too many values to unpack (expected 2)
doc_9207,too many values to unpack (expected 2)
doc_9208,too many values to unpack (expected 2)
doc_9209,too many values to unpack (expected 2)
doc_9210,too many values to unpack (expected 2)
doc_9211,too many values to unpack (expected 2)
doc_9212,too many values to unpack (expected 2)
doc_9213,too many values to unpack (expected 2)
doc_9214,too many values to unpack (expected 2)
doc_9215,too many values to unpack (expected 2)
doc_9216,too many values to unpack (expected 2)
doc_9217,too many values to unpack (expected 2)
doc_9218,too many values to unpack (expected 2)
doc_9219,too many values to unpack (expected 2)
doc_9220,too many values to unpack (expected 2)
doc_9221,too many values to unpack (expected 2)
doc_9222,too many values to unpack (expected 2)
doc_9223,too many values to unpack (expected 2)
doc_9224,too many values to unpack (expected 2)
doc_9225,too many values to unpack (expected 2)
doc_9226,too many values to unpack (expected 2)
doc_9227,too many values to unpack (expected 2)
doc_9228,too many values to unpack (expected 2)
doc_9229,too many values to unpack (expected 2)
doc_9230,too many values to unpack (expected 2)
doc_9231,too many values to unpack (expected 2)
doc_9232,too many values to unpack (expected 2)
doc_9233,too many values to unpack (expected 2)
doc_9234,too many values to unpack (expected 2)
doc_9235,too many values to unpack (expected 2)
doc_9236,too many values to unpack (expected 2)
doc_9237,too many values to unpack (expected 2)
doc_9238,too many values to unpack (expected 2)
doc_9239,too many values to unpack (expected 2)
doc_9240,too many values to unpack (expected 2)
doc_9241,too many values to unpack (expected 2)
doc_9242,too many values to unpack (expected 2)
doc_9243,too many values to unpack (expected 2)
doc_9244,too many values to unpack (expected 2)
doc_9245,too many values to unpack (expected 2)
doc_9246,too many values to unpack (expected 2)
doc_9247,too many values to unpack (expected 2)
doc_9248,too many values to unpack (expected 2)
doc_9249,too many values to unpack (expected 2)
doc_9250,too many values to unpack (expected 2)
doc_9251,too many values to unpack (expected 2)
doc_9252,too many values to unpack (expected 2)
doc_9253,too many values to unpack (expected 2)
doc_9254,too many values to unpack (expected 2)
doc_9255,too many values to unpack (expected 2)
doc_9256,too many values to unpack (expected 2)
doc_9257,too many values to unpack (expected 2)
doc_9258,too many values to unpack (expected 2)
doc_9259,too many values to unpack (expected 2)
doc_9260,too many values to unpack (expected 2)
doc_9261,too many values to unpack (expected 2)
doc_9262,too many values to unpack (expected 2)
doc_9263,too many values to unpack (expected 2)
doc_9264,too many values to unpack (expected 2)
doc_9265,too many values to unpack (expected 2)
doc_9266,too many values to unpack (expected 2)
doc_9267,too many values to unpack (expected 2)
doc_9268,too many values to unpack (expected 2)
doc_9269,too many values to unpack (expected 2)
doc_9270,too many values to unpack (expected 2)
doc_9271,too many values to unpack (expected 2)
doc_9272,too many values to unpack (expected 2)
doc_9273,too many values to unpack (expected 2)
doc_9274,too many values to unpack (expected 2)
doc_9275,too many values to unpack (expected 2)
doc_9276,too many values to unpack (expected 2)
doc_9277,too many values to unpack (expected 2)
doc_9278,too many values to unpack (expected 2)
doc_9279,too many values to unpack (expected 2)
doc_9280,too many values to unpack (expected 2)
doc_9281,too many values to unpack (expected 2)
doc_9282,too many values to unpack (expected 2)
doc_9283,too many values to unpack (expected 2)
doc_9284,too many values to unpack (expected 2)
doc_9285,too many values to unpack (expected 2)
doc_9286,too many values to unpack (expected 2)
doc_9287,too many values to unpack (expected 2)
doc_9288,too many values to unpack (expected 2)
doc_9289,too many values to unpack (expected 2)
doc_9290,too many values to unpack (expected 2)
doc_9291,too many values to unpack (expected 2)
doc_9292,too many values to unpack (expected 2)
doc_9293,too many values to unpack (expected 2)
doc_9294,too many values to unpack (expected 2)
doc_9295,too many values to unpack (expected 2)
doc_9296,too many values to unpack (expected 2)
doc_9297,too many values to unpack (expected 2)
doc_9298,too many values to unpack (expected 2)
doc_9299,too many values to unpack (expected 2)
doc_9300,too many values to unpack (expected 2)
doc_9301,too many values to unpack (expected 2)
doc_9302,too many values to unpack (expected 2)
doc_9303,too many values to unpack (expected 2)
doc_9304,too many values to unpack (expected 2)
doc_9305,too many values to unpack (expected 2)
doc_9306,too many values to unpack (expected 2)
doc_9307,too many values to unpack (expected 2)
doc_9308,too many values to unpack (expected 2)
doc_9309,too many values to unpack (expected 2)
doc_9310,too many values to unpack (expected 2)
doc_9311,too many values to unpack (expected 2)
doc_9312,too many values to unpack (expected 2)
doc_9313,too many values to unpack (expected 2)
doc_9314,too many values to unpack (expected 2)
doc_9315,too many values to unpack (expected 2)
doc_9316,too many values to unpack (expected 2)
doc_9317,too many values to unpack (expected 2)
doc_9318,too many values to unpack (expected 2)
doc_9319,too many values to unpack (expected 2)
doc_9320,too many values to unpack (expected 2)
doc_9321,too many values to unpack (expected 2)
doc_9322,too many values to unpack (expected 2)
doc_9323,too many values to unpack (expected 2)
doc_9324,too many values to unpack (expected 2)
doc_9325,too many values to unpack (expected 2)
doc_9326,too many values to unpack (expected 2)
doc_9327,too many values to unpack (expected 2)
doc_9328,too many values to unpack (expected 2)
doc_9329,too many values to unpack (expected 2)
doc_9330,too many values to unpack (expected 2)
doc_9331,too many values to unpack (expected 2)
doc_9332,too many values to unpack (expected 2)
doc_9333,too many values to unpack (expected 2)
doc_9334,too many values to unpack (expected 2)
doc_9335,too many values to unpack (expected 2)
doc_9336,too many values to unpack (expected 2)
doc_9337,too many values to unpack (expected 2)
doc_9338,too many values to unpack (expected 2)
doc_9339,too many values to unpack (expected 2)
doc_9340,too many values to unpack (expected 2)
doc_9341,too many values to unpack (expected 2)
doc_9342,too many values to unpack (expected 2)
doc_9343,too many values to unpack (expected 2)
doc_9344,too many values to unpack (expected 2)
doc_9345,too many values to unpack (expected 2)
doc_9346,too many values to unpack (expected 2)
doc_9347,too many values to unpack (expected 2)
doc_9348,too many values to unpack (expected 2)
doc_9349,too many values to unpack (expected 2)
doc_9350,too many values to unpack (expected 2)
doc_9351,too many values to unpack (expected 2)
doc_9352,too many values to unpack (expected 2)
doc_9353,too many values to unpack (expected 2)
doc_9354,too many values to unpack (expected 2)
doc_9355,too many values to unpack (expected 2)
doc_9356,too many values to unpack (expected 2)
doc_9357,too many values to unpack (expected 2)
doc_9358,too many values to unpack (expected 2)
doc_9359,too many values to unpack (expected 2)
doc_9360,too many values to unpack (expected 2)
doc_9361,too many values to unpack (expected 2)
doc_9362,too many values to unpack (expected 2)
doc_9363,too many values to unpack (expected 2)
doc_9364,too many values to unpack (expected 2)
doc_9365,too many values to unpack (expected 2)
doc_9366,too many values to unpack (expected 2)
doc_9367,too many values to unpack (expected 2)
doc_9368,too many values to unpack (expected 2)
doc_9369,too many values to unpack (expected 2)
doc_9370,too many values to unpack (expected 2)
doc_9371,too many values to unpack (expected 2)
doc_9372,too many values to unpack (expected 2)
doc_9373,too many values to unpack (expected 2)
doc_9374,too many values to unpack (expected 2)
doc_9375,too many values to unpack (expected 2)
doc_9376,too many values to unpack (expected 2)
doc_9377,too many values to unpack (expected 2)
doc_9378,too many values to unpack (expected 2)
doc_9379,too many values to unpack (expected 2)
doc_9380,too many values to unpack (expected 2)
doc_9381,too many values to unpack (expected 2)
doc_9382,too many values to unpack (expected 2)
doc_9383,too many values to unpack (expected 2)
doc_9384,too many values to unpack (expected 2)
doc_9385,too many values to unpack (expected 2)
doc_9386,too many values to unpack (expected 2)
doc_9387,too many values to unpack (expected 2)
doc_9388,too many values to unpack (expected 2)
doc_9389,too many values to unpack (expected 2)
doc_9390,too many values to unpack (expected 2)
doc_9391,too many values to unpack (expected 2)
doc_9392,too many values to unpack (expected 2)
doc_9393,too many values to unpack (expected 2)
doc_9394,too many values to unpack (expected 2)
doc_9395,too many values to unpack (expected 2)
doc_9396,too many values to unpack (expected 2)
doc_9397,too many values to unpack (expected 2)
doc_9398,too many values to unpack (expected 2)
doc_9399,too many values to unpack (expected 2)
doc_9400,too many values to unpack (expected 2)
doc_9401,too many values to unpack (expected 2)
doc_9402,too many values to unpack (expected 2)
doc_9403,too many values to unpack (expected 2)
doc_9404,too many values to unpack (expected 2)
doc_9405,too many values to unpack (expected 2)
doc_9406,too many values to unpack (expected 2)
doc_9407,too many values to unpack (expected 2)
doc_9408,too many values to unpack (expected 2)
doc_9409,too many values to unpack (expected 2)
doc_9410,too many values to unpack (expected 2)
doc_9411,too many values to unpack (expected 2)
doc_9412,too many values to unpack (expected 2)
doc_9413,too many values to unpack (expected 2)
doc_9414,too many values to unpack (expected 2)
doc_9415,too many values to unpack (expected 2)
doc_9416,too many values to unpack (expected 2)
doc_9417,too many values to unpack (expected 2)
doc_9418,too many values to unpack (expected 2)
doc_9419,too many values to unpack (expected 2)
doc_9420,too many values to unpack (expected 2)
doc_9421,too many values to unpack (expected 2)
doc_9422,too many values to unpack (expected 2)
doc_9423,too many values to unpack (expected 2)
doc_9424,too many values to unpack (expected 2)
doc_9425,too many values to unpack (expected 2)
doc_9426,too many values to unpack (expected 2)
doc_9427,too many values to unpack (expected 2)
doc_9428,too many values to unpack (expected 2)
doc_9429,too many values to unpack (expected 2)
doc_9430,too many values to unpack (expected 2)
doc_9431,too many values to unpack (expected 2)
doc_9432,too many values to unpack (expected 2)
doc_9433,too many values to unpack (expected 2)
doc_9434,too many values to unpack (expected 2)
doc_9435,too many values to unpack (expected 2)
doc_9436,too many values to unpack (expected 2)
doc_9437,too many values to unpack (expected 2)
doc_9438,too many values to unpack (expected 2)
doc_9439,too many values to unpack (expected 2)
doc_9440,too many values to unpack (expected 2)
doc_9441,too many values to unpack (expected 2)
doc_9442,too many values to unpack (expected 2)
doc_9443,too many values to unpack (expected 2)
doc_9444,too many values to unpack (expected 2)
doc_9445,too many values to unpack (expected 2)
doc_9446,too many values to unpack (expected 2)
doc_9447,too many values to unpack (expected 2)
doc_9448,too many values to unpack (expected 2)
doc_9449,too many values to unpack (expected 2)
doc_9450,too many values to unpack (expected 2)
doc_9451,too many values to unpack (expected 2)
doc_9452,too many values to unpack (expected 2)
doc_9453,too many values to unpack (expected 2)
doc_9454,too many values to unpack (expected 2)
doc_9455,too many values to unpack (expected 2)
doc_9456,too many values to unpack (expected 2)
doc_9457,too many values to unpack (expected 2)
doc_9458,too many values to unpack (expected 2)
doc_9459,too many values to unpack (expected 2)
doc_9460,too many values to unpack (expected 2)
doc_9461,too many values to unpack (expected 2)
doc_9462,too many values to unpack (expected 2)
doc_9463,too many values to unpack (expected 2)
doc_9464,too many values to unpack (expected 2)
doc_9465,too many values to unpack (expected 2)
doc_9466,too many values to unpack (expected 2)
doc_9467,too many values to unpack (expected 2)
doc_9468,too many values to unpack (expected 2)
doc_9469,too many values to unpack (expected 2)
doc_9470,too many values to unpack (expected 2)
doc_9471,too many values to unpack (expected 2)
doc_9472,too many values to unpack (expected 2)
doc_9473,too many values to unpack (expected 2)
doc_9474,too many values to unpack (expected 2)
doc_9475,too many values to unpack (expected 2)
doc_9476,too many values to unpack (expected 2)
doc_9477,too many values to unpack (expected 2)
doc_9478,too many values to unpack (expected 2)
doc_9479,too many values to unpack (expected 2)
doc_9480,too many values to unpack (expected 2)
doc_9481,too many values to unpack (expected 2)
doc_9482,too many values to unpack (expected 2)
doc_9483,too many values to unpack (expected 2)
doc_9484,too many values to unpack (expected 2)
doc_9485,too many values to unpack (expected 2)
doc_9486,too many values to unpack (expected 2)
doc_9487,too many values to unpack (expected 2)
doc_9488,too many values to unpack (expected 2)
doc_9489,too many values to unpack (expected 2)
doc_9490,too many values to unpack (expected 2)
doc_9491,too many values to unpack (expected 2)
doc_9492,too many values to unpack (expected 2)
doc_9493,too many values to unpack (expected 2)
doc_9494,too many values to unpack (expected 2)
doc_9495,too many values to unpack (expected 2)
doc_9496,too many values to unpack (expected 2)
doc_9497,too many values to unpack (expected 2)
doc_9498,too many values to unpack (expected 2)
doc_9499,too many values to unpack (expected 2)
doc_9500,too many values to unpack (expected 2)
doc_9501,too many values to unpack (expected 2)
doc_9502,too many values to unpack (expected 2)
doc_9503,too many values to unpack (expected 2)
doc_9504,too many values to unpack (expected 2)
doc_9505,too many values to unpack (expected 2)
doc_9506,too many values to unpack (expected 2)
doc_9507,too many values to unpack (expected 2)
doc_9508,too many values to unpack (expected 2)
doc_9509,too many values to unpack (expected 2)
doc_9510,too many values to unpack (expected 2)
doc_9511,too many values to unpack (expected 2)
doc_9512,too many values to unpack (expected 2)
doc_9513,too many values to unpack (expected 2)
doc_9514,too many values to unpack (expected 2)
doc_9515,too many values to unpack (expected 2)
doc_9516,too many values to unpack (expected 2)
doc_9517,too many values to unpack (expected 2)
doc_9518,too many values to unpack (expected 2)
doc_9519,too many values to unpack (expected 2)
doc_9520,too many values to unpack (expected 2)
doc_9521,too many values to unpack (expected 2)
doc_9522,too many values to unpack (expected 2)
doc_9523,too many values to unpack (expected 2)
doc_9524,too many values to unpack (expected 2)
doc_9525,too many values to unpack (expected 2)
doc_9526,too many values to unpack (expected 2)
doc_9527,too many values to unpack (expected 2)
doc_9528,too many values to unpack (expected 2)
